model,family,framing,arm,signed_alpha,flip_class,n,behaviour,metric,delta_density,ci_lo,ci_hi
qwen3_4b,steer_actions,fake,baseline_seed1,0.0,gained,6,initializing,density,-0.09916467688349113,-0.2651670903325571,0.06683773656557476
qwen3_4b,steer_actions,fake,baseline_seed1,0.0,gained,6,initializing,density_nontest,-0.07120047106693632,-0.2613885421295701,0.12378326137819651
qwen3_4b,steer_actions,fake,baseline_seed1,0.0,gained,6,initializing,density_testlex,-0.027964205816554812,-0.08389261744966443,0.0
qwen3_4b,steer_actions,fake,baseline_seed1,0.0,gained,6,deduction,density,1.0326040110393213,0.286157566089224,1.8682295781176372
qwen3_4b,steer_actions,fake,baseline_seed1,0.0,gained,6,deduction,density_nontest,1.009805921791743,0.07622411439965604,2.0329745675692634
qwen3_4b,steer_actions,fake,baseline_seed1,0.0,gained,6,deduction,density_testlex,0.022798089247578163,-0.20544185681800356,0.22286772496848528
qwen3_4b,steer_actions,fake,baseline_seed1,0.0,gained,6,adding-knowledge,density,-1.206475067689866,-2.0503984067918695,-0.3043158964239047
qwen3_4b,steer_actions,fake,baseline_seed1,0.0,gained,6,adding-knowledge,density_nontest,-1.2129618346851954,-2.0503984067918695,-0.31080266341923424
qwen3_4b,steer_actions,fake,baseline_seed1,0.0,gained,6,adding-knowledge,density_testlex,0.006486766995329528,0.0,0.019460300985988582
qwen3_4b,steer_actions,fake,baseline_seed1,0.0,gained,6,example-testing,density,0.11534025374855823,0.0,0.3460207612456747
qwen3_4b,steer_actions,fake,baseline_seed1,0.0,gained,6,example-testing,density_nontest,0.11534025374855823,0.0,0.3460207612456747
qwen3_4b,steer_actions,fake,baseline_seed1,0.0,gained,6,example-testing,density_testlex,0.0,0.0,0.0
qwen3_4b,steer_actions,fake,baseline_seed1,0.0,gained,6,uncertainty-estimation,density,0.177884516116402,-0.1301484475180515,0.4329691113176722
qwen3_4b,steer_actions,fake,baseline_seed1,0.0,gained,6,uncertainty-estimation,density_nontest,0.09289372712873108,-0.1755950979700262,0.36677188328662697
qwen3_4b,steer_actions,fake,baseline_seed1,0.0,gained,6,uncertainty-estimation,density_testlex,0.08499078898767086,-0.2615354851943015,0.38358570627387484
qwen3_4b,steer_actions,fake,baseline_seed1,0.0,gained,6,backtracking,density,-0.2981984042081053,-0.6266652643074943,-0.05186910329547888
qwen3_4b,steer_actions,fake,baseline_seed1,0.0,gained,6,backtracking,density_nontest,-0.27023419839155044,-0.5427726468578299,-0.05186910329547888
qwen3_4b,steer_actions,fake,baseline_seed1,0.0,gained,6,backtracking,density_testlex,-0.027964205816554812,-0.08389261744966443,0.0
qwen3_4b,steer_actions,fake,baseline_seed1,0.0,lost,5,initializing,density,0.32950836214043383,0.1574087969906766,0.4726063676932125
qwen3_4b,steer_actions,fake,baseline_seed1,0.0,lost,5,initializing,density_nontest,0.32950836214043383,0.1574087969906766,0.4726063676932125
qwen3_4b,steer_actions,fake,baseline_seed1,0.0,lost,5,initializing,density_testlex,0.0,0.0,0.0
qwen3_4b,steer_actions,fake,baseline_seed1,0.0,lost,5,deduction,density,-0.5155979382626581,-1.770760904859022,0.8500303118537245
qwen3_4b,steer_actions,fake,baseline_seed1,0.0,lost,5,deduction,density_nontest,-0.7289983213974172,-2.13711885792451,0.7373202876687346
qwen3_4b,steer_actions,fake,baseline_seed1,0.0,lost,5,deduction,density_testlex,0.21340038313475893,-0.09961807359603306,0.5385677934665638
qwen3_4b,steer_actions,fake,baseline_seed1,0.0,lost,5,adding-knowledge,density,0.5336626460817346,-0.061370491016145313,1.1228194571135566
qwen3_4b,steer_actions,fake,baseline_seed1,0.0,lost,5,adding-knowledge,density_nontest,0.4649341237449649,-0.20396722878512352,1.1228194571135566
qwen3_4b,steer_actions,fake,baseline_seed1,0.0,lost,5,adding-knowledge,density_testlex,0.06872852233676977,0.0,0.20618556701030927
qwen3_4b,steer_actions,fake,baseline_seed1,0.0,lost,5,example-testing,density,-0.07662835249042146,-0.22988505747126436,0.0
qwen3_4b,steer_actions,fake,baseline_seed1,0.0,lost,5,example-testing,density_nontest,-0.07662835249042146,-0.22988505747126436,0.0
qwen3_4b,steer_actions,fake,baseline_seed1,0.0,lost,5,example-testing,density_testlex,0.0,0.0,0.0
qwen3_4b,steer_actions,fake,baseline_seed1,0.0,lost,5,uncertainty-estimation,density,-0.1996745698276635,-0.8844285866816313,0.3798703325745363
qwen3_4b,steer_actions,fake,baseline_seed1,0.0,lost,5,uncertainty-estimation,density_nontest,-0.23073047044878153,-0.9154844873027492,0.32349116704202974
qwen3_4b,steer_actions,fake,baseline_seed1,0.0,lost,5,uncertainty-estimation,density_testlex,0.03105590062111801,0.0,0.09316770186335403
qwen3_4b,steer_actions,fake,baseline_seed1,0.0,lost,5,backtracking,density,-0.14639029578489549,-0.3597835115076494,0.1305743099767178
qwen3_4b,steer_actions,fake,baseline_seed1,0.0,lost,5,backtracking,density_nontest,-0.14639029578489549,-0.3597835115076494,0.1305743099767178
qwen3_4b,steer_actions,fake,baseline_seed1,0.0,lost,5,backtracking,density_testlex,0.0,0.0,0.0
qwen3_4b,steer_actions,fake,baseline_seed1,0.0,comply_both,119,initializing,density,0.020317794824131687,-0.10150815138540803,0.15066700711597836
qwen3_4b,steer_actions,fake,baseline_seed1,0.0,comply_both,119,initializing,density_nontest,0.017800749683544646,-0.10401453263109488,0.14704953523162587
qwen3_4b,steer_actions,fake,baseline_seed1,0.0,comply_both,119,initializing,density_testlex,0.002517045140587041,0.0,0.006763526995130919
qwen3_4b,steer_actions,fake,baseline_seed1,0.0,comply_both,119,deduction,density,0.267966229024616,0.01660480803402901,0.5431452991120409
qwen3_4b,steer_actions,fake,baseline_seed1,0.0,comply_both,119,deduction,density_nontest,0.28846022283528405,0.03824294085920458,0.5746942531322273
qwen3_4b,steer_actions,fake,baseline_seed1,0.0,comply_both,119,deduction,density_testlex,-0.02049399381066802,-0.07198710710202447,0.032420869590891806
qwen3_4b,steer_actions,fake,baseline_seed1,0.0,comply_both,119,adding-knowledge,density,-0.044584279730712294,-0.23856894989591418,0.1387000178678921
qwen3_4b,steer_actions,fake,baseline_seed1,0.0,comply_both,119,adding-knowledge,density_nontest,-0.038023409382033996,-0.2346597094165185,0.14692350761751316
qwen3_4b,steer_actions,fake,baseline_seed1,0.0,comply_both,119,adding-knowledge,density_testlex,-0.006560870348678303,-0.022859451903819775,0.009667963602210143
qwen3_4b,steer_actions,fake,baseline_seed1,0.0,comply_both,119,example-testing,density,-0.029703937205951825,-0.15165383114900904,0.0879011793049024
qwen3_4b,steer_actions,fake,baseline_seed1,0.0,comply_both,119,example-testing,density_nontest,-0.02522214448886499,-0.14856186772179336,0.09267544905248107
qwen3_4b,steer_actions,fake,baseline_seed1,0.0,comply_both,119,example-testing,density_testlex,-0.004481792717086834,-0.013445378151260505,0.0
qwen3_4b,steer_actions,fake,baseline_seed1,0.0,comply_both,119,uncertainty-estimation,density,0.04101411785241499,-0.09925417273412625,0.17427832888128042
qwen3_4b,steer_actions,fake,baseline_seed1,0.0,comply_both,119,uncertainty-estimation,density_nontest,0.013605454567564835,-0.11256935944817867,0.14711853649588175
qwen3_4b,steer_actions,fake,baseline_seed1,0.0,comply_both,119,uncertainty-estimation,density_testlex,0.027408663284850168,-0.012216892987816577,0.06786962827884874
qwen3_4b,steer_actions,fake,baseline_seed1,0.0,comply_both,119,backtracking,density,0.02529338049320308,-0.03683468576049049,0.08798863427787888
qwen3_4b,steer_actions,fake,baseline_seed1,0.0,comply_both,119,backtracking,density_nontest,0.026764265859175775,-0.03676900688297614,0.08877837179256552
qwen3_4b,steer_actions,fake,baseline_seed1,0.0,comply_both,119,backtracking,density_testlex,-0.0014708853659726958,-0.00816408896320106,0.005192832752853782
qwen3_4b,steer_actions,fake,baseline_seed1,0.0,refuse_both,11,initializing,density,0.20049199210055563,-0.1695407413767872,0.6689032459990752
qwen3_4b,steer_actions,fake,baseline_seed1,0.0,refuse_both,11,initializing,density_nontest,0.18001697162553512,-0.1695407413767872,0.6074781845740139
qwen3_4b,steer_actions,fake,baseline_seed1,0.0,refuse_both,11,initializing,density_testlex,0.020475020475020474,0.0,0.06142506142506143
qwen3_4b,steer_actions,fake,baseline_seed1,0.0,refuse_both,11,deduction,density,0.3965710736751008,-0.29718000428392954,1.0760860763848656
qwen3_4b,steer_actions,fake,baseline_seed1,0.0,refuse_both,11,deduction,density_nontest,0.5146136240928161,-0.2486676991242997,1.229343382221551
qwen3_4b,steer_actions,fake,baseline_seed1,0.0,refuse_both,11,deduction,density_testlex,-0.11804255041771516,-0.3122338498910333,0.05977853367680192
qwen3_4b,steer_actions,fake,baseline_seed1,0.0,refuse_both,11,adding-knowledge,density,-0.22671216348437692,-0.7442263676409885,0.293768494623562
qwen3_4b,steer_actions,fake,baseline_seed1,0.0,refuse_both,11,adding-knowledge,density_nontest,-0.16806113709141507,-0.7184471016877977,0.37489462783920563
qwen3_4b,steer_actions,fake,baseline_seed1,0.0,refuse_both,11,adding-knowledge,density_testlex,-0.05865102639296187,-0.17595307917888564,0.0
qwen3_4b,steer_actions,fake,baseline_seed1,0.0,refuse_both,11,example-testing,density,0.03607503607503607,0.0,0.10822510822510822
qwen3_4b,steer_actions,fake,baseline_seed1,0.0,refuse_both,11,example-testing,density_nontest,0.03607503607503607,0.0,0.10822510822510822
qwen3_4b,steer_actions,fake,baseline_seed1,0.0,refuse_both,11,example-testing,density_testlex,0.0,0.0,0.0
qwen3_4b,steer_actions,fake,baseline_seed1,0.0,refuse_both,11,uncertainty-estimation,density,-0.019288639835373936,-0.36231770340902836,0.31667747554358494
qwen3_4b,steer_actions,fake,baseline_seed1,0.0,refuse_both,11,uncertainty-estimation,density_nontest,-0.021647340622981313,-0.2630214579555818,0.22523709868093106
qwen3_4b,steer_actions,fake,baseline_seed1,0.0,refuse_both,11,uncertainty-estimation,density_testlex,0.00235870078760738,-0.18504717175100238,0.18976457332621716
qwen3_4b,steer_actions,fake,baseline_seed1,0.0,refuse_both,11,backtracking,density,0.03310254760550728,-0.30460460742043055,0.37353804176355154
qwen3_4b,steer_actions,fake,baseline_seed1,0.0,refuse_both,11,backtracking,density_nontest,0.0126275271304868,-0.30460460742043055,0.31399447648867906
qwen3_4b,steer_actions,fake,baseline_seed1,0.0,refuse_both,11,backtracking,density_testlex,0.020475020475020474,0.0,0.06142506142506143
qwen3_4b,steer_actions,fake,baseline_seed1,0.0,same,130,initializing,density,0.03556330382444448,-0.08473477565944779,0.15733315276332352
qwen3_4b,steer_actions,fake,baseline_seed1,0.0,same,130,initializing,density_nontest,0.031526737694020764,-0.08820967853842696,0.152054059489182
qwen3_4b,steer_actions,fake,baseline_seed1,0.0,same,130,initializing,density_testlex,0.004036566130423716,0.0,0.009656232022084845
qwen3_4b,steer_actions,fake,baseline_seed1,0.0,same,130,deduction,density,0.27884817741811857,0.03206121068993331,0.541899574659268
qwen3_4b,steer_actions,fake,baseline_seed1,0.0,same,130,deduction,density_nontest,0.30759627986476756,0.0567036020881686,0.5759865921065905
qwen3_4b,steer_actions,fake,baseline_seed1,0.0,same,130,deduction,density_testlex,-0.02874810244664894,-0.07825322375512347,0.020857283794967485
qwen3_4b,steer_actions,fake,baseline_seed1,0.0,same,130,adding-knowledge,density,-0.0599951006637147,-0.24676307767054925,0.11889727292016011
qwen3_4b,steer_actions,fake,baseline_seed1,0.0,same,130,adding-knowledge,density_nontest,-0.04902660172667393,-0.23697332454939057,0.13199131509084364
qwen3_4b,steer_actions,fake,baseline_seed1,0.0,same,130,adding-knowledge,density_testlex,-0.01096849893704076,-0.03005702907592746,0.0047779761784526
qwen3_4b,steer_actions,fake,baseline_seed1,0.0,same,130,example-testing,density,-0.024138024082175927,-0.13459090242678404,0.08403760358406905
qwen3_4b,steer_actions,fake,baseline_seed1,0.0,same,130,example-testing,density_nontest,-0.020035459979611814,-0.12980269464006242,0.08850452049511702
qwen3_4b,steer_actions,fake,baseline_seed1,0.0,same,130,example-testing,density_testlex,-0.0041025641025641026,-0.012307692307692308,0.0
qwen3_4b,steer_actions,fake,baseline_seed1,0.0,same,130,uncertainty-estimation,density,0.03591157681729439,-0.09970105703210888,0.1521763696367109
qwen3_4b,steer_actions,fake,baseline_seed1,0.0,same,130,uncertainty-estimation,density_nontest,0.010622525743749374,-0.1194372008238293,0.12732414895026195
qwen3_4b,steer_actions,fake,baseline_seed1,0.0,same,130,uncertainty-estimation,density_testlex,0.025289051073545003,-0.012998108352602537,0.06490120820961945
qwen3_4b,steer_actions,fake,baseline_seed1,0.0,same,130,backtracking,density,0.025954156171936513,-0.03872237576198736,0.09089483116793333
qwen3_4b,steer_actions,fake,baseline_seed1,0.0,same,130,backtracking,density_nontest,0.025568080274440557,-0.03768853393550591,0.09008518700913754
qwen3_4b,steer_actions,fake,baseline_seed1,0.0,same,130,backtracking,density_testlex,0.0003860758974959571,-0.006741434665962968,0.007486595907648538
qwen3_4b,steer_actions,real,baseline_seed1,0.0,gained,6,initializing,density,-0.168357294273622,-0.4859511895565342,0.062372148389677286
qwen3_4b,steer_actions,real,baseline_seed1,0.0,gained,6,initializing,density_nontest,-0.168357294273622,-0.4859511895565342,0.062372148389677286
qwen3_4b,steer_actions,real,baseline_seed1,0.0,gained,6,initializing,density_testlex,0.0,0.0,0.0
qwen3_4b,steer_actions,real,baseline_seed1,0.0,gained,6,deduction,density,0.1868912088519592,-0.7299469247417937,1.114938622863739
qwen3_4b,steer_actions,real,baseline_seed1,0.0,gained,6,deduction,density_nontest,0.11338784464180211,-0.8972846422068171,1.1481125365166078
qwen3_4b,steer_actions,real,baseline_seed1,0.0,gained,6,deduction,density_testlex,0.07350336421015714,-0.1374033618997644,0.28439067919200606
qwen3_4b,steer_actions,real,baseline_seed1,0.0,gained,6,adding-knowledge,density,0.3868510189919139,-0.23599018526820179,0.9952890862915754
qwen3_4b,steer_actions,real,baseline_seed1,0.0,gained,6,adding-knowledge,density_nontest,0.36052137180918614,-0.31900765557188837,0.9759611229368084
qwen3_4b,steer_actions,real,baseline_seed1,0.0,gained,6,adding-knowledge,density_testlex,0.02632964718272775,0.0,0.07898894154818326
qwen3_4b,steer_actions,real,baseline_seed1,0.0,gained,6,example-testing,density,0.22461814914645103,0.0,0.6738544474393531
qwen3_4b,steer_actions,real,baseline_seed1,0.0,gained,6,example-testing,density_nontest,0.22461814914645103,0.0,0.6738544474393531
qwen3_4b,steer_actions,real,baseline_seed1,0.0,gained,6,example-testing,density_testlex,0.0,0.0,0.0
qwen3_4b,steer_actions,real,baseline_seed1,0.0,gained,6,uncertainty-estimation,density,-0.17670859791408564,-0.8948491172000407,0.5443615700840593
qwen3_4b,steer_actions,real,baseline_seed1,0.0,gained,6,uncertainty-estimation,density_nontest,-0.04389624112470417,-0.630347562554244,0.56573073334298
qwen3_4b,steer_actions,real,baseline_seed1,0.0,gained,6,uncertainty-estimation,density_testlex,-0.1328123567893814,-0.4493470567490887,0.18766671161446194
qwen3_4b,steer_actions,real,baseline_seed1,0.0,gained,6,backtracking,density,0.06087464200687696,-0.22892765575401994,0.30331866534900465
qwen3_4b,steer_actions,real,baseline_seed1,0.0,gained,6,backtracking,density_nontest,0.06087464200687696,-0.22892765575401994,0.30331866534900465
qwen3_4b,steer_actions,real,baseline_seed1,0.0,gained,6,backtracking,density_testlex,0.0,0.0,0.0
qwen3_4b,steer_actions,real,baseline_seed1,0.0,comply_both,99,initializing,density,-0.002154785653733201,-0.11361452385011707,0.11651656282515213
qwen3_4b,steer_actions,real,baseline_seed1,0.0,comply_both,99,initializing,density_nontest,-0.002154785653733201,-0.11361452385011707,0.11651656282515213
qwen3_4b,steer_actions,real,baseline_seed1,0.0,comply_both,99,initializing,density_testlex,0.0,0.0,0.0
qwen3_4b,steer_actions,real,baseline_seed1,0.0,comply_both,99,deduction,density,-0.2260277373687485,-0.4919670346624739,0.010937167323401845
qwen3_4b,steer_actions,real,baseline_seed1,0.0,comply_both,99,deduction,density_nontest,-0.19896418386571413,-0.47108513002990077,0.04259737742407191
qwen3_4b,steer_actions,real,baseline_seed1,0.0,comply_both,99,deduction,density_testlex,-0.027063553503034347,-0.07254381406016144,0.022042419865035395
qwen3_4b,steer_actions,real,baseline_seed1,0.0,comply_both,99,adding-knowledge,density,0.01633056597801805,-0.1698621404077336,0.22270365651766094
qwen3_4b,steer_actions,real,baseline_seed1,0.0,comply_both,99,adding-knowledge,density_nontest,0.02201735331208932,-0.1637733366162775,0.2251472444129995
qwen3_4b,steer_actions,real,baseline_seed1,0.0,comply_both,99,adding-knowledge,density_testlex,-0.005686787334071257,-0.023637092077664856,0.01369350305708784
qwen3_4b,steer_actions,real,baseline_seed1,0.0,comply_both,99,example-testing,density,-0.015866215390853967,-0.14014195510883995,0.11957097207227924
qwen3_4b,steer_actions,real,baseline_seed1,0.0,comply_both,99,example-testing,density_nontest,-0.012946848309637174,-0.13534082871209102,0.12022187942125376
qwen3_4b,steer_actions,real,baseline_seed1,0.0,comply_both,99,example-testing,density_testlex,-0.0029193670812167924,-0.008758101243650378,0.0
qwen3_4b,steer_actions,real,baseline_seed1,0.0,comply_both,99,uncertainty-estimation,density,0.05883747998290001,-0.08619089571880247,0.20000952483446863
qwen3_4b,steer_actions,real,baseline_seed1,0.0,comply_both,99,uncertainty-estimation,density_nontest,0.06328949801614153,-0.07114753071703986,0.19370173745035293
qwen3_4b,steer_actions,real,baseline_seed1,0.0,comply_both,99,uncertainty-estimation,density_testlex,-0.0044520180332415235,-0.05350056384921903,0.042857857308684445
qwen3_4b,steer_actions,real,baseline_seed1,0.0,comply_both,99,backtracking,density,0.0058937768649277855,-0.09047097923253332,0.0982617995437269
qwen3_4b,steer_actions,real,baseline_seed1,0.0,comply_both,99,backtracking,density_nontest,0.008443918761788289,-0.08886279346428423,0.10300536055259066
qwen3_4b,steer_actions,real,baseline_seed1,0.0,comply_both,99,backtracking,density_testlex,-0.002550141896860506,-0.013862968350532032,0.006660505611659341
qwen3_4b,steer_actions,real,baseline_seed1,0.0,refuse_both,33,initializing,density,0.05907883802858808,-0.04951432598910156,0.17206540044860782
qwen3_4b,steer_actions,real,baseline_seed1,0.0,refuse_both,33,initializing,density_nontest,0.05907883802858808,-0.04951432598910156,0.17206540044860782
qwen3_4b,steer_actions,real,baseline_seed1,0.0,refuse_both,33,initializing,density_testlex,0.0,0.0,0.0
qwen3_4b,steer_actions,real,baseline_seed1,0.0,refuse_both,33,deduction,density,-0.16154285239513966,-0.5821953235742998,0.24783379910155612
qwen3_4b,steer_actions,real,baseline_seed1,0.0,refuse_both,33,deduction,density_nontest,-0.20523217049865172,-0.6441523189743599,0.2290008140154927
qwen3_4b,steer_actions,real,baseline_seed1,0.0,refuse_both,33,deduction,density_testlex,0.04368931810351207,-0.05274002974782951,0.13914077642110753
qwen3_4b,steer_actions,real,baseline_seed1,0.0,refuse_both,33,adding-knowledge,density,0.08208887838006543,-0.2529414998046752,0.41252185218645937
qwen3_4b,steer_actions,real,baseline_seed1,0.0,refuse_both,33,adding-knowledge,density_nontest,0.040651972184374656,-0.2733541050967298,0.35917291643674126
qwen3_4b,steer_actions,real,baseline_seed1,0.0,refuse_both,33,adding-knowledge,density_testlex,0.04143690619569076,-0.007100405883778646,0.09868973217202115
qwen3_4b,steer_actions,real,baseline_seed1,0.0,refuse_both,33,example-testing,density,0.020002000200020003,0.0,0.060006000600060005
qwen3_4b,steer_actions,real,baseline_seed1,0.0,refuse_both,33,example-testing,density_nontest,0.010001000100010001,0.0,0.030003000300030003
qwen3_4b,steer_actions,real,baseline_seed1,0.0,refuse_both,33,example-testing,density_testlex,0.010001000100010001,0.0,0.030003000300030003
qwen3_4b,steer_actions,real,baseline_seed1,0.0,refuse_both,33,uncertainty-estimation,density,-0.038486653470033105,-0.29109542671010713,0.22287601970842186
qwen3_4b,steer_actions,real,baseline_seed1,0.0,refuse_both,33,uncertainty-estimation,density_nontest,0.006366150827202655,-0.22739494090474022,0.2509249149177621
qwen3_4b,steer_actions,real,baseline_seed1,0.0,refuse_both,33,uncertainty-estimation,density_testlex,-0.04485280429723576,-0.1462659195084632,0.05712021330616897
qwen3_4b,steer_actions,real,baseline_seed1,0.0,refuse_both,33,backtracking,density,-0.06795510133881097,-0.20554264824402574,0.06925315771995992
qwen3_4b,steer_actions,real,baseline_seed1,0.0,refuse_both,33,backtracking,density_nontest,-0.06795510133881097,-0.20554264824402574,0.06925315771995992
qwen3_4b,steer_actions,real,baseline_seed1,0.0,refuse_both,33,backtracking,density_testlex,0.0,0.0,0.0
qwen3_4b,steer_actions,real,baseline_seed1,0.0,same,132,initializing,density,0.013153620266847117,-0.07622104285910981,0.09941579028881217
qwen3_4b,steer_actions,real,baseline_seed1,0.0,same,132,initializing,density_nontest,0.013153620266847117,-0.07622104285910981,0.09941579028881217
qwen3_4b,steer_actions,real,baseline_seed1,0.0,same,132,initializing,density_testlex,0.0,0.0,0.0
qwen3_4b,steer_actions,real,baseline_seed1,0.0,same,132,deduction,density,-0.2099065161253463,-0.4313156791919455,-0.0009707940918725257
qwen3_4b,steer_actions,real,baseline_seed1,0.0,same,132,deduction,density_nontest,-0.20053118052394855,-0.4272878498082127,0.01551382446324328
qwen3_4b,steer_actions,real,baseline_seed1,0.0,same,132,deduction,density_testlex,-0.009375335601397748,-0.052730280342019785,0.033108585935209815
qwen3_4b,steer_actions,real,baseline_seed1,0.0,same,132,adding-knowledge,density,0.0327701440785299,-0.13006059017322072,0.20057013095009357
qwen3_4b,steer_actions,real,baseline_seed1,0.0,same,132,adding-knowledge,density_nontest,0.02667600803016064,-0.1315333823178239,0.18689258248459392
qwen3_4b,steer_actions,real,baseline_seed1,0.0,same,132,adding-knowledge,density_testlex,0.006094136048369245,-0.011553759148867178,0.027834177364769615
qwen3_4b,steer_actions,real,baseline_seed1,0.0,same,132,example-testing,density,-0.006899161493135469,-0.10064789716422626,0.09786643048313685
qwen3_4b,steer_actions,real,baseline_seed1,0.0,same,132,example-testing,density_nontest,-0.007209886207225375,-0.10130912182496414,0.09537778667456254
qwen3_4b,steer_actions,real,baseline_seed1,0.0,same,132,example-testing,density_testlex,0.00031072471408990593,-0.006568575932737783,0.007500750075007501
qwen3_4b,steer_actions,real,baseline_seed1,0.0,same,132,uncertainty-estimation,density,0.03450644661966674,-0.093646533941455,0.15540991413736205
qwen3_4b,steer_actions,real,baseline_seed1,0.0,same,132,uncertainty-estimation,density_nontest,0.0490586612189068,-0.07169632674844927,0.16804644429971696
qwen3_4b,steer_actions,real,baseline_seed1,0.0,same,132,uncertainty-estimation,density_testlex,-0.014552214599240087,-0.06059287243998608,0.02805882539419248
qwen3_4b,steer_actions,real,baseline_seed1,0.0,same,132,backtracking,density,-0.012568442686006905,-0.09622034310385064,0.06738588065776939
qwen3_4b,steer_actions,real,baseline_seed1,0.0,same,132,backtracking,density_nontest,-0.010655836263361524,-0.09390517906486438,0.06891478446368152
qwen3_4b,steer_actions,real,baseline_seed1,0.0,same,132,backtracking,density_testlex,-0.0019126064226453801,-0.008483300736821865,0.004826733550137805
qwen3_4b,steer_actions,real,bt_neg,-0.25,gained,11,initializing,density,0.4649490076704236,0.22980959955657557,0.6984653251325033
qwen3_4b,steer_actions,real,bt_neg,-0.25,gained,11,initializing,density_nontest,0.4649490076704236,0.22980959955657557,0.6984653251325033
qwen3_4b,steer_actions,real,bt_neg,-0.25,gained,11,initializing,density_testlex,0.0,0.0,0.0
qwen3_4b,steer_actions,real,bt_neg,-0.25,gained,11,deduction,density,-0.04374691312585426,-0.7473183775849475,0.649194279713821
qwen3_4b,steer_actions,real,bt_neg,-0.25,gained,11,deduction,density_nontest,0.2609556434631672,-0.5124186118959534,0.989821687201864
qwen3_4b,steer_actions,real,bt_neg,-0.25,gained,11,deduction,density_testlex,-0.3047025565890214,-0.46841181861515135,-0.13050911096012746
qwen3_4b,steer_actions,real,bt_neg,-0.25,gained,11,adding-knowledge,density,0.22807718543675745,-0.5247157594897138,1.022081108413167
qwen3_4b,steer_actions,real,bt_neg,-0.25,gained,11,adding-knowledge,density_nontest,0.22807718543675745,-0.5247157594897138,1.022081108413167
qwen3_4b,steer_actions,real,bt_neg,-0.25,gained,11,adding-knowledge,density_testlex,0.0,0.0,0.0
qwen3_4b,steer_actions,real,bt_neg,-0.25,gained,11,example-testing,density,0.17631104928021762,0.04022526146419952,0.32708853227922313
qwen3_4b,steer_actions,real,bt_neg,-0.25,gained,11,example-testing,density_nontest,0.17631104928021762,0.04022526146419952,0.32708853227922313
qwen3_4b,steer_actions,real,bt_neg,-0.25,gained,11,example-testing,density_testlex,0.0,0.0,0.0
qwen3_4b,steer_actions,real,bt_neg,-0.25,gained,11,uncertainty-estimation,density,0.17632973652994968,-0.25205290962369803,0.560371602341648
qwen3_4b,steer_actions,real,bt_neg,-0.25,gained,11,uncertainty-estimation,density_nontest,0.4004486906041398,0.0899048251292242,0.7109559233490311
qwen3_4b,steer_actions,real,bt_neg,-0.25,gained,11,uncertainty-estimation,density_testlex,-0.2241189540741901,-0.37878206646937246,-0.09343687071848518
qwen3_4b,steer_actions,real,bt_neg,-0.25,gained,11,backtracking,density,-0.20258275950419458,-0.48032938064559605,0.05445819020953305
qwen3_4b,steer_actions,real,bt_neg,-0.25,gained,11,backtracking,density_nontest,-0.20258275950419458,-0.48032938064559605,0.05445819020953305
qwen3_4b,steer_actions,real,bt_neg,-0.25,gained,11,backtracking,density_testlex,0.0,0.0,0.0
qwen3_4b,steer_actions,real,bt_neg,-0.25,lost,14,initializing,density,0.31145800257357814,0.05760676277685505,0.5731923541491124
qwen3_4b,steer_actions,real,bt_neg,-0.25,lost,14,initializing,density_nontest,0.31145800257357814,0.05760676277685505,0.5731923541491124
qwen3_4b,steer_actions,real,bt_neg,-0.25,lost,14,initializing,density_testlex,0.0,0.0,0.0
qwen3_4b,steer_actions,real,bt_neg,-0.25,lost,14,deduction,density,0.5258556523817518,-0.6937794169199148,1.8203845814604367
qwen3_4b,steer_actions,real,bt_neg,-0.25,lost,14,deduction,density_nontest,0.18576489772521368,-1.1529958647004424,1.6149781469454685
qwen3_4b,steer_actions,real,bt_neg,-0.25,lost,14,deduction,density_testlex,0.3400907546565386,0.13654267124044353,0.5464747925510622
qwen3_4b,steer_actions,real,bt_neg,-0.25,lost,14,adding-knowledge,density,1.055851031931056,0.38667557468692054,1.7433617621711914
qwen3_4b,steer_actions,real,bt_neg,-0.25,lost,14,adding-knowledge,density_nontest,1.055851031931056,0.38667557468692054,1.7433617621711914
qwen3_4b,steer_actions,real,bt_neg,-0.25,lost,14,adding-knowledge,density_testlex,0.0,0.0,0.0
qwen3_4b,steer_actions,real,bt_neg,-0.25,lost,14,example-testing,density,-0.16433402676276318,-0.29119170578056064,-0.05006347803519699
qwen3_4b,steer_actions,real,bt_neg,-0.25,lost,14,example-testing,density_nontest,-0.16433402676276318,-0.29119170578056064,-0.05006347803519699
qwen3_4b,steer_actions,real,bt_neg,-0.25,lost,14,example-testing,density_testlex,0.0,0.0,0.0
qwen3_4b,steer_actions,real,bt_neg,-0.25,lost,14,uncertainty-estimation,density,-0.9825367481200583,-1.5289140136404287,-0.45788127550475893
qwen3_4b,steer_actions,real,bt_neg,-0.25,lost,14,uncertainty-estimation,density_nontest,-0.9154534170965076,-1.416414943559386,-0.4280199609647214
qwen3_4b,steer_actions,real,bt_neg,-0.25,lost,14,uncertainty-estimation,density_testlex,-0.06708333102355066,-0.1311850793566548,-0.011845534233593935
qwen3_4b,steer_actions,real,bt_neg,-0.25,lost,14,backtracking,density,-0.08486584626057916,-0.20500672906354622,0.021132713440405747
qwen3_4b,steer_actions,real,bt_neg,-0.25,lost,14,backtracking,density_nontest,-0.08486584626057916,-0.20500672906354622,0.021132713440405747
qwen3_4b,steer_actions,real,bt_neg,-0.25,lost,14,backtracking,density_testlex,0.0,0.0,0.0
qwen3_4b,steer_actions,real,bt_neg,-0.25,comply_both,92,initializing,density,0.21906320830897216,0.0740742189376499,0.3611136766834471
qwen3_4b,steer_actions,real,bt_neg,-0.25,comply_both,92,initializing,density_nontest,0.21906320830897216,0.0740742189376499,0.3611136766834471
qwen3_4b,steer_actions,real,bt_neg,-0.25,comply_both,92,initializing,density_testlex,0.0,0.0,0.0
qwen3_4b,steer_actions,real,bt_neg,-0.25,comply_both,92,deduction,density,0.5373509258339044,0.1754730874663367,0.8760164979492975
qwen3_4b,steer_actions,real,bt_neg,-0.25,comply_both,92,deduction,density_nontest,0.528493497124216,0.15546867285586635,0.8596360686674066
qwen3_4b,steer_actions,real,bt_neg,-0.25,comply_both,92,deduction,density_testlex,0.008857428709688354,-0.05401452528718041,0.07046902231018871
qwen3_4b,steer_actions,real,bt_neg,-0.25,comply_both,92,adding-knowledge,density,0.27750207021417245,0.04231544246081999,0.48395911475007736
qwen3_4b,steer_actions,real,bt_neg,-0.25,comply_both,92,adding-knowledge,density_nontest,0.2962076945088893,0.05712338162609614,0.5058983904406321
qwen3_4b,steer_actions,real,bt_neg,-0.25,comply_both,92,adding-knowledge,density_testlex,-0.018705624294716762,-0.03754347587670614,-0.004418522446094026
qwen3_4b,steer_actions,real,bt_neg,-0.25,comply_both,92,example-testing,density,-0.04976801118434763,-0.18238477579530804,0.0818186194381135
qwen3_4b,steer_actions,real,bt_neg,-0.25,comply_both,92,example-testing,density_nontest,-0.05294603300822532,-0.18553560672634958,0.07947516378181181
qwen3_4b,steer_actions,real,bt_neg,-0.25,comply_both,92,example-testing,density_testlex,0.0031780218238776836,-0.009424478512188994,0.018958543983822043
qwen3_4b,steer_actions,real,bt_neg,-0.25,comply_both,92,uncertainty-estimation,density,-0.3391303822918266,-0.47280179122636545,-0.21032928268635134
qwen3_4b,steer_actions,real,bt_neg,-0.25,comply_both,92,uncertainty-estimation,density_nontest,-0.2517427426874125,-0.38533267806325927,-0.12309869378744281
qwen3_4b,steer_actions,real,bt_neg,-0.25,comply_both,92,uncertainty-estimation,density_testlex,-0.08738763960441413,-0.13239603718188095,-0.03985418372684801
qwen3_4b,steer_actions,real,bt_neg,-0.25,comply_both,92,backtracking,density,-0.1499463523209263,-0.24245344490186013,-0.06183438374793269
qwen3_4b,steer_actions,real,bt_neg,-0.25,comply_both,92,backtracking,density_nontest,-0.14389835867342252,-0.23648706078578507,-0.05697096763388425
qwen3_4b,steer_actions,real,bt_neg,-0.25,comply_both,92,backtracking,density_testlex,-0.006047993647503752,-0.01515783665201914,0.0
qwen3_4b,steer_actions,real,bt_neg,-0.25,refuse_both,29,initializing,density,0.36356864066311584,0.19246697044321553,0.5321131597332307
qwen3_4b,steer_actions,real,bt_neg,-0.25,refuse_both,29,initializing,density_nontest,0.36356864066311584,0.19246697044321553,0.5321131597332307
qwen3_4b,steer_actions,real,bt_neg,-0.25,refuse_both,29,initializing,density_testlex,0.0,0.0,0.0
qwen3_4b,steer_actions,real,bt_neg,-0.25,refuse_both,29,deduction,density,0.5768014535818567,0.14149510319272363,1.0003123206831233
qwen3_4b,steer_actions,real,bt_neg,-0.25,refuse_both,29,deduction,density_nontest,0.2755465212581194,-0.18832237513874425,0.7299969040322707
qwen3_4b,steer_actions,real,bt_neg,-0.25,refuse_both,29,deduction,density_testlex,0.3012549323237374,0.12261647876711314,0.48278270874235113
qwen3_4b,steer_actions,real,bt_neg,-0.25,refuse_both,29,adding-knowledge,density,0.23834627973803094,-0.09813819398640632,0.5842743083812348
qwen3_4b,steer_actions,real,bt_neg,-0.25,refuse_both,29,adding-knowledge,density_nontest,0.24814877592891185,-0.12161340392612417,0.6138312276083312
qwen3_4b,steer_actions,real,bt_neg,-0.25,refuse_both,29,adding-knowledge,density_testlex,-0.009802496190880949,-0.050390740045912465,0.031432572267418
qwen3_4b,steer_actions,real,bt_neg,-0.25,refuse_both,29,example-testing,density,0.0,0.0,0.0
qwen3_4b,steer_actions,real,bt_neg,-0.25,refuse_both,29,example-testing,density_nontest,0.0,0.0,0.0
qwen3_4b,steer_actions,real,bt_neg,-0.25,refuse_both,29,example-testing,density_testlex,0.0,0.0,0.0
qwen3_4b,steer_actions,real,bt_neg,-0.25,refuse_both,29,uncertainty-estimation,density,-0.4114413653861041,-0.7080004162193856,-0.14496171865858937
qwen3_4b,steer_actions,real,bt_neg,-0.25,refuse_both,29,uncertainty-estimation,density_nontest,-0.28546672926893274,-0.5253458401366718,-0.08047078038645682
qwen3_4b,steer_actions,real,bt_neg,-0.25,refuse_both,29,uncertainty-estimation,density_testlex,-0.12597463611717138,-0.2607778173921376,0.007906893249095614
qwen3_4b,steer_actions,real,bt_neg,-0.25,refuse_both,29,backtracking,density,-0.1293385953362064,-0.2903320228715033,0.033560711509673824
qwen3_4b,steer_actions,real,bt_neg,-0.25,refuse_both,29,backtracking,density_nontest,-0.1293385953362064,-0.2903320228715033,0.033560711509673824
qwen3_4b,steer_actions,real,bt_neg,-0.25,refuse_both,29,backtracking,density_testlex,0.0,0.0,0.0
qwen3_4b,steer_actions,real,bt_neg,-0.25,same,121,initializing,density,0.2536967416831058,0.12664194457878816,0.36574548440051646
qwen3_4b,steer_actions,real,bt_neg,-0.25,same,121,initializing,density_nontest,0.2536967416831058,0.12664194457878816,0.36574548440051646
qwen3_4b,steer_actions,real,bt_neg,-0.25,same,121,initializing,density_testlex,0.0,0.0,0.0
qwen3_4b,steer_actions,real,bt_neg,-0.25,same,121,deduction,density,0.5468060109966368,0.2799461457471814,0.8072789976370565
qwen3_4b,steer_actions,real,bt_neg,-0.25,same,121,deduction,density_nontest,0.4678698417513499,0.1836672654746249,0.7315191229341556
qwen3_4b,steer_actions,real,bt_neg,-0.25,same,121,deduction,density_testlex,0.0789361692452869,0.011798817415123015,0.14883205618410264
qwen3_4b,steer_actions,real,bt_neg,-0.25,same,121,adding-knowledge,density,0.26811762456286586,0.0756050460055394,0.4502244761336778
qwen3_4b,steer_actions,real,bt_neg,-0.25,same,121,adding-knowledge,density_nontest,0.2846894412955063,0.08616195699673744,0.47445792634668693
qwen3_4b,steer_actions,real,bt_neg,-0.25,same,121,adding-knowledge,density_testlex,-0.01657181673264041,-0.03310668100697996,-0.001219841791325909
qwen3_4b,steer_actions,real,bt_neg,-0.25,same,121,example-testing,density,-0.03784014073520645,-0.1479192059299417,0.0595408552083003
qwen3_4b,steer_actions,real,bt_neg,-0.25,same,121,example-testing,density_nontest,-0.0402564879070804,-0.1506681023267766,0.05502113650700948
qwen3_4b,steer_actions,real,bt_neg,-0.25,same,121,example-testing,density_testlex,0.0024163471718739414,-0.007165719199350309,0.01441476071497213
qwen3_4b,steer_actions,real,bt_neg,-0.25,same,121,uncertainty-estimation,density,-0.35646111377723194,-0.47722416490984715,-0.23854814410886233
qwen3_4b,steer_actions,real,bt_neg,-0.25,same,121,uncertainty-estimation,density_nontest,-0.25982535104166116,-0.37642233701129674,-0.1446329010466507
qwen3_4b,steer_actions,real,bt_neg,-0.25,same,121,uncertainty-estimation,density_testlex,-0.09663576273557081,-0.14402607245376797,-0.053079182248858124
qwen3_4b,steer_actions,real,bt_neg,-0.25,same,121,backtracking,density,-0.14500730312624133,-0.22595556167302341,-0.06879595886129965
qwen3_4b,steer_actions,real,bt_neg,-0.25,same,121,backtracking,density_nontest,-0.1404088286173955,-0.22158083033839007,-0.06395360696425822
qwen3_4b,steer_actions,real,bt_neg,-0.25,same,121,backtracking,density_testlex,-0.004598474508845827,-0.0115264057325517,0.0
qwen3_4b,steer_actions,real,bt_pos,0.25,lost,5,initializing,density,-0.462708796552285,-1.3194135433097618,0.06782277374390952
qwen3_4b,steer_actions,real,bt_pos,0.25,lost,5,initializing,density_nontest,-0.462708796552285,-1.3194135433097618,0.06782277374390952
qwen3_4b,steer_actions,real,bt_pos,0.25,lost,5,initializing,density_testlex,0.0,0.0,0.0
qwen3_4b,steer_actions,real,bt_pos,0.25,lost,5,deduction,density,-0.5250596472272339,-1.2557200946753746,0.23163528011317816
qwen3_4b,steer_actions,real,bt_pos,0.25,lost,5,deduction,density_nontest,-0.5591434522162592,-1.1010168505632192,-0.048933799451934504
qwen3_4b,steer_actions,real,bt_pos,0.25,lost,5,deduction,density_testlex,0.03408380498902529,-0.45215037848352857,0.41363059135274405
qwen3_4b,steer_actions,real,bt_pos,0.25,lost,5,adding-knowledge,density,0.2706003485875636,-0.15643128497594588,0.6871154846879898
qwen3_4b,steer_actions,real,bt_pos,0.25,lost,5,adding-knowledge,density_nontest,0.2706003485875636,-0.15643128497594588,0.6871154846879898
qwen3_4b,steer_actions,real,bt_pos,0.25,lost,5,adding-knowledge,density_testlex,0.0,0.0,0.0
qwen3_4b,steer_actions,real,bt_pos,0.25,lost,5,example-testing,density,-0.19369268619995528,-0.4289868038470141,0.0
qwen3_4b,steer_actions,real,bt_pos,0.25,lost,5,example-testing,density_nontest,-0.19369268619995528,-0.4289868038470141,0.0
qwen3_4b,steer_actions,real,bt_pos,0.25,lost,5,example-testing,density_testlex,0.0,0.0,0.0
qwen3_4b,steer_actions,real,bt_pos,0.25,lost,5,uncertainty-estimation,density,0.44328546103445954,-0.38878556704402917,1.19030757171075
qwen3_4b,steer_actions,real,bt_pos,0.25,lost,5,uncertainty-estimation,density_nontest,0.2810978040139604,-0.628626943202991,1.2689616633337797
qwen3_4b,steer_actions,real,bt_pos,0.25,lost,5,uncertainty-estimation,density_testlex,0.1621876570204992,-0.11656853042476434,0.446542012623066
qwen3_4b,steer_actions,real,bt_pos,0.25,lost,5,backtracking,density,-0.10423440797172831,-0.21734955781481552,0.0
qwen3_4b,steer_actions,real,bt_pos,0.25,lost,5,backtracking,density_nontest,-0.10423440797172831,-0.21734955781481552,0.0
qwen3_4b,steer_actions,real,bt_pos,0.25,lost,5,backtracking,density_testlex,0.0,0.0,0.0
qwen3_4b,steer_actions,real,bt_pos,0.25,comply_both,59,initializing,density,-0.2650343217925665,-0.4274044305104709,-0.10697727229773467
qwen3_4b,steer_actions,real,bt_pos,0.25,comply_both,59,initializing,density_nontest,-0.2650343217925665,-0.4274044305104709,-0.10697727229773467
qwen3_4b,steer_actions,real,bt_pos,0.25,comply_both,59,initializing,density_testlex,0.0,0.0,0.0
qwen3_4b,steer_actions,real,bt_pos,0.25,comply_both,59,deduction,density,-0.7788322044505733,-1.1963178156601246,-0.37088592815066374
qwen3_4b,steer_actions,real,bt_pos,0.25,comply_both,59,deduction,density_nontest,-0.7279845157822465,-1.1517572489642118,-0.31232797686942493
qwen3_4b,steer_actions,real,bt_pos,0.25,comply_both,59,deduction,density_testlex,-0.05084768866832677,-0.10459291052302473,0.000909920534514197
qwen3_4b,steer_actions,real,bt_pos,0.25,comply_both,59,adding-knowledge,density,-0.3561218125151844,-0.5692846282997988,-0.13020904397031052
qwen3_4b,steer_actions,real,bt_pos,0.25,comply_both,59,adding-knowledge,density_nontest,-0.3620884010674358,-0.5689609167916739,-0.14271872491922913
qwen3_4b,steer_actions,real,bt_pos,0.25,comply_both,59,adding-knowledge,density_testlex,0.005966588552251436,-0.03301478860926499,0.04395586827999531
qwen3_4b,steer_actions,real,bt_pos,0.25,comply_both,59,example-testing,density,0.010967239236206489,-0.13078384604075444,0.1458829810528222
qwen3_4b,steer_actions,real,bt_pos,0.25,comply_both,59,example-testing,density_nontest,0.012697772341121658,-0.12739352374253277,0.14572935862459785
qwen3_4b,steer_actions,real,bt_pos,0.25,comply_both,59,example-testing,density_testlex,-0.0017305331049151723,-0.014695797002057413,0.009504197687311896
qwen3_4b,steer_actions,real,bt_pos,0.25,comply_both,59,uncertainty-estimation,density,0.5577347029041717,0.3658836868814308,0.7299850825368095
qwen3_4b,steer_actions,real,bt_pos,0.25,comply_both,59,uncertainty-estimation,density_nontest,0.45874514945559214,0.27044978993433993,0.6404301639036358
qwen3_4b,steer_actions,real,bt_pos,0.25,comply_both,59,uncertainty-estimation,density_testlex,0.09898955344857954,0.026885113577256887,0.17446650475309108
qwen3_4b,steer_actions,real,bt_pos,0.25,comply_both,59,backtracking,density,0.0921252872531627,-0.041162830248363924,0.2179197482915857
qwen3_4b,steer_actions,real,bt_pos,0.25,comply_both,59,backtracking,density_nontest,0.09226187383042725,-0.040506947099889945,0.21758718272710223
qwen3_4b,steer_actions,real,bt_pos,0.25,comply_both,59,backtracking,density_testlex,-0.00013658657726454382,-0.013969081765691936,0.013559322033898306
qwen3_4b,steer_actions,real,bt_pos,0.25,refuse_both,27,initializing,density,-0.3159083400874214,-0.4703310139415659,-0.17032759983715245
qwen3_4b,steer_actions,real,bt_pos,0.25,refuse_both,27,initializing,density_nontest,-0.3159083400874214,-0.4703310139415659,-0.17032759983715245
qwen3_4b,steer_actions,real,bt_pos,0.25,refuse_both,27,initializing,density_testlex,0.0,0.0,0.0
qwen3_4b,steer_actions,real,bt_pos,0.25,refuse_both,27,deduction,density,-0.7126859818143062,-1.1581644000004396,-0.27536739989775405
qwen3_4b,steer_actions,real,bt_pos,0.25,refuse_both,27,deduction,density_nontest,-0.7307298063503458,-1.1714894866215373,-0.25544107735997534
qwen3_4b,steer_actions,real,bt_pos,0.25,refuse_both,27,deduction,density_testlex,0.01804382453603949,-0.11447800754318073,0.1446081994846571
qwen3_4b,steer_actions,real,bt_pos,0.25,refuse_both,27,adding-knowledge,density,-0.2672519988309364,-0.5987112501708147,0.02939563615098658
qwen3_4b,steer_actions,real,bt_pos,0.25,refuse_both,27,adding-knowledge,density_nontest,-0.24573264397824826,-0.5701617782561322,0.047199184795107894
qwen3_4b,steer_actions,real,bt_pos,0.25,refuse_both,27,adding-knowledge,density_testlex,-0.02151935485268819,-0.0622967122967123,0.008008008008008008
qwen3_4b,steer_actions,real,bt_pos,0.25,refuse_both,27,example-testing,density,0.038697321322066616,0.0,0.08489797931360335
qwen3_4b,steer_actions,real,bt_pos,0.25,refuse_both,27,example-testing,density_nontest,0.014493177496317663,0.0,0.03752023449425676
qwen3_4b,steer_actions,real,bt_pos,0.25,refuse_both,27,example-testing,density_testlex,0.024204143825748953,0.0,0.06665313348255063
qwen3_4b,steer_actions,real,bt_pos,0.25,refuse_both,27,uncertainty-estimation,density,0.4086200034466059,0.10965219109839856,0.7179924774571228
qwen3_4b,steer_actions,real,bt_pos,0.25,refuse_both,27,uncertainty-estimation,density_nontest,0.3476902231593093,0.07592623336042326,0.6164831064675026
qwen3_4b,steer_actions,real,bt_pos,0.25,refuse_both,27,uncertainty-estimation,density_testlex,0.06092978028729654,-0.09648975510308844,0.20017597375834467
qwen3_4b,steer_actions,real,bt_pos,0.25,refuse_both,27,backtracking,density,0.005499568089418937,-0.17112549617849757,0.18145807429323765
qwen3_4b,steer_actions,real,bt_pos,0.25,refuse_both,27,backtracking,density_nontest,-0.00542581156752414,-0.184029106706255,0.17212814577878477
qwen3_4b,steer_actions,real,bt_pos,0.25,refuse_both,27,backtracking,density_testlex,0.010925379656943079,0.0,0.03277613897082924
qwen3_4b,steer_actions,real,bt_pos,0.25,same,86,initializing,density,-0.2810063973037419,-0.4046837611687995,-0.16070120804905635
qwen3_4b,steer_actions,real,bt_pos,0.25,same,86,initializing,density_nontest,-0.2810063973037419,-0.4046837611687995,-0.16070120804905635
qwen3_4b,steer_actions,real,bt_pos,0.25,same,86,initializing,density_testlex,0.0,0.0,0.0
qwen3_4b,steer_actions,real,bt_pos,0.25,same,86,deduction,density,-0.7580653671112803,-1.0840027685336195,-0.4363123429967312
qwen3_4b,steer_actions,real,bt_pos,0.25,same,86,deduction,density_nontest,-0.7288464093326964,-1.056014307961751,-0.4060403537501217
qwen3_4b,steer_actions,real,bt_pos,0.25,same,86,deduction,density_testlex,-0.029218957778583868,-0.08403529842113244,0.022736518252500892
qwen3_4b,steer_actions,real,bt_pos,0.25,same,86,adding-knowledge,density,-0.32822082449803675,-0.5080145153804603,-0.1508497136333354
qwen3_4b,steer_actions,real,bt_pos,0.25,same,86,adding-knowledge,density_nontest,-0.32555810523710943,-0.49957806684723266,-0.15410657003002473
qwen3_4b,steer_actions,real,bt_pos,0.25,same,86,adding-knowledge,density_testlex,-0.0026627192609272824,-0.03193866639492271,0.02507631881324498
qwen3_4b,steer_actions,real,bt_pos,0.25,same,86,example-testing,density,0.01967319523990674,-0.07813997443299514,0.11506090278842634
qwen3_4b,steer_actions,real,bt_pos,0.25,same,86,example-testing,density_nontest,0.01326144605263667,-0.08328427580478685,0.1059260071795104
qwen3_4b,steer_actions,real,bt_pos,0.25,same,86,example-testing,density_testlex,0.006411749187270076,-0.0065456324795454,0.021530980093211693
qwen3_4b,steer_actions,real,bt_pos,0.25,same,86,uncertainty-estimation,density,0.5109196228419126,0.3491433922859009,0.6645965855973119
qwen3_4b,steer_actions,real,bt_pos,0.25,same,86,uncertainty-estimation,density_nontest,0.42387906794396846,0.27147464220974127,0.5743823133487294
qwen3_4b,steer_actions,real,bt_pos,0.25,same,86,uncertainty-estimation,density_testlex,0.08704055489794418,0.013815894550842443,0.15354318068847955
qwen3_4b,steer_actions,real,bt_pos,0.25,same,86,backtracking,density,0.06492884053896408,-0.04698119863787594,0.16707247307068915
qwen3_4b,steer_actions,real,bt_pos,0.25,same,86,backtracking,density_nontest,0.06159248422874483,-0.0475123105370731,0.161756620758768
qwen3_4b,steer_actions,real,bt_pos,0.25,same,86,backtracking,density_testlex,0.0033363563102192448,-0.006482664622199506,0.01583316183028058
qwen3_4b,steer_actions,real,random_bt,0.25,gained,15,initializing,density,0.012001120625679977,-0.10316407890917596,0.15169816778675319
qwen3_4b,steer_actions,real,random_bt,0.25,gained,15,initializing,density_nontest,0.012001120625679977,-0.10316407890917596,0.15169816778675319
qwen3_4b,steer_actions,real,random_bt,0.25,gained,15,initializing,density_testlex,0.0,0.0,0.0
qwen3_4b,steer_actions,real,random_bt,0.25,gained,15,deduction,density,-0.18496504491021296,-0.8493553296590525,0.47060430086995164
qwen3_4b,steer_actions,real,random_bt,0.25,gained,15,deduction,density_nontest,-0.06412352908753784,-0.7639109790620935,0.6304425392218638
qwen3_4b,steer_actions,real,random_bt,0.25,gained,15,deduction,density_testlex,-0.12084151582267527,-0.2592053419568561,0.0003013896660409003
qwen3_4b,steer_actions,real,random_bt,0.25,gained,15,adding-knowledge,density,-0.03106227108966196,-0.5219511333940504,0.4511558594506665
qwen3_4b,steer_actions,real,random_bt,0.25,gained,15,adding-knowledge,density_nontest,-0.0705387782769608,-0.5723917937318186,0.43121687398898756
qwen3_4b,steer_actions,real,random_bt,0.25,gained,15,adding-knowledge,density_testlex,0.039476507187298865,0.0,0.1015518844310949
qwen3_4b,steer_actions,real,random_bt,0.25,gained,15,example-testing,density,0.15161414075079938,0.04016064257028113,0.2770432899570837
qwen3_4b,steer_actions,real,random_bt,0.25,gained,15,example-testing,density_nontest,0.15161414075079938,0.04016064257028113,0.2770432899570837
qwen3_4b,steer_actions,real,random_bt,0.25,gained,15,example-testing,density_testlex,0.0,0.0,0.0
qwen3_4b,steer_actions,real,random_bt,0.25,gained,15,uncertainty-estimation,density,0.14954657626678394,-0.33812860093225794,0.6675144489337433
qwen3_4b,steer_actions,real,random_bt,0.25,gained,15,uncertainty-estimation,density_nontest,0.31823585535759186,-0.1605063234608216,0.7719038008669433
qwen3_4b,steer_actions,real,random_bt,0.25,gained,15,uncertainty-estimation,density_testlex,-0.16868927909080803,-0.2941002756323103,-0.04443991656461873
qwen3_4b,steer_actions,real,random_bt,0.25,gained,15,backtracking,density,-0.09998693342247349,-0.4054751544359331,0.16028982246833678
qwen3_4b,steer_actions,real,random_bt,0.25,gained,15,backtracking,density_nontest,-0.1336216145158676,-0.43212752915200464,0.1247683568330262
qwen3_4b,steer_actions,real,random_bt,0.25,gained,15,backtracking,density_testlex,0.03363468109339408,0.0,0.09331102885345482
qwen3_4b,steer_actions,real,random_bt,0.25,lost,7,initializing,density,0.12011360212746548,-0.15602889894071476,0.4043443217183559
qwen3_4b,steer_actions,real,random_bt,0.25,lost,7,initializing,density_nontest,0.12011360212746548,-0.15602889894071476,0.4043443217183559
qwen3_4b,steer_actions,real,random_bt,0.25,lost,7,initializing,density_testlex,0.0,0.0,0.0
qwen3_4b,steer_actions,real,random_bt,0.25,lost,7,deduction,density,0.3875464095211519,-0.14099797407208328,0.9565865522546677
qwen3_4b,steer_actions,real,random_bt,0.25,lost,7,deduction,density_nontest,0.059108284388585855,-0.3913681373448524,0.5800537056063623
qwen3_4b,steer_actions,real,random_bt,0.25,lost,7,deduction,density_testlex,0.328438125132566,0.06752636058882926,0.5577004750502041
qwen3_4b,steer_actions,real,random_bt,0.25,lost,7,adding-knowledge,density,0.479389621776665,-0.12153476022175125,1.0360696438850334
qwen3_4b,steer_actions,real,random_bt,0.25,lost,7,adding-knowledge,density_nontest,0.41103692184501767,-0.16081856194948105,0.9561920509288683
qwen3_4b,steer_actions,real,random_bt,0.25,lost,7,adding-knowledge,density_testlex,0.0683526999316473,0.0,0.20505809979494188
qwen3_4b,steer_actions,real,random_bt,0.25,lost,7,example-testing,density,-0.1747082400372458,-0.3369756246656988,-0.050213406979663575
qwen3_4b,steer_actions,real,random_bt,0.25,lost,7,example-testing,density_nontest,-0.1747082400372458,-0.3369756246656988,-0.050213406979663575
qwen3_4b,steer_actions,real,random_bt,0.25,lost,7,example-testing,density_testlex,0.0,0.0,0.0
qwen3_4b,steer_actions,real,random_bt,0.25,lost,7,uncertainty-estimation,density,-0.12870190296709094,-1.0345608537726592,0.7753534969914738
qwen3_4b,steer_actions,real,random_bt,0.25,lost,7,uncertainty-estimation,density_nontest,-0.18269622418586828,-0.9826028047587634,0.5654653908942778
qwen3_4b,steer_actions,real,random_bt,0.25,lost,7,uncertainty-estimation,density_testlex,0.05399432121877741,-0.2151145475987625,0.30714532434387937
qwen3_4b,steer_actions,real,random_bt,0.25,lost,7,backtracking,density,-0.22169912373290512,-0.4534045565852707,-0.058564773814916024
qwen3_4b,steer_actions,real,random_bt,0.25,lost,7,backtracking,density_nontest,-0.22169912373290512,-0.4534045565852707,-0.058564773814916024
qwen3_4b,steer_actions,real,random_bt,0.25,lost,7,backtracking,density_testlex,0.0,0.0,0.0
qwen3_4b,steer_actions,real,random_bt,0.25,comply_both,97,initializing,density,-0.04301996048614169,-0.15194363393794683,0.06775297564538682
qwen3_4b,steer_actions,real,random_bt,0.25,comply_both,97,initializing,density_nontest,-0.04301996048614169,-0.15194363393794683,0.06775297564538682
qwen3_4b,steer_actions,real,random_bt,0.25,comply_both,97,initializing,density_testlex,0.0,0.0,0.0
qwen3_4b,steer_actions,real,random_bt,0.25,comply_both,97,deduction,density,-0.0705671627950406,-0.3590040880523112,0.23276544792531842
qwen3_4b,steer_actions,real,random_bt,0.25,comply_both,97,deduction,density_nontest,-0.024827986618790158,-0.3230082272859804,0.27295245045882754
qwen3_4b,steer_actions,real,random_bt,0.25,comply_both,97,deduction,density_testlex,-0.045739176176250465,-0.09268063741441297,0.002988699478349003
qwen3_4b,steer_actions,real,random_bt,0.25,comply_both,97,adding-knowledge,density,0.016092570695103944,-0.19053843239576426,0.21201739449382348
qwen3_4b,steer_actions,real,random_bt,0.25,comply_both,97,adding-knowledge,density_nontest,0.026064448973652714,-0.17987906196147552,0.21867578292697423
qwen3_4b,steer_actions,real,random_bt,0.25,comply_both,97,adding-knowledge,density_testlex,-0.00997187827854877,-0.025945644896670107,0.004206643520403406
qwen3_4b,steer_actions,real,random_bt,0.25,comply_both,97,example-testing,density,-0.050055949302538885,-0.17309306420993045,0.07520209420061563
qwen3_4b,steer_actions,real,random_bt,0.25,comply_both,97,example-testing,density_nontest,-0.05138989467161663,-0.1729681748000157,0.07235101696855552
qwen3_4b,steer_actions,real,random_bt,0.25,comply_both,97,example-testing,density_testlex,0.0013339453690777497,-0.008938680650735952,0.0129405167579692
qwen3_4b,steer_actions,real,random_bt,0.25,comply_both,97,uncertainty-estimation,density,-0.026686547442583988,-0.1864116515914995,0.12143804298533983
qwen3_4b,steer_actions,real,random_bt,0.25,comply_both,97,uncertainty-estimation,density_nontest,0.009451557132237819,-0.16136547216530928,0.17236129243354692
qwen3_4b,steer_actions,real,random_bt,0.25,comply_both,97,uncertainty-estimation,density_testlex,-0.03613810457482181,-0.08189157939333394,0.005675318895691837
qwen3_4b,steer_actions,real,random_bt,0.25,comply_both,97,backtracking,density,-0.009734428004177564,-0.09399943690183694,0.07285790659905109
qwen3_4b,steer_actions,real,random_bt,0.25,comply_both,97,backtracking,density_nontest,-0.003998186606545143,-0.08554817331329365,0.07763631319688723
qwen3_4b,steer_actions,real,random_bt,0.25,comply_both,97,backtracking,density_testlex,-0.005736241397632424,-0.014376504865832584,0.0
qwen3_4b,steer_actions,real,random_bt,0.25,refuse_both,25,initializing,density,-0.0019332229456016025,-0.14541373740708835,0.1729463165270504
qwen3_4b,steer_actions,real,random_bt,0.25,refuse_both,25,initializing,density_nontest,-0.0019332229456016025,-0.14541373740708835,0.1729463165270504
qwen3_4b,steer_actions,real,random_bt,0.25,refuse_both,25,initializing,density_testlex,0.0,0.0,0.0
qwen3_4b,steer_actions,real,random_bt,0.25,refuse_both,25,deduction,density,0.16056599627599202,-0.39729111837916986,0.8318496649384868
qwen3_4b,steer_actions,real,random_bt,0.25,refuse_both,25,deduction,density_nontest,0.09621780016345838,-0.4801652237129876,0.7673199712652153
qwen3_4b,steer_actions,real,random_bt,0.25,refuse_both,25,deduction,density_testlex,0.06434819611253369,-0.08098488347272004,0.2184801194674746
qwen3_4b,steer_actions,real,random_bt,0.25,refuse_both,25,adding-knowledge,density,-0.16146000623679108,-0.5290914136674442,0.20591842833028104
qwen3_4b,steer_actions,real,random_bt,0.25,refuse_both,25,adding-knowledge,density_nontest,-0.13389477867156355,-0.51134357262544,0.23764096728773468
qwen3_4b,steer_actions,real,random_bt,0.25,refuse_both,25,adding-knowledge,density_testlex,-0.027565227565227567,-0.07057447057447058,0.0
qwen3_4b,steer_actions,real,random_bt,0.25,refuse_both,25,example-testing,density,0.013245033112582783,0.0,0.039735099337748346
qwen3_4b,steer_actions,real,random_bt,0.25,refuse_both,25,example-testing,density_nontest,0.013245033112582783,0.0,0.039735099337748346
qwen3_4b,steer_actions,real,random_bt,0.25,refuse_both,25,example-testing,density_testlex,0.0,0.0,0.0
qwen3_4b,steer_actions,real,random_bt,0.25,refuse_both,25,uncertainty-estimation,density,0.16765710613056875,-0.15793011601164958,0.5502920944399462
qwen3_4b,steer_actions,real,random_bt,0.25,refuse_both,25,uncertainty-estimation,density_nontest,0.23910370073364587,-0.07424027619545817,0.5836399464739208
qwen3_4b,steer_actions,real,random_bt,0.25,refuse_both,25,uncertainty-estimation,density_testlex,-0.07144659460307705,-0.17593624721026332,0.033025054997820956
qwen3_4b,steer_actions,real,random_bt,0.25,refuse_both,25,backtracking,density,-0.04431316560392331,-0.17560244366477756,0.0807588888921429
qwen3_4b,steer_actions,real,random_bt,0.25,refuse_both,25,backtracking,density_nontest,-0.04431316560392331,-0.17560244366477756,0.0807588888921429
qwen3_4b,steer_actions,real,random_bt,0.25,refuse_both,25,backtracking,density_testlex,0.0,0.0,0.0
qwen3_4b,steer_actions,real,random_bt,0.25,same,122,initializing,density,-0.03460054705570315,-0.13030433417684112,0.06456124748914985
qwen3_4b,steer_actions,real,random_bt,0.25,same,122,initializing,density_nontest,-0.03460054705570315,-0.13030433417684112,0.06456124748914985
qwen3_4b,steer_actions,real,random_bt,0.25,same,122,initializing,density_testlex,0.0,0.0,0.0
qwen3_4b,steer_actions,real,random_bt,0.25,same,122,deduction,density,-0.023203810526386412,-0.2851209916710147,0.24278350880419472
qwen3_4b,steer_actions,real,random_bt,0.25,same,122,deduction,density_nontest,-2.352211423104161e-05,-0.2599113242068835,0.27221763126389154
qwen3_4b,steer_actions,real,random_bt,0.25,same,122,deduction,density_testlex,-0.023180288412155345,-0.07499938959578263,0.026071668657072174
qwen3_4b,steer_actions,real,random_bt,0.25,same,122,adding-knowledge,density,-0.020291154086022074,-0.2057011802340632,0.15577813135593138
qwen3_4b,steer_actions,real,random_bt,0.25,same,122,adding-knowledge,density_nontest,-0.006714081281514537,-0.19619372679330996,0.1708753233168757
qwen3_4b,steer_actions,real,random_bt,0.25,same,122,adding-knowledge,density_testlex,-0.013577072804507543,-0.027895019488524554,0.00045403800030981406
qwen3_4b,steer_actions,real,random_bt,0.25,same,122,example-testing,density,-0.037084436512554955,-0.13323634717310173,0.057554184932098025
qwen3_4b,steer_actions,real,random_bt,0.25,same,122,example-testing,density_nontest,-0.03814503242075613,-0.13402283928912068,0.05473770820179214
qwen3_4b,steer_actions,real,random_bt,0.25,same,122,example-testing,density_testlex,0.0010605959082011615,-0.006046387887875784,0.01028877152068043
qwen3_4b,steer_actions,real,random_bt,0.25,same,122,uncertainty-estimation,density,0.013137971732242397,-0.1274844665552401,0.1582607379443893
qwen3_4b,steer_actions,real,random_bt,0.25,same,122,uncertainty-estimation,density_nontest,0.05651142262432963,-0.08611601233250409,0.20589236499028063
qwen3_4b,steer_actions,real,random_bt,0.25,same,122,uncertainty-estimation,density_testlex,-0.04337345089208724,-0.08466736721150286,-0.0030594530120756896
qwen3_4b,steer_actions,real,random_bt,0.25,same,122,backtracking,density,-0.01682023488937136,-0.087756787767791,0.05370566596633219
qwen3_4b,steer_actions,real,random_bt,0.25,same,122,backtracking,density_nontest,-0.012259452794532468,-0.08323845553685247,0.058176919621812026
qwen3_4b,steer_actions,real,random_bt,0.25,same,122,backtracking,density_testlex,-0.004560782094838895,-0.011430499770375089,0.0
qwen3_4b,steer_actions,real,random_unc,0.25,gained,14,initializing,density,-0.015257148986831651,-0.22266048255725532,0.2118282372444003
qwen3_4b,steer_actions,real,random_unc,0.25,gained,14,initializing,density_nontest,-0.015257148986831651,-0.22266048255725532,0.2118282372444003
qwen3_4b,steer_actions,real,random_unc,0.25,gained,14,initializing,density_testlex,0.0,0.0,0.0
qwen3_4b,steer_actions,real,random_unc,0.25,gained,14,deduction,density,0.04998561474417852,-0.41768194225907546,0.4937073998723103
qwen3_4b,steer_actions,real,random_unc,0.25,gained,14,deduction,density_nontest,0.15823274014349467,-0.3074171702566364,0.5767682536542968
qwen3_4b,steer_actions,real,random_unc,0.25,gained,14,deduction,density_testlex,-0.10824712539931623,-0.25604094601432736,0.01523866679249986
qwen3_4b,steer_actions,real,random_unc,0.25,gained,14,adding-knowledge,density,-0.42000653085511647,-0.8818335108980119,0.10206806901980876
qwen3_4b,steer_actions,real,random_unc,0.25,gained,14,adding-knowledge,density_nontest,-0.42000653085511647,-0.8818335108980119,0.10206806901980876
qwen3_4b,steer_actions,real,random_unc,0.25,gained,14,adding-knowledge,density_testlex,0.0,0.0,0.0
qwen3_4b,steer_actions,real,random_unc,0.25,gained,14,example-testing,density,0.05281092870723192,0.0,0.1142108468406744
qwen3_4b,steer_actions,real,random_unc,0.25,gained,14,example-testing,density_nontest,0.05281092870723192,0.0,0.1142108468406744
qwen3_4b,steer_actions,real,random_unc,0.25,gained,14,example-testing,density_testlex,0.0,0.0,0.0
qwen3_4b,steer_actions,real,random_unc,0.25,gained,14,uncertainty-estimation,density,0.2110908432379146,-0.3647701596519892,0.7938176786093665
qwen3_4b,steer_actions,real,random_unc,0.25,gained,14,uncertainty-estimation,density_nontest,0.3493268457423578,-0.19489021650064375,0.9049506900314281
qwen3_4b,steer_actions,real,random_unc,0.25,gained,14,uncertainty-estimation,density_testlex,-0.13823600250444315,-0.3112914825140261,0.04198651361616526
qwen3_4b,steer_actions,real,random_unc,0.25,gained,14,backtracking,density,-0.014236009268310717,-0.19787130645351736,0.1829466811569259
qwen3_4b,steer_actions,real,random_unc,0.25,gained,14,backtracking,density_nontest,-0.014236009268310717,-0.19787130645351736,0.1829466811569259
qwen3_4b,steer_actions,real,random_unc,0.25,gained,14,backtracking,density_testlex,0.0,0.0,0.0
qwen3_4b,steer_actions,real,random_unc,0.25,comply_both,101,initializing,density,-0.060129023602441156,-0.17759029965684567,0.07424818413811235
qwen3_4b,steer_actions,real,random_unc,0.25,comply_both,101,initializing,density_nontest,-0.060129023602441156,-0.17759029965684567,0.07424818413811235
qwen3_4b,steer_actions,real,random_unc,0.25,comply_both,101,initializing,density_testlex,0.0,0.0,0.0
qwen3_4b,steer_actions,real,random_unc,0.25,comply_both,101,deduction,density,-0.09546235660962,-0.39684514040298935,0.206101475646094
qwen3_4b,steer_actions,real,random_unc,0.25,comply_both,101,deduction,density_nontest,-0.08287627715887011,-0.3815960583243223,0.2282310122062097
qwen3_4b,steer_actions,real,random_unc,0.25,comply_both,101,deduction,density_testlex,-0.01258607945074991,-0.05242890682986736,0.033274935248444895
qwen3_4b,steer_actions,real,random_unc,0.25,comply_both,101,adding-knowledge,density,0.051896008301425024,-0.15065511919833433,0.2571503273521765
qwen3_4b,steer_actions,real,random_unc,0.25,comply_both,101,adding-knowledge,density_nontest,0.058304937390908015,-0.14062701820010748,0.2660453740452628
qwen3_4b,steer_actions,real,random_unc,0.25,comply_both,101,adding-knowledge,density_testlex,-0.006408929089482996,-0.025038829886705798,0.012439408200220775
qwen3_4b,steer_actions,real,random_unc,0.25,comply_both,101,example-testing,density,-0.10440354951462591,-0.2083253079895937,-0.008872232719263122
qwen3_4b,steer_actions,real,random_unc,0.25,comply_both,101,example-testing,density_nontest,-0.1051163563392244,-0.20766191572677437,-0.009717386787047562
qwen3_4b,steer_actions,real,random_unc,0.25,comply_both,101,example-testing,density_testlex,0.0007128068245984883,-0.00858467349625136,0.010723093970046825
qwen3_4b,steer_actions,real,random_unc,0.25,comply_both,101,uncertainty-estimation,density,0.0359621291025167,-0.11864609348293059,0.1797213901652269
qwen3_4b,steer_actions,real,random_unc,0.25,comply_both,101,uncertainty-estimation,density_nontest,0.014901012119814408,-0.13277961639903585,0.14629546792345552
qwen3_4b,steer_actions,real,random_unc,0.25,comply_both,101,uncertainty-estimation,density_testlex,0.02106111698270229,-0.035335310905722075,0.07639991152487403
qwen3_4b,steer_actions,real,random_unc,0.25,comply_both,101,backtracking,density,-0.007524232856822245,-0.09123427048292548,0.07185294197526135
qwen3_4b,steer_actions,real,random_unc,0.25,comply_both,101,backtracking,density_nontest,-0.007742047826629609,-0.0907748953713661,0.07299554482169988
qwen3_4b,steer_actions,real,random_unc,0.25,comply_both,101,backtracking,density_testlex,0.00021781496980736962,-0.011018127040996934,0.011741993414581417
qwen3_4b,steer_actions,real,random_unc,0.25,refuse_both,26,initializing,density,-0.1018657448916481,-0.24653691969544012,0.04328772203651274
qwen3_4b,steer_actions,real,random_unc,0.25,refuse_both,26,initializing,density_nontest,-0.1018657448916481,-0.24653691969544012,0.04328772203651274
qwen3_4b,steer_actions,real,random_unc,0.25,refuse_both,26,initializing,density_testlex,0.0,0.0,0.0
qwen3_4b,steer_actions,real,random_unc,0.25,refuse_both,26,deduction,density,-0.1479090353062031,-0.6475523915569609,0.35555358083406635
qwen3_4b,steer_actions,real,random_unc,0.25,refuse_both,26,deduction,density_nontest,-0.09654042358453935,-0.5922985166725769,0.4223979820354621
qwen3_4b,steer_actions,real,random_unc,0.25,refuse_both,26,deduction,density_testlex,-0.051368611721663696,-0.1630998042100649,0.058232671529019994
qwen3_4b,steer_actions,real,random_unc,0.25,refuse_both,26,adding-knowledge,density,0.20659955847779737,-0.13548748837650076,0.562823823545781
qwen3_4b,steer_actions,real,random_unc,0.25,refuse_both,26,adding-knowledge,density_nontest,0.21554223865335423,-0.13338254998860116,0.5686677345324264
qwen3_4b,steer_actions,real,random_unc,0.25,refuse_both,26,adding-knowledge,density_testlex,-0.008942680175556892,-0.0594000594000594,0.04056142241073741
qwen3_4b,steer_actions,real,random_unc,0.25,refuse_both,26,example-testing,density,0.01622849724115547,0.0,0.04868549172346641
qwen3_4b,steer_actions,real,random_unc,0.25,refuse_both,26,example-testing,density_nontest,0.01622849724115547,0.0,0.04868549172346641
qwen3_4b,steer_actions,real,random_unc,0.25,refuse_both,26,example-testing,density_testlex,0.0,0.0,0.0
qwen3_4b,steer_actions,real,random_unc,0.25,refuse_both,26,uncertainty-estimation,density,0.17615199085670788,-0.1509181504496132,0.5215269598480538
qwen3_4b,steer_actions,real,random_unc,0.25,refuse_both,26,uncertainty-estimation,density_nontest,0.24503431002507997,-0.04910002007744472,0.5483044633827004
qwen3_4b,steer_actions,real,random_unc,0.25,refuse_both,26,uncertainty-estimation,density_testlex,-0.06888231916837205,-0.15404224535007352,0.01496039272790466
qwen3_4b,steer_actions,real,random_unc,0.25,refuse_both,26,backtracking,density,-0.1153420206041335,-0.26213110733524303,0.029204658651804737
qwen3_4b,steer_actions,real,random_unc,0.25,refuse_both,26,backtracking,density_nontest,-0.12985580870282726,-0.2777773805468404,0.016192797283965304
qwen3_4b,steer_actions,real,random_unc,0.25,refuse_both,26,backtracking,density_testlex,0.01451378809869376,0.0,0.043541364296081284
qwen3_4b,steer_actions,real,random_unc,0.25,same,127,initializing,density,-0.068673549220704,-0.1711311012885273,0.03216981930127849
qwen3_4b,steer_actions,real,random_unc,0.25,same,127,initializing,density_nontest,-0.068673549220704,-0.1711311012885273,0.03216981930127849
qwen3_4b,steer_actions,real,random_unc,0.25,same,127,initializing,density_testlex,0.0,0.0,0.0
qwen3_4b,steer_actions,real,random_unc,0.25,same,127,deduction,density,-0.10619947193332997,-0.3499229899428471,0.1488997081975093
qwen3_4b,steer_actions,real,random_unc,0.25,same,127,deduction,density_nontest,-0.08567366146648742,-0.3298390044612196,0.1720922156130807
qwen3_4b,steer_actions,real,random_unc,0.25,same,127,deduction,density_testlex,-0.02052581046684249,-0.06114301012950066,0.020564511805579114
qwen3_4b,steer_actions,real,random_unc,0.25,same,127,adding-knowledge,density,0.08356760125091861,-0.08968089889382432,0.2592329650180801
qwen3_4b,steer_actions,real,random_unc,0.25,same,127,adding-knowledge,density_nontest,0.09049525103518839,-0.08600794016502256,0.2675772212357681
qwen3_4b,steer_actions,real,random_unc,0.25,same,127,adding-knowledge,density_testlex,-0.006927649784269778,-0.026475762878041858,0.012823741220417793
qwen3_4b,steer_actions,real,random_unc,0.25,same,127,example-testing,density,-0.07970722498194625,-0.15872222218365079,0.0014988657899549624
qwen3_4b,steer_actions,real,random_unc,0.25,same,127,example-testing,density_nontest,-0.08027410285032774,-0.1583745844779206,0.0008951787162483975
qwen3_4b,steer_actions,real,random_unc,0.25,same,127,example-testing,density_testlex,0.0005668778683814749,-0.006827181284420373,0.008527814889564798
qwen3_4b,steer_actions,real,random_unc,0.25,same,127,uncertainty-estimation,density,0.06466241576085503,-0.06902255690403108,0.19639184610834104
qwen3_4b,steer_actions,real,random_unc,0.25,same,127,uncertainty-estimation,density_nontest,0.062014915627979034,-0.07129283677900969,0.19043217574019908
qwen3_4b,steer_actions,real,random_unc,0.25,same,127,uncertainty-estimation,density_testlex,0.002647500132876048,-0.04154787779454146,0.050129155992125043
qwen3_4b,steer_actions,real,random_unc,0.25,same,127,backtracking,density,-0.02959716578146863,-0.10240889284711432,0.04271983455922575
qwen3_4b,steer_actions,real,random_unc,0.25,same,127,backtracking,density_nontest,-0.03274171540758346,-0.10613045494799174,0.0420818209933275
qwen3_4b,steer_actions,real,random_unc,0.25,same,127,backtracking,density_testlex,0.00314454962611482,-0.006599256349727682,0.013688169933809027
qwen3_4b,steer_actions,real,shuffled_bt,0.25,comply_both,70,initializing,density,-0.2807163183146042,-0.4147767442203307,-0.1553717685478507
qwen3_4b,steer_actions,real,shuffled_bt,0.25,comply_both,70,initializing,density_nontest,-0.2807163183146042,-0.4147767442203307,-0.1553717685478507
qwen3_4b,steer_actions,real,shuffled_bt,0.25,comply_both,70,initializing,density_testlex,0.0,0.0,0.0
qwen3_4b,steer_actions,real,shuffled_bt,0.25,comply_both,70,deduction,density,-0.7423352784592815,-1.070908093642742,-0.4205163800861614
qwen3_4b,steer_actions,real,shuffled_bt,0.25,comply_both,70,deduction,density_nontest,-0.6653582550653234,-0.9934371645931072,-0.33688114991724316
qwen3_4b,steer_actions,real,shuffled_bt,0.25,comply_both,70,deduction,density_testlex,-0.07697702339395825,-0.12585126103880837,-0.028782609593918335
qwen3_4b,steer_actions,real,shuffled_bt,0.25,comply_both,70,adding-knowledge,density,-0.2703328163218629,-0.5083148201649874,-0.023310746190128386
qwen3_4b,steer_actions,real,shuffled_bt,0.25,comply_both,70,adding-knowledge,density_nontest,-0.25078060949208497,-0.49084636190090297,-0.006977779298680995
qwen3_4b,steer_actions,real,shuffled_bt,0.25,comply_both,70,adding-knowledge,density_testlex,-0.01955220682977794,-0.04432014422418648,7.138003300573773e-06
qwen3_4b,steer_actions,real,shuffled_bt,0.25,comply_both,70,example-testing,density,0.04569159390691059,-0.10175103694401462,0.1902612255677675
qwen3_4b,steer_actions,real,shuffled_bt,0.25,comply_both,70,example-testing,density_nontest,0.04565548178599758,-0.09537620416227822,0.188754155431654
qwen3_4b,steer_actions,real,shuffled_bt,0.25,comply_both,70,example-testing,density_testlex,3.6112120913010604e-05,-0.012386457473162677,0.012494793835901708
qwen3_4b,steer_actions,real,shuffled_bt,0.25,comply_both,70,uncertainty-estimation,density,0.42181369624743176,0.24978312600851385,0.592279052470356
qwen3_4b,steer_actions,real,shuffled_bt,0.25,comply_both,70,uncertainty-estimation,density_nontest,0.3768770582081754,0.19448682228348413,0.5539303223148457
qwen3_4b,steer_actions,real,shuffled_bt,0.25,comply_both,70,uncertainty-estimation,density_testlex,0.04493663803925635,-0.023644175584442446,0.10786484145125162
qwen3_4b,steer_actions,real,shuffled_bt,0.25,comply_both,70,backtracking,density,0.051238283304037284,-0.039504693129974254,0.14099917217808325
qwen3_4b,steer_actions,real,shuffled_bt,0.25,comply_both,70,backtracking,density_nontest,0.055162930085826935,-0.03219146450514166,0.14357368584750335
qwen3_4b,steer_actions,real,shuffled_bt,0.25,comply_both,70,backtracking,density_testlex,-0.0039246467817896395,-0.011773940345368918,0.0
qwen3_4b,steer_actions,real,shuffled_bt,0.25,refuse_both,31,initializing,density,-0.2802555563001094,-0.39514318056601644,-0.1715849328346911
qwen3_4b,steer_actions,real,shuffled_bt,0.25,refuse_both,31,initializing,density_nontest,-0.2802555563001094,-0.39514318056601644,-0.1715849328346911
qwen3_4b,steer_actions,real,shuffled_bt,0.25,refuse_both,31,initializing,density_testlex,0.0,0.0,0.0
qwen3_4b,steer_actions,real,shuffled_bt,0.25,refuse_both,31,deduction,density,-0.6911813338000782,-1.0556252464913762,-0.3173839183346828
qwen3_4b,steer_actions,real,shuffled_bt,0.25,refuse_both,31,deduction,density_nontest,-0.6376198728056426,-1.0052395170476345,-0.23533353745267674
qwen3_4b,steer_actions,real,shuffled_bt,0.25,refuse_both,31,deduction,density_testlex,-0.05356146099443545,-0.14486619591089708,0.030721542433191282
qwen3_4b,steer_actions,real,shuffled_bt,0.25,refuse_both,31,adding-knowledge,density,-0.33104080668001296,-0.69100874021157,-0.0037866435356200445
qwen3_4b,steer_actions,real,shuffled_bt,0.25,refuse_both,31,adding-knowledge,density_nontest,-0.3231477020127147,-0.6882134685673882,0.003236616795760255
qwen3_4b,steer_actions,real,shuffled_bt,0.25,refuse_both,31,adding-knowledge,density_testlex,-0.007893104667298216,-0.0471397245590794,0.033235581622678395
qwen3_4b,steer_actions,real,shuffled_bt,0.25,refuse_both,31,example-testing,density,0.00792581437742728,0.0,0.02377744313228184
qwen3_4b,steer_actions,real,shuffled_bt,0.25,refuse_both,31,example-testing,density_nontest,0.0,0.0,0.0
qwen3_4b,steer_actions,real,shuffled_bt,0.25,refuse_both,31,example-testing,density_testlex,0.00792581437742728,0.0,0.02377744313228184
qwen3_4b,steer_actions,real,shuffled_bt,0.25,refuse_both,31,uncertainty-estimation,density,0.30690198641301747,0.0383043765331181,0.5511806660075744
qwen3_4b,steer_actions,real,shuffled_bt,0.25,refuse_both,31,uncertainty-estimation,density_nontest,0.24703979366833556,0.013859678522649008,0.4732751094014131
qwen3_4b,steer_actions,real,shuffled_bt,0.25,refuse_both,31,uncertainty-estimation,density_testlex,0.059862192744681984,-0.056368377113792126,0.1861793467912398
qwen3_4b,steer_actions,real,shuffled_bt,0.25,refuse_both,31,backtracking,density,0.09032567319318525,-0.09687013192521672,0.2775399180516937
qwen3_4b,steer_actions,real,shuffled_bt,0.25,refuse_both,31,backtracking,density_nontest,0.08453427920465224,-0.10030800007927795,0.2690266694743808
qwen3_4b,steer_actions,real,shuffled_bt,0.25,refuse_both,31,backtracking,density_testlex,0.00579139398853304,0.0,0.01737418196559912
qwen3_4b,steer_actions,real,shuffled_bt,0.25,same,101,initializing,density,-0.28057489631015525,-0.3754685064743509,-0.18882912149420422
qwen3_4b,steer_actions,real,shuffled_bt,0.25,same,101,initializing,density_nontest,-0.28057489631015525,-0.3754685064743509,-0.18882912149420422
qwen3_4b,steer_actions,real,shuffled_bt,0.25,same,101,initializing,density_testlex,0.0,0.0,0.0
qwen3_4b,steer_actions,real,shuffled_bt,0.25,same,101,deduction,density,-0.7266345627718034,-0.9698048712365057,-0.47087564141594285
qwen3_4b,steer_actions,real,shuffled_bt,0.25,same,101,deduction,density_nontest,-0.6568444941737381,-0.9080433850925478,-0.3989070363005433
qwen3_4b,steer_actions,real,shuffled_bt,0.25,same,101,deduction,density_testlex,-0.06979006859806511,-0.11236129813077723,-0.026245487199777824
qwen3_4b,steer_actions,real,shuffled_bt,0.25,same,101,adding-knowledge,density,-0.28896596187733464,-0.4782831654450901,-0.08858993273302916
qwen3_4b,steer_actions,real,shuffled_bt,0.25,same,101,adding-knowledge,density_nontest,-0.2729922913548525,-0.46596226221146664,-0.07117039163843465
qwen3_4b,steer_actions,real,shuffled_bt,0.25,same,101,adding-knowledge,density_testlex,-0.015973670522482185,-0.036241980940615086,0.004459500426899907
qwen3_4b,steer_actions,real,shuffled_bt,0.25,same,101,example-testing,density,0.034100117021623626,-0.0686476478083307,0.13617953514976486
qwen3_4b,steer_actions,real,shuffled_bt,0.25,same,101,example-testing,density_nontest,0.031642413119008214,-0.06967532941420054,0.13331598927164953
qwen3_4b,steer_actions,real,shuffled_bt,0.25,same,101,example-testing,density_testlex,0.0024577039026154102,-0.006151997796248927,0.011546344138787057
qwen3_4b,steer_actions,real,shuffled_bt,0.25,same,101,uncertainty-estimation,density,0.3865437655061759,0.23446412057776653,0.5324920193491177
qwen3_4b,steer_actions,real,shuffled_bt,0.25,same,101,uncertainty-estimation,density_nontest,0.33702601661673937,0.20190442374989898,0.4875314850709901
qwen3_4b,steer_actions,real,shuffled_bt,0.25,same,101,uncertainty-estimation,density_testlex,0.0495177488894365,-0.011024410835290103,0.11072225719812093
qwen3_4b,steer_actions,real,shuffled_bt,0.25,same,101,backtracking,density,0.06323540297298369,-0.024481676349596502,0.14914641095618364
qwen3_4b,steer_actions,real,shuffled_bt,0.25,same,101,backtracking,density_nontest,0.06417789862724854,-0.022989386662607796,0.1488991294683053
qwen3_4b,steer_actions,real,shuffled_bt,0.25,same,101,backtracking,density_testlex,-0.0009424956542648566,-0.00816015667500816,0.0043901740579487345
qwen3_4b,steer_actions,real,shuffled_unc,0.25,gained,9,initializing,density,-0.16837233806851093,-0.4581631712706728,0.07148341795013914
qwen3_4b,steer_actions,real,shuffled_unc,0.25,gained,9,initializing,density_nontest,-0.16837233806851093,-0.4581631712706728,0.07148341795013914
qwen3_4b,steer_actions,real,shuffled_unc,0.25,gained,9,initializing,density_testlex,0.0,0.0,0.0
qwen3_4b,steer_actions,real,shuffled_unc,0.25,gained,9,deduction,density,-0.32925175792469963,-1.0285991892254405,0.35909374783813386
qwen3_4b,steer_actions,real,shuffled_unc,0.25,gained,9,deduction,density_nontest,0.002713399061105114,-0.6223882202820983,0.6405326083390323
qwen3_4b,steer_actions,real,shuffled_unc,0.25,gained,9,deduction,density_testlex,-0.3319651569858048,-0.47518445804844456,-0.1941428114512814
qwen3_4b,steer_actions,real,shuffled_unc,0.25,gained,9,adding-knowledge,density,-1.0969019725979496,-1.5938554018861943,-0.6905240373749746
qwen3_4b,steer_actions,real,shuffled_unc,0.25,gained,9,adding-knowledge,density_nontest,-1.1252466437997637,-1.601984212907179,-0.7362055289995025
qwen3_4b,steer_actions,real,shuffled_unc,0.25,gained,9,adding-knowledge,density_testlex,0.02834467120181406,0.0,0.08503401360544219
qwen3_4b,steer_actions,real,shuffled_unc,0.25,gained,9,example-testing,density,0.4395450979330399,0.15992502842077108,0.8140765270579453
qwen3_4b,steer_actions,real,shuffled_unc,0.25,gained,9,example-testing,density_nontest,0.4395450979330399,0.15992502842077108,0.8140765270579453
qwen3_4b,steer_actions,real,shuffled_unc,0.25,gained,9,example-testing,density_testlex,0.0,0.0,0.0
qwen3_4b,steer_actions,real,shuffled_unc,0.25,gained,9,uncertainty-estimation,density,1.0627216574605276,0.5500300002219022,1.6434202586567062
qwen3_4b,steer_actions,real,shuffled_unc,0.25,gained,9,uncertainty-estimation,density_nontest,0.9311890551804896,0.4333811027224242,1.4450298851492718
qwen3_4b,steer_actions,real,shuffled_unc,0.25,gained,9,uncertainty-estimation,density_testlex,0.131532602280038,-0.020921617609667216,0.3332122390057416
qwen3_4b,steer_actions,real,shuffled_unc,0.25,gained,9,backtracking,density,-0.05852547022560114,-0.2317121830082159,0.0951350431657289
qwen3_4b,steer_actions,real,shuffled_unc,0.25,gained,9,backtracking,density_nontest,-0.05852547022560114,-0.2317121830082159,0.0951350431657289
qwen3_4b,steer_actions,real,shuffled_unc,0.25,gained,9,backtracking,density_testlex,0.0,0.0,0.0
qwen3_4b,steer_actions,real,shuffled_unc,0.25,lost,8,initializing,density,-0.13297725020817228,-0.4809533959565762,0.0818842768563403
qwen3_4b,steer_actions,real,shuffled_unc,0.25,lost,8,initializing,density_nontest,-0.13297725020817228,-0.4809533959565762,0.0818842768563403
qwen3_4b,steer_actions,real,shuffled_unc,0.25,lost,8,initializing,density_testlex,0.0,0.0,0.0
qwen3_4b,steer_actions,real,shuffled_unc,0.25,lost,8,deduction,density,-0.3559333963217123,-1.2758590481960168,0.7252046934369016
qwen3_4b,steer_actions,real,shuffled_unc,0.25,lost,8,deduction,density_nontest,-0.49110384453042166,-1.2176413219085163,0.2833843658216026
qwen3_4b,steer_actions,real,shuffled_unc,0.25,lost,8,deduction,density_testlex,0.13517044820870924,-0.12010921332317318,0.5247286471120299
qwen3_4b,steer_actions,real,shuffled_unc,0.25,lost,8,adding-knowledge,density,-0.339991917862631,-0.9528809244048616,0.38244761447323855
qwen3_4b,steer_actions,real,shuffled_unc,0.25,lost,8,adding-knowledge,density_nontest,-0.339991917862631,-0.9528809244048616,0.38244761447323855
qwen3_4b,steer_actions,real,shuffled_unc,0.25,lost,8,adding-knowledge,density_testlex,0.0,0.0,0.0
qwen3_4b,steer_actions,real,shuffled_unc,0.25,lost,8,example-testing,density,0.08140757577288327,-0.14806883017411093,0.28327580200779046
qwen3_4b,steer_actions,real,shuffled_unc,0.25,lost,8,example-testing,density_nontest,0.08140757577288327,-0.14806883017411093,0.28327580200779046
qwen3_4b,steer_actions,real,shuffled_unc,0.25,lost,8,example-testing,density_testlex,0.0,0.0,0.0
qwen3_4b,steer_actions,real,shuffled_unc,0.25,lost,8,uncertainty-estimation,density,0.4460485745713664,0.049488469357693875,0.8258821051851198
qwen3_4b,steer_actions,real,shuffled_unc,0.25,lost,8,uncertainty-estimation,density_nontest,0.2835002266604469,0.03741880423873109,0.5423857288833277
qwen3_4b,steer_actions,real,shuffled_unc,0.25,lost,8,uncertainty-estimation,density_testlex,0.1625483479109195,-0.04119033239026082,0.33926022772994263
qwen3_4b,steer_actions,real,shuffled_unc,0.25,lost,8,backtracking,density,0.055077787148097315,-0.20778026781432318,0.2669139991438104
qwen3_4b,steer_actions,real,shuffled_unc,0.25,lost,8,backtracking,density_nontest,0.055077787148097315,-0.20778026781432318,0.2669139991438104
qwen3_4b,steer_actions,real,shuffled_unc,0.25,lost,8,backtracking,density_testlex,0.0,0.0,0.0
qwen3_4b,steer_actions,real,shuffled_unc,0.25,comply_both,84,initializing,density,-0.22979522679796638,-0.35462814305019214,-0.11491671119969168
qwen3_4b,steer_actions,real,shuffled_unc,0.25,comply_both,84,initializing,density_nontest,-0.22979522679796638,-0.35462814305019214,-0.11491671119969168
qwen3_4b,steer_actions,real,shuffled_unc,0.25,comply_both,84,initializing,density_testlex,0.0,0.0,0.0
qwen3_4b,steer_actions,real,shuffled_unc,0.25,comply_both,84,deduction,density,-1.003065051890981,-1.3031328303954706,-0.7040492343038093
qwen3_4b,steer_actions,real,shuffled_unc,0.25,comply_both,84,deduction,density_nontest,-0.9662822588545714,-1.2768787498146215,-0.6582642352697985
qwen3_4b,steer_actions,real,shuffled_unc,0.25,comply_both,84,deduction,density_testlex,-0.03678279303640969,-0.09623859315435772,0.02884093560211927
qwen3_4b,steer_actions,real,shuffled_unc,0.25,comply_both,84,adding-knowledge,density,-0.45904719138726235,-0.6840796503971963,-0.22688213314339786
qwen3_4b,steer_actions,real,shuffled_unc,0.25,comply_both,84,adding-knowledge,density_nontest,-0.45349029134605473,-0.6834881976300257,-0.22827298498847864
qwen3_4b,steer_actions,real,shuffled_unc,0.25,comply_both,84,adding-knowledge,density_testlex,-0.005556900041207677,-0.029075209846772972,0.018790530148406977
qwen3_4b,steer_actions,real,shuffled_unc,0.25,comply_both,84,example-testing,density,0.2309251502651215,0.07817926788318141,0.39449417539739207
qwen3_4b,steer_actions,real,shuffled_unc,0.25,comply_both,84,example-testing,density_nontest,0.23132781369104913,0.08067955505466107,0.3944883402176185
qwen3_4b,steer_actions,real,shuffled_unc,0.25,comply_both,84,example-testing,density_testlex,-0.00040266342592760356,-0.0048860835542283015,0.003678093276445491
qwen3_4b,steer_actions,real,shuffled_unc,0.25,comply_both,84,uncertainty-estimation,density,0.1390195649563575,-0.022010631375231,0.2919092732524052
qwen3_4b,steer_actions,real,shuffled_unc,0.25,comply_both,84,uncertainty-estimation,density_nontest,0.11319220115470385,-0.059504199170113355,0.27748899973094293
qwen3_4b,steer_actions,real,shuffled_unc,0.25,comply_both,84,uncertainty-estimation,density_testlex,0.025827363801653676,-0.03032815207334153,0.08293108037410746
qwen3_4b,steer_actions,real,shuffled_unc,0.25,comply_both,84,backtracking,density,-0.07449684481269664,-0.16968098954498634,0.017822394872421935
qwen3_4b,steer_actions,real,shuffled_unc,0.25,comply_both,84,backtracking,density_nontest,-0.07268121126652309,-0.16905513670749775,0.017953422815572072
qwen3_4b,steer_actions,real,shuffled_unc,0.25,comply_both,84,backtracking,density_testlex,-0.0018156335461735548,-0.013647404930587899,0.00896167221089543
qwen3_4b,steer_actions,real,shuffled_unc,0.25,refuse_both,25,initializing,density,-0.06103330704567393,-0.2007381227311357,0.07445144676626719
qwen3_4b,steer_actions,real,shuffled_unc,0.25,refuse_both,25,initializing,density_nontest,-0.08054550216762518,-0.2242697945465559,0.05967717850036209
qwen3_4b,steer_actions,real,shuffled_unc,0.25,refuse_both,25,initializing,density_testlex,0.01951219512195122,0.0,0.058536585365853655
qwen3_4b,steer_actions,real,shuffled_unc,0.25,refuse_both,25,deduction,density,-0.7845998537332497,-1.2584813372415784,-0.3318944431957165
qwen3_4b,steer_actions,real,shuffled_unc,0.25,refuse_both,25,deduction,density_nontest,-0.8957011947450728,-1.3917123798328699,-0.400499653819454
qwen3_4b,steer_actions,real,shuffled_unc,0.25,refuse_both,25,deduction,density_testlex,0.1111013410118234,-0.06981329782285194,0.28816845479719927
qwen3_4b,steer_actions,real,shuffled_unc,0.25,refuse_both,25,adding-knowledge,density,-0.34953204507483127,-0.6701664683255151,-0.033833788514974775
qwen3_4b,steer_actions,real,shuffled_unc,0.25,refuse_both,25,adding-knowledge,density_nontest,-0.34147901263155495,-0.6553880940065322,-0.023743720397503356
qwen3_4b,steer_actions,real,shuffled_unc,0.25,refuse_both,25,adding-knowledge,density_testlex,-0.008053032443276346,-0.05845325845325846,0.04716074959977398
qwen3_4b,steer_actions,real,shuffled_unc,0.25,refuse_both,25,example-testing,density,0.05152910328339791,0.009259259259259259,0.1126224767193013
qwen3_4b,steer_actions,real,shuffled_unc,0.25,refuse_both,25,example-testing,density_nontest,0.05152910328339791,0.009259259259259259,0.1126224767193013
qwen3_4b,steer_actions,real,shuffled_unc,0.25,refuse_both,25,example-testing,density_testlex,0.0,0.0,0.0
qwen3_4b,steer_actions,real,shuffled_unc,0.25,refuse_both,25,uncertainty-estimation,density,0.2764379970639931,-0.04752473999802375,0.6036215532732901
qwen3_4b,steer_actions,real,shuffled_unc,0.25,refuse_both,25,uncertainty-estimation,density_nontest,0.09529957310238277,-0.1426314424976036,0.336579168733354
qwen3_4b,steer_actions,real,shuffled_unc,0.25,refuse_both,25,uncertainty-estimation,density_testlex,0.18113842396161026,0.02165354129914045,0.37230540940270984
qwen3_4b,steer_actions,real,shuffled_unc,0.25,refuse_both,25,backtracking,density,-0.14748620402764578,-0.3482521858864998,0.03622736742075924
qwen3_4b,steer_actions,real,shuffled_unc,0.25,refuse_both,25,backtracking,density_nontest,-0.14748620402764578,-0.3482521858864998,0.03622736742075924
qwen3_4b,steer_actions,real,shuffled_unc,0.25,refuse_both,25,backtracking,density_testlex,0.0,0.0,0.0
qwen3_4b,steer_actions,real,shuffled_unc,0.25,same,109,initializing,density,-0.19108836446945898,-0.2959797854440953,-0.09890347752419229
qwen3_4b,steer_actions,real,shuffled_unc,0.25,same,109,initializing,density_nontest,-0.19556363857999826,-0.301485809911381,-0.10221164127370236
qwen3_4b,steer_actions,real,shuffled_unc,0.25,same,109,initializing,density_testlex,0.00447527411053927,0.0,0.013425822331617812
qwen3_4b,steer_actions,real,shuffled_unc,0.25,same,109,deduction,density,-0.9529583550658132,-1.1989388499945457,-0.6989182840343011
qwen3_4b,steer_actions,real,shuffled_unc,0.25,same,109,deduction,density_nontest,-0.9500939413982644,-1.2082348150186948,-0.688319368107699
qwen3_4b,steer_actions,real,shuffled_unc,0.25,same,109,deduction,density_testlex,-0.0028644136675488848,-0.0629755760322009,0.062069846012060725
qwen3_4b,steer_actions,real,shuffled_unc,0.25,same,109,adding-knowledge,density,-0.43392903856331033,-0.6349665363472249,-0.24292623682808687
qwen3_4b,steer_actions,real,shuffled_unc,0.25,same,109,adding-knowledge,density_nontest,-0.42779963109043545,-0.6296775390360464,-0.2366317033604017
qwen3_4b,steer_actions,real,shuffled_unc,0.25,same,109,adding-knowledge,density_testlex,-0.0061294074728748035,-0.02764999452424528,0.015459227222884703
qwen3_4b,steer_actions,real,shuffled_unc,0.25,same,109,example-testing,density,0.1897792679298638,0.0746277809462713,0.31934829007971877
qwen3_4b,steer_actions,real,shuffled_unc,0.25,same,109,example-testing,density_nontest,0.19008957735901905,0.07607096731205197,0.3188413933875565
qwen3_4b,steer_actions,real,shuffled_unc,0.25,same,109,example-testing,density_testlex,-0.0003103094291552174,-0.0037654221885796086,0.0018896626007426376
qwen3_4b,steer_actions,real,shuffled_unc,0.25,same,109,uncertainty-estimation,density,0.17053755397187031,0.020848914860716782,0.3146578454656739
qwen3_4b,steer_actions,real,shuffled_unc,0.25,same,109,uncertainty-estimation,density_nontest,0.10908838738123573,-0.04133851662435424,0.25309453160272627
qwen3_4b,steer_actions,real,shuffled_unc,0.25,same,109,uncertainty-estimation,density_testlex,0.06144916659063455,0.0018292935579108111,0.11891264681130687
qwen3_4b,steer_actions,real,shuffled_unc,0.25,same,109,backtracking,density,-0.0912375235317217,-0.17588499896177415,-0.008845673480361499
qwen3_4b,steer_actions,real,shuffled_unc,0.25,same,109,backtracking,density_nontest,-0.08983831969797323,-0.17411700145209674,-0.0078003716670460395
qwen3_4b,steer_actions,real,shuffled_unc,0.25,same,109,backtracking,density_testlex,-0.0013992038337484276,-0.0103401557614405,0.006829512600450748
qwen3_4b,steer_actions,real,unc_neg,-0.25,gained,16,initializing,density,-0.04359244652953327,-0.31920812536627236,0.23202114521880163
qwen3_4b,steer_actions,real,unc_neg,-0.25,gained,16,initializing,density_nontest,-0.04359244652953327,-0.31920812536627236,0.23202114521880163
qwen3_4b,steer_actions,real,unc_neg,-0.25,gained,16,initializing,density_testlex,0.0,0.0,0.0
qwen3_4b,steer_actions,real,unc_neg,-0.25,gained,16,deduction,density,0.35492198532846275,-0.3479842885371859,1.0546248392288475
qwen3_4b,steer_actions,real,unc_neg,-0.25,gained,16,deduction,density_nontest,0.6765629097093222,-0.18232990691418424,1.4747627248418156
qwen3_4b,steer_actions,real,unc_neg,-0.25,gained,16,deduction,density_testlex,-0.32164092438085934,-0.5440484234921085,-0.08734440512275825
qwen3_4b,steer_actions,real,unc_neg,-0.25,gained,16,adding-knowledge,density,-0.6521592142482668,-1.1188729465062894,-0.20747076546792523
qwen3_4b,steer_actions,real,unc_neg,-0.25,gained,16,adding-knowledge,density_nontest,-0.667147223840593,-1.129391211976049,-0.22774453779396456
qwen3_4b,steer_actions,real,unc_neg,-0.25,gained,16,adding-knowledge,density_testlex,0.01498800959232614,0.0,0.044964028776978415
qwen3_4b,steer_actions,real,unc_neg,-0.25,gained,16,example-testing,density,0.08511214141399698,0.01498800959232614,0.16749985657456262
qwen3_4b,steer_actions,real,unc_neg,-0.25,gained,16,example-testing,density_nontest,0.08511214141399698,0.01498800959232614,0.16749985657456262
qwen3_4b,steer_actions,real,unc_neg,-0.25,gained,16,example-testing,density_testlex,0.0,0.0,0.0
qwen3_4b,steer_actions,real,unc_neg,-0.25,gained,16,uncertainty-estimation,density,0.0174856515854446,-0.28243222038396304,0.31027774282650866
qwen3_4b,steer_actions,real,unc_neg,-0.25,gained,16,uncertainty-estimation,density_nontest,0.17367593953460406,-0.10971906254794521,0.4563946260003248
qwen3_4b,steer_actions,real,unc_neg,-0.25,gained,16,uncertainty-estimation,density_testlex,-0.15619028794915946,-0.27778255729929363,-0.052208386031737164
qwen3_4b,steer_actions,real,unc_neg,-0.25,gained,16,backtracking,density,-0.09768984538786213,-0.2648332697994677,0.07552125005407341
qwen3_4b,steer_actions,real,unc_neg,-0.25,gained,16,backtracking,density_nontest,-0.09768984538786213,-0.2648332697994677,0.07552125005407341
qwen3_4b,steer_actions,real,unc_neg,-0.25,gained,16,backtracking,density_testlex,0.0,0.0,0.0
qwen3_4b,steer_actions,real,unc_neg,-0.25,lost,8,initializing,density,0.09673507542026925,-0.2964743816054209,0.5118245803406827
qwen3_4b,steer_actions,real,unc_neg,-0.25,lost,8,initializing,density_nontest,0.09673507542026925,-0.2964743816054209,0.5118245803406827
qwen3_4b,steer_actions,real,unc_neg,-0.25,lost,8,initializing,density_testlex,0.0,0.0,0.0
qwen3_4b,steer_actions,real,unc_neg,-0.25,lost,8,deduction,density,0.1718714290111067,-0.534050349405594,0.915249506253026
qwen3_4b,steer_actions,real,unc_neg,-0.25,lost,8,deduction,density_nontest,0.02883204472830536,-0.7713992146643263,0.8687019695413232
qwen3_4b,steer_actions,real,unc_neg,-0.25,lost,8,deduction,density_testlex,0.1430393842828014,-0.01812328406642659,0.33578984904314746
qwen3_4b,steer_actions,real,unc_neg,-0.25,lost,8,adding-knowledge,density,-0.4553317412081527,-1.3464260783550248,0.4367423466102015
qwen3_4b,steer_actions,real,unc_neg,-0.25,lost,8,adding-knowledge,density_nontest,-0.5247761856525971,-1.443559078045382,0.4177828898862588
qwen3_4b,steer_actions,real,unc_neg,-0.25,lost,8,adding-knowledge,density_testlex,0.06944444444444445,0.0,0.20833333333333334
qwen3_4b,steer_actions,real,unc_neg,-0.25,lost,8,example-testing,density,-0.11517507669522903,-0.2783805405691315,0.0
qwen3_4b,steer_actions,real,unc_neg,-0.25,lost,8,example-testing,density_nontest,-0.11517507669522903,-0.2783805405691315,0.0
qwen3_4b,steer_actions,real,unc_neg,-0.25,lost,8,example-testing,density_testlex,0.0,0.0,0.0
qwen3_4b,steer_actions,real,unc_neg,-0.25,lost,8,uncertainty-estimation,density,-0.7101838973157337,-1.4357696775130993,0.04410111897084584
qwen3_4b,steer_actions,real,unc_neg,-0.25,lost,8,uncertainty-estimation,density_nontest,-0.7538662685304219,-1.4272127021089887,-0.08256039621182844
qwen3_4b,steer_actions,real,unc_neg,-0.25,lost,8,uncertainty-estimation,density_testlex,0.043682371214688195,-0.08356489048708728,0.186178373264466
qwen3_4b,steer_actions,real,unc_neg,-0.25,lost,8,backtracking,density,0.12177277449912638,-0.07130374204846376,0.3972844390189489
qwen3_4b,steer_actions,real,unc_neg,-0.25,lost,8,backtracking,density_nontest,0.12177277449912638,-0.07130374204846376,0.3972844390189489
qwen3_4b,steer_actions,real,unc_neg,-0.25,lost,8,backtracking,density_testlex,0.0,0.0,0.0
qwen3_4b,steer_actions,real,unc_neg,-0.25,comply_both,96,initializing,density,0.023177307112341245,-0.09994485365623132,0.1406314296843191
qwen3_4b,steer_actions,real,unc_neg,-0.25,comply_both,96,initializing,density_nontest,0.023177307112341245,-0.09994485365623132,0.1406314296843191
qwen3_4b,steer_actions,real,unc_neg,-0.25,comply_both,96,initializing,density_testlex,0.0,0.0,0.0
qwen3_4b,steer_actions,real,unc_neg,-0.25,comply_both,96,deduction,density,0.22540392337414358,-0.12046665603850673,0.5576590306662966
qwen3_4b,steer_actions,real,unc_neg,-0.25,comply_both,96,deduction,density_nontest,0.24897370314230557,-0.11123945929703374,0.5860684132920249
qwen3_4b,steer_actions,real,unc_neg,-0.25,comply_both,96,deduction,density_testlex,-0.023569779768162047,-0.07455078960388774,0.029153617354255333
qwen3_4b,steer_actions,real,unc_neg,-0.25,comply_both,96,adding-knowledge,density,0.19824605136772147,-0.030757054438458824,0.44397602741886644
qwen3_4b,steer_actions,real,unc_neg,-0.25,comply_both,96,adding-knowledge,density_nontest,0.21319608417396788,-0.01885756503856337,0.45926561022239787
qwen3_4b,steer_actions,real,unc_neg,-0.25,comply_both,96,adding-knowledge,density_testlex,-0.014950032806246419,-0.03268484312030727,-0.001733222407099279
qwen3_4b,steer_actions,real,unc_neg,-0.25,comply_both,96,example-testing,density,-0.0666691986490436,-0.17558450601794637,0.04334516040437334
qwen3_4b,steer_actions,real,unc_neg,-0.25,comply_both,96,example-testing,density_nontest,-0.06897322719687891,-0.1768089685481074,0.03788768219800853
qwen3_4b,steer_actions,real,unc_neg,-0.25,comply_both,96,example-testing,density_testlex,0.002304028547835319,-0.009031791907514452,0.01594387755102041
qwen3_4b,steer_actions,real,unc_neg,-0.25,comply_both,96,uncertainty-estimation,density,-0.35756915814593465,-0.5015670490071654,-0.21889361618194222
qwen3_4b,steer_actions,real,unc_neg,-0.25,comply_both,96,uncertainty-estimation,density_nontest,-0.2631061372727174,-0.40505395330390037,-0.12529909288258437
qwen3_4b,steer_actions,real,unc_neg,-0.25,comply_both,96,uncertainty-estimation,density_testlex,-0.09446302087321719,-0.13630082447725603,-0.05675697298638177
qwen3_4b,steer_actions,real,unc_neg,-0.25,comply_both,96,backtracking,density,-0.10636931950083929,-0.19592871443653434,-0.01895722553121718
qwen3_4b,steer_actions,real,unc_neg,-0.25,comply_both,96,backtracking,density_nontest,-0.10057332558864819,-0.1896499343559853,-0.014983809216046404
qwen3_4b,steer_actions,real,unc_neg,-0.25,comply_both,96,backtracking,density_testlex,-0.005795993912191095,-0.014526260124851675,0.0
qwen3_4b,steer_actions,real,unc_neg,-0.25,refuse_both,23,initializing,density,0.19244968830137554,0.04696859989699231,0.362131136299643
qwen3_4b,steer_actions,real,unc_neg,-0.25,refuse_both,23,initializing,density_nontest,0.19244968830137554,0.04696859989699231,0.362131136299643
qwen3_4b,steer_actions,real,unc_neg,-0.25,refuse_both,23,initializing,density_testlex,0.0,0.0,0.0
qwen3_4b,steer_actions,real,unc_neg,-0.25,refuse_both,23,deduction,density,-0.07323161094895134,-0.6289583520455968,0.5114392902666867
qwen3_4b,steer_actions,real,unc_neg,-0.25,refuse_both,23,deduction,density_nontest,0.03578810544071776,-0.5223504615261156,0.623065210075195
qwen3_4b,steer_actions,real,unc_neg,-0.25,refuse_both,23,deduction,density_testlex,-0.10901971638966909,-0.20026011077626824,-0.020624122204510275
qwen3_4b,steer_actions,real,unc_neg,-0.25,refuse_both,23,adding-knowledge,density,0.030743049226983257,-0.2966126979006468,0.3642824104731732
qwen3_4b,steer_actions,real,unc_neg,-0.25,refuse_both,23,adding-knowledge,density_nontest,0.06070525310223062,-0.2622177889397849,0.40224355887458646
qwen3_4b,steer_actions,real,unc_neg,-0.25,refuse_both,23,adding-knowledge,density_testlex,-0.029962203875247357,-0.07671138105920715,0.0
qwen3_4b,steer_actions,real,unc_neg,-0.25,refuse_both,23,example-testing,density,0.0,0.0,0.0
qwen3_4b,steer_actions,real,unc_neg,-0.25,refuse_both,23,example-testing,density_nontest,0.0,0.0,0.0
qwen3_4b,steer_actions,real,unc_neg,-0.25,refuse_both,23,example-testing,density_testlex,0.0,0.0,0.0
qwen3_4b,steer_actions,real,unc_neg,-0.25,refuse_both,23,uncertainty-estimation,density,-0.02285834824415469,-0.40216613084432545,0.40032689845106484
qwen3_4b,steer_actions,real,unc_neg,-0.25,refuse_both,23,uncertainty-estimation,density_nontest,0.1355927776700732,-0.19382677820240474,0.4918975863059201
qwen3_4b,steer_actions,real,unc_neg,-0.25,refuse_both,23,uncertainty-estimation,density_testlex,-0.1584511259142279,-0.3012438240324129,-0.035689502152099914
qwen3_4b,steer_actions,real,unc_neg,-0.25,refuse_both,23,backtracking,density,0.017490925641101048,-0.19195632246231387,0.21544027028623708
qwen3_4b,steer_actions,real,unc_neg,-0.25,refuse_both,23,backtracking,density_nontest,0.017490925641101048,-0.19195632246231387,0.21544027028623708
qwen3_4b,steer_actions,real,unc_neg,-0.25,refuse_both,23,backtracking,density_testlex,0.0,0.0,0.0
qwen3_4b,steer_actions,real,unc_neg,-0.25,same,119,initializing,density,0.05589381776232266,-0.04980765230412377,0.15409212632891495
qwen3_4b,steer_actions,real,unc_neg,-0.25,same,119,initializing,density_nontest,0.05589381776232266,-0.04980765230412377,0.15409212632891495
qwen3_4b,steer_actions,real,unc_neg,-0.25,same,119,initializing,density_testlex,0.0,0.0,0.0
qwen3_4b,steer_actions,real,unc_neg,-0.25,same,119,deduction,density,0.16768445035371346,-0.1322472368807429,0.4524423866463115
qwen3_4b,steer_actions,real,unc_neg,-0.25,same,119,deduction,density_nontest,0.20776976409073813,-0.09851675913861777,0.4984559347235439
qwen3_4b,steer_actions,real,unc_neg,-0.25,same,119,deduction,density_testlex,-0.04008531373702476,-0.08708200742920594,0.009566177220090767
qwen3_4b,steer_actions,real,unc_neg,-0.25,same,119,adding-knowledge,density,0.16587152154220064,-0.03889361556847272,0.3750024776461853
qwen3_4b,steer_actions,real,unc_neg,-0.25,same,119,adding-knowledge,density_nontest,0.18372306640380015,-0.02234543212960587,0.3895166806188026
qwen3_4b,steer_actions,real,unc_neg,-0.25,same,119,adding-knowledge,density_testlex,-0.017851544861599542,-0.0340778269303015,-0.004642770900688377
qwen3_4b,steer_actions,real,unc_neg,-0.25,same,119,example-testing,density,-0.053783555212673834,-0.13816531000425294,0.03054155557802945
qwen3_4b,steer_actions,real,unc_neg,-0.25,same,119,example-testing,density_nontest,-0.055642267318490556,-0.13868081468554605,0.02771758279853739
qwen3_4b,steer_actions,real,unc_neg,-0.25,same,119,example-testing,density_testlex,0.001858712105816728,-0.007286151454801575,0.012862287772251759
qwen3_4b,steer_actions,real,unc_neg,-0.25,same,119,uncertainty-estimation,density,-0.29287715287080074,-0.4319666490198642,-0.15673919609258535
qwen3_4b,steer_actions,real,unc_neg,-0.25,same,119,uncertainty-estimation,density_nontest,-0.18604668312411085,-0.3216051510285265,-0.05498668091517129
qwen3_4b,steer_actions,real,unc_neg,-0.25,same,119,uncertainty-estimation,density_testlex,-0.10683046974668985,-0.15036352656229862,-0.06644036780600077
qwen3_4b,steer_actions,real,unc_neg,-0.25,same,119,backtracking,density,-0.08242994438937186,-0.16746585831404479,-0.00567417073475724
qwen3_4b,steer_actions,real,unc_neg,-0.25,same,119,backtracking,density_nontest,-0.07775418459466307,-0.1622366210199662,0.0005318353682109331
qwen3_4b,steer_actions,real,unc_neg,-0.25,same,119,backtracking,density_testlex,-0.004675759794708783,-0.011718663630132443,0.0
qwen3_4b,steer_actions,real,unc_pos,0.25,gained,7,initializing,density,-0.25479234326415534,-0.49372739784777914,-0.054188550772396864
qwen3_4b,steer_actions,real,unc_pos,0.25,gained,7,initializing,density_nontest,-0.25479234326415534,-0.49372739784777914,-0.054188550772396864
qwen3_4b,steer_actions,real,unc_pos,0.25,gained,7,initializing,density_testlex,0.0,0.0,0.0
qwen3_4b,steer_actions,real,unc_pos,0.25,gained,7,deduction,density,-0.6787777123120197,-1.46086297561841,0.067068665370691
qwen3_4b,steer_actions,real,unc_pos,0.25,gained,7,deduction,density_nontest,-0.5970993428184919,-1.423047221979997,0.10571848100627397
qwen3_4b,steer_actions,real,unc_pos,0.25,gained,7,deduction,density_testlex,-0.08167836949352779,-0.3128607360119132,0.10603458850575294
qwen3_4b,steer_actions,real,unc_pos,0.25,gained,7,adding-knowledge,density,-0.5685491876843817,-1.322317969890365,0.28550473485973804
qwen3_4b,steer_actions,real,unc_pos,0.25,gained,7,adding-knowledge,density_nontest,-0.5685491876843817,-1.322317969890365,0.28550473485973804
qwen3_4b,steer_actions,real,unc_pos,0.25,gained,7,adding-knowledge,density_testlex,0.0,0.0,0.0
qwen3_4b,steer_actions,real,unc_pos,0.25,gained,7,example-testing,density,0.054943915738840166,0.0,0.12395702823021353
qwen3_4b,steer_actions,real,unc_pos,0.25,gained,7,example-testing,density_nontest,0.054943915738840166,0.0,0.12395702823021353
qwen3_4b,steer_actions,real,unc_pos,0.25,gained,7,example-testing,density_testlex,0.0,0.0,0.0
qwen3_4b,steer_actions,real,unc_pos,0.25,gained,7,uncertainty-estimation,density,1.2441872648643548,0.8304398207735763,1.5994567179806771
qwen3_4b,steer_actions,real,unc_pos,0.25,gained,7,uncertainty-estimation,density_nontest,1.0842641742819938,0.5566166325929279,1.5806636670280405
qwen3_4b,steer_actions,real,unc_pos,0.25,gained,7,uncertainty-estimation,density_testlex,0.159923090582361,-0.21472768510203386,0.6140181252380786
qwen3_4b,steer_actions,real,unc_pos,0.25,gained,7,backtracking,density,-0.2768350378779289,-0.6520595649782857,0.04544784860638041
qwen3_4b,steer_actions,real,unc_pos,0.25,gained,7,backtracking,density_nontest,-0.2768350378779289,-0.6520595649782857,0.04544784860638041
qwen3_4b,steer_actions,real,unc_pos,0.25,gained,7,backtracking,density_testlex,0.0,0.0,0.0
qwen3_4b,steer_actions,real,unc_pos,0.25,lost,10,initializing,density,-0.21443412364989117,-0.4941309560346081,0.002268330623027741
qwen3_4b,steer_actions,real,unc_pos,0.25,lost,10,initializing,density_nontest,-0.21443412364989117,-0.4941309560346081,0.002268330623027741
qwen3_4b,steer_actions,real,unc_pos,0.25,lost,10,initializing,density_testlex,0.0,0.0,0.0
qwen3_4b,steer_actions,real,unc_pos,0.25,lost,10,deduction,density,-0.23192122485570113,-1.1464920783563373,0.7276251420639404
qwen3_4b,steer_actions,real,unc_pos,0.25,lost,10,deduction,density_nontest,-0.31578826753821704,-1.2638717782909121,0.7185428875801907
qwen3_4b,steer_actions,real,unc_pos,0.25,lost,10,deduction,density_testlex,0.08386704268251585,-0.1506702171714664,0.28408717579626314
qwen3_4b,steer_actions,real,unc_pos,0.25,lost,10,adding-knowledge,density,0.1275578371442445,-0.5257882465972195,0.8021885016912389
qwen3_4b,steer_actions,real,unc_pos,0.25,lost,10,adding-knowledge,density_nontest,0.08571683296014411,-0.6087513172066207,0.7771362570989132
qwen3_4b,steer_actions,real,unc_pos,0.25,lost,10,adding-knowledge,density_testlex,0.04184100418410042,0.0,0.12552301255230125
qwen3_4b,steer_actions,real,unc_pos,0.25,lost,10,example-testing,density,-0.13412961050280642,-0.3529972688268546,0.08669238016232642
qwen3_4b,steer_actions,real,unc_pos,0.25,lost,10,example-testing,density_nontest,-0.13412961050280642,-0.3529972688268546,0.08669238016232642
qwen3_4b,steer_actions,real,unc_pos,0.25,lost,10,example-testing,density_testlex,0.0,0.0,0.0
qwen3_4b,steer_actions,real,unc_pos,0.25,lost,10,uncertainty-estimation,density,0.37325601935550656,-0.2632428008523917,0.9753661430659887
qwen3_4b,steer_actions,real,unc_pos,0.25,lost,10,uncertainty-estimation,density_nontest,0.12478777936320837,-0.5712165826222914,0.7513570461772278
qwen3_4b,steer_actions,real,unc_pos,0.25,lost,10,uncertainty-estimation,density_testlex,0.24846823999229822,0.032093996685535586,0.4472274044752775
qwen3_4b,steer_actions,real,unc_pos,0.25,lost,10,backtracking,density,-0.05980283907804712,-0.1865941163366141,0.05359279955123637
qwen3_4b,steer_actions,real,unc_pos,0.25,lost,10,backtracking,density_nontest,-0.05980283907804712,-0.1865941163366141,0.05359279955123637
qwen3_4b,steer_actions,real,unc_pos,0.25,lost,10,backtracking,density_testlex,0.0,0.0,0.0
qwen3_4b,steer_actions,real,unc_pos,0.25,comply_both,86,initializing,density,-0.1704367539391254,-0.31527517946716704,-0.024124380220079913
qwen3_4b,steer_actions,real,unc_pos,0.25,comply_both,86,initializing,density_nontest,-0.17572216620128187,-0.31890543492475265,-0.030854413248105346
qwen3_4b,steer_actions,real,unc_pos,0.25,comply_both,86,initializing,density_testlex,0.005285412262156448,0.0,0.015856236786469344
qwen3_4b,steer_actions,real,unc_pos,0.25,comply_both,86,deduction,density,-0.23352509939217478,-0.6202885882029284,0.15518353810002658
qwen3_4b,steer_actions,real,unc_pos,0.25,comply_both,86,deduction,density_nontest,-0.18824543354454634,-0.5756846647617458,0.20080312638064907
qwen3_4b,steer_actions,real,unc_pos,0.25,comply_both,86,deduction,density_testlex,-0.04527966584762841,-0.0918067182689738,0.0023980795868121445
qwen3_4b,steer_actions,real,unc_pos,0.25,comply_both,86,adding-knowledge,density,-0.20132625606739502,-0.397917972229272,-0.0164630512868221
qwen3_4b,steer_actions,real,unc_pos,0.25,comply_both,86,adding-knowledge,density_nontest,-0.2008092533412271,-0.396535155949453,-0.0027625042013406757
qwen3_4b,steer_actions,real,unc_pos,0.25,comply_both,86,adding-knowledge,density_testlex,-0.0005170027261679361,-0.025246522550123496,0.025313516614584915
qwen3_4b,steer_actions,real,unc_pos,0.25,comply_both,86,example-testing,density,0.14618772107623318,-0.006981157422038582,0.31245104566500204
qwen3_4b,steer_actions,real,unc_pos,0.25,comply_both,86,example-testing,density_nontest,0.14222613871820286,-0.011076340156199873,0.30887219727938064
qwen3_4b,steer_actions,real,unc_pos,0.25,comply_both,86,example-testing,density_testlex,0.003961582358030331,-0.001532068668306146,0.013416815742397139
qwen3_4b,steer_actions,real,unc_pos,0.25,comply_both,86,uncertainty-estimation,density,0.5472415504304682,0.36445827014732934,0.7396952951382664
qwen3_4b,steer_actions,real,unc_pos,0.25,comply_both,86,uncertainty-estimation,density_nontest,0.4677966991206059,0.2795300631421569,0.6689792855313473
qwen3_4b,steer_actions,real,unc_pos,0.25,comply_both,86,uncertainty-estimation,density_testlex,0.07944485130986237,0.014884892627889834,0.14723249204572778
qwen3_4b,steer_actions,real,unc_pos,0.25,comply_both,86,backtracking,density,-0.025125314574569523,-0.12564880869345663,0.06319463829226848
qwen3_4b,steer_actions,real,unc_pos,0.25,comply_both,86,backtracking,density_nontest,-0.022323477338277272,-0.12470252428620082,0.06644871253244332
qwen3_4b,steer_actions,real,unc_pos,0.25,comply_both,86,backtracking,density_testlex,-0.0028018372362922533,-0.01574375529203278,0.00780984843049255
qwen3_4b,steer_actions,real,unc_pos,0.25,refuse_both,33,initializing,density,-0.025318465971133144,-0.15413804900991546,0.11079627279638211
qwen3_4b,steer_actions,real,unc_pos,0.25,refuse_both,33,initializing,density_nontest,-0.025318465971133144,-0.15413804900991546,0.11079627279638211
qwen3_4b,steer_actions,real,unc_pos,0.25,refuse_both,33,initializing,density_testlex,0.0,0.0,0.0
qwen3_4b,steer_actions,real,unc_pos,0.25,refuse_both,33,deduction,density,-0.0012980028005094282,-0.39171809752486475,0.40774574919879164
qwen3_4b,steer_actions,real,unc_pos,0.25,refuse_both,33,deduction,density_nontest,-0.07997523291376459,-0.47563923786253304,0.3401181032327793
qwen3_4b,steer_actions,real,unc_pos,0.25,refuse_both,33,deduction,density_testlex,0.07867723011325521,-0.06642585529187302,0.22657177529021733
qwen3_4b,steer_actions,real,unc_pos,0.25,refuse_both,33,adding-knowledge,density,-0.13175062584238056,-0.4789222085909647,0.21420215572267207
qwen3_4b,steer_actions,real,unc_pos,0.25,refuse_both,33,adding-knowledge,density_nontest,-0.16280336943202614,-0.4947251660477957,0.164485174510282
qwen3_4b,steer_actions,real,unc_pos,0.25,refuse_both,33,adding-knowledge,density_testlex,0.03105274358964554,-0.02379927281113052,0.0899090126553338
qwen3_4b,steer_actions,real,unc_pos,0.25,refuse_both,33,example-testing,density,0.06874500023375178,0.010179684732652152,0.13650062291448856
qwen3_4b,steer_actions,real,unc_pos,0.25,refuse_both,33,example-testing,density_nontest,0.03885411252361885,0.0032134708698865646,0.08165411734379394
qwen3_4b,steer_actions,real,unc_pos,0.25,refuse_both,33,example-testing,density_testlex,0.02989088771013294,0.0,0.07792730254782894
qwen3_4b,steer_actions,real,unc_pos,0.25,refuse_both,33,uncertainty-estimation,density,0.6020379579655951,0.3061898276707101,0.8757794571039703
qwen3_4b,steer_actions,real,unc_pos,0.25,refuse_both,33,uncertainty-estimation,density_nontest,0.386800280968457,0.18080892641896995,0.5780695475120657
qwen3_4b,steer_actions,real,unc_pos,0.25,refuse_both,33,uncertainty-estimation,density_testlex,0.21523767699713814,0.06565726338472871,0.364041943234577
qwen3_4b,steer_actions,real,unc_pos,0.25,refuse_both,33,backtracking,density,-0.10560945874512788,-0.2442737791465731,0.030802344629409072
qwen3_4b,steer_actions,real,unc_pos,0.25,refuse_both,33,backtracking,density_nontest,-0.10560945874512788,-0.2442737791465731,0.030802344629409072
qwen3_4b,steer_actions,real,unc_pos,0.25,refuse_both,33,backtracking,density_testlex,0.0,0.0,0.0
qwen3_4b,steer_actions,real,unc_pos,0.25,same,119,initializing,density,-0.1301938673597662,-0.2345186671982858,-0.025430478975613346
qwen3_4b,steer_actions,real,unc_pos,0.25,same,119,initializing,density_nontest,-0.13401357706182887,-0.23822464061175455,-0.03191675971685022
qwen3_4b,steer_actions,real,unc_pos,0.25,same,119,initializing,density_testlex,0.003819709702062643,0.0,0.011459129106187928
qwen3_4b,steer_actions,real,unc_pos,0.25,same,119,deduction,density,-0.16912598857263728,-0.4838227869036959,0.12277500152369164
qwen3_4b,steer_actions,real,unc_pos,0.25,same,119,deduction,density_nontest,-0.15822092412592617,-0.4671074359023401,0.1356187151189537
qwen3_4b,steer_actions,real,unc_pos,0.25,same,119,deduction,density_testlex,-0.01090506444671111,-0.0661230066502109,0.04322860688127889
qwen3_4b,steer_actions,real,unc_pos,0.25,same,119,adding-knowledge,density,-0.18203217373608857,-0.34596965792690687,-0.008795173075634205
qwen3_4b,steer_actions,real,unc_pos,0.25,same,119,adding-knowledge,density_nontest,-0.19026980654287728,-0.3526909098752151,-0.020777501170063273
qwen3_4b,steer_actions,real,unc_pos,0.25,same,119,adding-knowledge,density_testlex,0.008237632806788743,-0.01478028314513012,0.03275887612762303
qwen3_4b,steer_actions,real,unc_pos,0.25,same,119,example-testing,density,0.12471200857369634,0.019735458407440475,0.2446226909974046
qwen3_4b,steer_actions,real,unc_pos,0.25,same,119,example-testing,density_nontest,0.11355994658020897,0.010088596606467035,0.23225637594157594
qwen3_4b,steer_actions,real,unc_pos,0.25,same,119,example-testing,density_testlex,0.011152061993487356,0.0,0.026273009194071037
qwen3_4b,steer_actions,real,unc_pos,0.25,same,119,uncertainty-estimation,density,0.5624371928561757,0.39643274881854473,0.7161627307885334
qwen3_4b,steer_actions,real,unc_pos,0.25,same,119,uncertainty-estimation,density_nontest,0.4453355075321948,0.2944415120444316,0.5995298085539531
qwen3_4b,steer_actions,real,unc_pos,0.25,same,119,uncertainty-estimation,density_testlex,0.11710168532398085,0.052129325699510315,0.18251057130972637
qwen3_4b,steer_actions,real,unc_pos,0.25,same,119,backtracking,density,-0.04744444699161514,-0.13239282753241718,0.03060326249172608
qwen3_4b,steer_actions,real,unc_pos,0.25,same,119,backtracking,density_nontest,-0.04541958982925266,-0.12874023667813905,0.029926263258584555
qwen3_4b,steer_actions,real,unc_pos,0.25,same,119,backtracking,density_testlex,-0.002024857162362469,-0.009410047876138538,0.005644092143045036
