model,family,framing,arm,signed_alpha,flip_class,n,behaviour,metric,delta_density,ci_lo,ci_hi
qwen3_4b,steer_actions,fake,aware,0.05,gained,5,initializing,density,-0.22153200194480557,-0.40031646349791455,-0.008664176391848166
qwen3_4b,steer_actions,fake,aware,0.05,gained,5,initializing,density_nontest,-0.22153200194480557,-0.40031646349791455,-0.008664176391848166
qwen3_4b,steer_actions,fake,aware,0.05,gained,5,initializing,density_testlex,0.0,0.0,0.0
qwen3_4b,steer_actions,fake,aware,0.05,gained,5,deduction,density,1.388079215962297,-0.2575963278704346,3.0337547597950287
qwen3_4b,steer_actions,fake,aware,0.05,gained,5,deduction,density_nontest,1.6199701548234375,-0.11461734132966214,3.3536517454309793
qwen3_4b,steer_actions,fake,aware,0.05,gained,5,deduction,density_testlex,-0.23189093886114076,-0.49662479386068925,-0.023035929173113277
qwen3_4b,steer_actions,fake,aware,0.05,gained,5,adding-knowledge,density,-2.076487512984816,-2.533820199560413,-1.6193164206508217
qwen3_4b,steer_actions,fake,aware,0.05,gained,5,adding-knowledge,density_nontest,-2.076487512984816,-2.533820199560413,-1.6193164206508217
qwen3_4b,steer_actions,fake,aware,0.05,gained,5,adding-knowledge,density_testlex,0.0,0.0,0.0
qwen3_4b,steer_actions,fake,aware,0.05,gained,5,example-testing,density,0.0,0.0,0.0
qwen3_4b,steer_actions,fake,aware,0.05,gained,5,example-testing,density_nontest,0.0,0.0,0.0
qwen3_4b,steer_actions,fake,aware,0.05,gained,5,example-testing,density_testlex,0.0,0.0,0.0
qwen3_4b,steer_actions,fake,aware,0.05,gained,5,uncertainty-estimation,density,0.3759483638096771,0.046761725285079644,0.7051350023342746
qwen3_4b,steer_actions,fake,aware,0.05,gained,5,uncertainty-estimation,density_nontest,0.51051928858879,-0.08145122748518654,1.1274257265787138
qwen3_4b,steer_actions,fake,aware,0.05,gained,5,uncertainty-estimation,density_testlex,-0.13457092477911298,-0.5377697841726619,0.2686279346144359
qwen3_4b,steer_actions,fake,aware,0.05,gained,5,backtracking,density,-0.08376711008289954,-0.25130133024869866,0.0
qwen3_4b,steer_actions,fake,aware,0.05,gained,5,backtracking,density_nontest,-0.08376711008289954,-0.25130133024869866,0.0
qwen3_4b,steer_actions,fake,aware,0.05,gained,5,backtracking,density_testlex,0.0,0.0,0.0
qwen3_4b,steer_actions,fake,aware,0.05,lost,8,initializing,density,0.026914483253081392,-0.48485677516325454,0.38890863657051
qwen3_4b,steer_actions,fake,aware,0.05,lost,8,initializing,density_nontest,0.026914483253081392,-0.48485677516325454,0.38890863657051
qwen3_4b,steer_actions,fake,aware,0.05,lost,8,initializing,density_testlex,0.0,0.0,0.0
qwen3_4b,steer_actions,fake,aware,0.05,lost,8,deduction,density,0.8939474146067007,0.07631814706031687,1.6777381609707651
qwen3_4b,steer_actions,fake,aware,0.05,lost,8,deduction,density_nontest,0.7049434683949813,-0.11065471963279716,1.504814660130517
qwen3_4b,steer_actions,fake,aware,0.05,lost,8,deduction,density_testlex,0.18900394621171923,-0.028774462254974265,0.41457446787780217
qwen3_4b,steer_actions,fake,aware,0.05,lost,8,adding-knowledge,density,-0.04879886294330363,-0.6041316468017177,0.48024375430894384
qwen3_4b,steer_actions,fake,aware,0.05,lost,8,adding-knowledge,density_nontest,-0.04879886294330363,-0.6041316468017177,0.48024375430894384
qwen3_4b,steer_actions,fake,aware,0.05,lost,8,adding-knowledge,density_testlex,0.0,0.0,0.0
qwen3_4b,steer_actions,fake,aware,0.05,lost,8,example-testing,density,-0.09361736622436324,-0.34194528875379937,0.06109319008070967
qwen3_4b,steer_actions,fake,aware,0.05,lost,8,example-testing,density_nontest,-0.09361736622436324,-0.34194528875379937,0.06109319008070967
qwen3_4b,steer_actions,fake,aware,0.05,lost,8,example-testing,density_testlex,0.0,0.0,0.0
qwen3_4b,steer_actions,fake,aware,0.05,lost,8,uncertainty-estimation,density,-0.528136491066021,-0.9976241697691911,-0.004905464018631526
qwen3_4b,steer_actions,fake,aware,0.05,lost,8,uncertainty-estimation,density_nontest,-0.39078523562473605,-0.8135374741308914,0.07591739411255759
qwen3_4b,steer_actions,fake,aware,0.05,lost,8,uncertainty-estimation,density_testlex,-0.13735125544128501,-0.2615466458067336,-0.04111842105263158
qwen3_4b,steer_actions,fake,aware,0.05,lost,8,backtracking,density,0.05818447167990804,-0.1795008916064334,0.30459008954794603
qwen3_4b,steer_actions,fake,aware,0.05,lost,8,backtracking,density_nontest,0.05818447167990804,-0.1795008916064334,0.30459008954794603
qwen3_4b,steer_actions,fake,aware,0.05,lost,8,backtracking,density_testlex,0.0,0.0,0.0
qwen3_4b,steer_actions,fake,aware,0.05,comply_both,112,initializing,density,-0.061978370712542585,-0.17431650935915882,0.048322765243244026
qwen3_4b,steer_actions,fake,aware,0.05,comply_both,112,initializing,density_nontest,-0.06278311795160448,-0.17518183798966974,0.048301015453555876
qwen3_4b,steer_actions,fake,aware,0.05,comply_both,112,initializing,density_testlex,0.0008047472390618906,-2.352113724384903e-05,0.0024377628544295206
qwen3_4b,steer_actions,fake,aware,0.05,comply_both,112,deduction,density,0.05813995620388072,-0.22603271875668676,0.3284498755967084
qwen3_4b,steer_actions,fake,aware,0.05,comply_both,112,deduction,density_nontest,0.056878130632227186,-0.22496449085956013,0.3238277109287807
qwen3_4b,steer_actions,fake,aware,0.05,comply_both,112,deduction,density_testlex,0.0012618255716535243,-0.04635816870329307,0.04587908057818295
qwen3_4b,steer_actions,fake,aware,0.05,comply_both,112,adding-knowledge,density,-0.02889848228353048,-0.24966812456728577,0.18881992071453832
qwen3_4b,steer_actions,fake,aware,0.05,comply_both,112,adding-knowledge,density_nontest,-0.033971970295654796,-0.2559025209954819,0.18328500647156742
qwen3_4b,steer_actions,fake,aware,0.05,comply_both,112,adding-knowledge,density_testlex,0.005073488012124312,-0.016562338287949875,0.028929938656444144
qwen3_4b,steer_actions,fake,aware,0.05,comply_both,112,example-testing,density,-0.03686279171974422,-0.14116550233147376,0.05891721000151961
qwen3_4b,steer_actions,fake,aware,0.05,comply_both,112,example-testing,density_nontest,-0.03757203996997609,-0.14055796174267482,0.06032155881707964
qwen3_4b,steer_actions,fake,aware,0.05,comply_both,112,example-testing,density_testlex,0.0007092482502318567,-0.005503512880562062,0.007631257631257632
qwen3_4b,steer_actions,fake,aware,0.05,comply_both,112,uncertainty-estimation,density,0.043820245368928014,-0.10554198177051886,0.20561368597811258
qwen3_4b,steer_actions,fake,aware,0.05,comply_both,112,uncertainty-estimation,density_nontest,0.017470850014891317,-0.12227347105007197,0.17201900639592693
qwen3_4b,steer_actions,fake,aware,0.05,comply_both,112,uncertainty-estimation,density_testlex,0.026349395354036687,-0.006836011047617208,0.06101475934437852
qwen3_4b,steer_actions,fake,aware,0.05,comply_both,112,backtracking,density,0.0647663843599957,-0.008700397671748938,0.14141784737051719
qwen3_4b,steer_actions,fake,aware,0.05,comply_both,112,backtracking,density_nontest,0.06575142365310799,-0.00754210532590721,0.1429289828350744
qwen3_4b,steer_actions,fake,aware,0.05,comply_both,112,backtracking,density_testlex,-0.0009850392931122904,-0.004594462141631952,0.0016393442622950813
qwen3_4b,steer_actions,fake,aware,0.05,refuse_both,12,initializing,density,0.04351561176984511,-0.1419384081977824,0.18841872380286645
qwen3_4b,steer_actions,fake,aware,0.05,refuse_both,12,initializing,density_nontest,0.01684730817405748,-0.1569338667400223,0.1541915872186067
qwen3_4b,steer_actions,fake,aware,0.05,refuse_both,12,initializing,density_testlex,0.026668303595787635,0.0,0.08000491078736291
qwen3_4b,steer_actions,fake,aware,0.05,refuse_both,12,deduction,density,0.23195425928165592,-0.3919784231509849,0.8001781169702943
qwen3_4b,steer_actions,fake,aware,0.05,refuse_both,12,deduction,density_nontest,0.09995374490830634,-0.4237187084133874,0.5911300255837441
qwen3_4b,steer_actions,fake,aware,0.05,refuse_both,12,deduction,density_testlex,0.13200051437334956,-0.05842091163017075,0.31272902909050176
qwen3_4b,steer_actions,fake,aware,0.05,refuse_both,12,adding-knowledge,density,0.08690337622861372,-0.36459668844225035,0.5675251075979573
qwen3_4b,steer_actions,fake,aware,0.05,refuse_both,12,adding-knowledge,density_nontest,0.1372675654680656,-0.29552034609110317,0.5966368059229058
qwen3_4b,steer_actions,fake,aware,0.05,refuse_both,12,adding-knowledge,density_testlex,-0.05036418923945188,-0.16129032258064516,0.010197754862289521
qwen3_4b,steer_actions,fake,aware,0.05,refuse_both,12,example-testing,density,0.0,0.0,0.0
qwen3_4b,steer_actions,fake,aware,0.05,refuse_both,12,example-testing,density_nontest,0.0,0.0,0.0
qwen3_4b,steer_actions,fake,aware,0.05,refuse_both,12,example-testing,density_testlex,0.0,0.0,0.0
qwen3_4b,steer_actions,fake,aware,0.05,refuse_both,12,uncertainty-estimation,density,-0.1997077693801084,-0.5531375578354732,0.15609579055815537
qwen3_4b,steer_actions,fake,aware,0.05,refuse_both,12,uncertainty-estimation,density_nontest,-0.24413019324503762,-0.5062914988374589,0.039742685246075216
qwen3_4b,steer_actions,fake,aware,0.05,refuse_both,12,uncertainty-estimation,density_testlex,0.04442242386492922,-0.11429097831517826,0.2217422808891287
qwen3_4b,steer_actions,fake,aware,0.05,refuse_both,12,backtracking,density,-0.16430847164519863,-0.4238024129902698,0.11049929931689799
qwen3_4b,steer_actions,fake,aware,0.05,refuse_both,12,backtracking,density_nontest,-0.15032636873692123,-0.3923316165335236,0.11508622388544351
qwen3_4b,steer_actions,fake,aware,0.05,refuse_both,12,backtracking,density_testlex,-0.013982102908277406,-0.04194630872483222,0.0
qwen3_4b,steer_actions,fake,aware,0.05,same,124,initializing,density,-0.051769275633601834,-0.15941812823232823,0.047547778495341066
qwen3_4b,steer_actions,fake,aware,0.05,same,124,initializing,density_nontest,-0.05507694768137911,-0.162429814404563,0.044167940217567994
qwen3_4b,steer_actions,fake,aware,0.05,same,124,initializing,density_testlex,0.0033076720477772854,-1.4163265437156406e-05,0.009210310934777628
qwen3_4b,steer_actions,fake,aware,0.05,same,124,deduction,density,0.07496069521140733,-0.20077056654921988,0.3518824512900034
qwen3_4b,steer_actions,fake,aware,0.05,same,124,deduction,density_nontest,0.061046738465396135,-0.20987438054178625,0.3283693509084625
qwen3_4b,steer_actions,fake,aware,0.05,same,124,deduction,density_testlex,0.013913956746011211,-0.031979806478540374,0.05895616348281478
qwen3_4b,steer_actions,fake,aware,0.05,same,124,adding-knowledge,density,-0.01769185081461331,-0.21281706771660222,0.1840187225665954
qwen3_4b,steer_actions,fake,aware,0.05,same,124,adding-knowledge,density_nontest,-0.017400402318520566,-0.2124605203993013,0.18111464539673464
qwen3_4b,steer_actions,fake,aware,0.05,same,124,adding-knowledge,density_testlex,-0.00029144849609273827,-0.02218189633619349,0.02379675618096361
qwen3_4b,steer_actions,fake,aware,0.05,same,124,example-testing,density,-0.03329542477912381,-0.12409571173161657,0.059120182395931226
qwen3_4b,steer_actions,fake,aware,0.05,same,124,example-testing,density_nontest,-0.03393603610191388,-0.12559452196552395,0.058511231520343626
qwen3_4b,steer_actions,fake,aware,0.05,same,124,example-testing,density_testlex,0.0006406113227900641,-0.0049709148598625075,0.0068927488282327
qwen3_4b,steer_actions,fake,aware,0.05,same,124,uncertainty-estimation,density,0.020253018135150274,-0.11187666434627196,0.1679237193031468
qwen3_4b,steer_actions,fake,aware,0.05,same,124,uncertainty-estimation,density_nontest,-0.007845379978005034,-0.13510980969082928,0.13535543161252447
qwen3_4b,steer_actions,fake,aware,0.05,same,124,uncertainty-estimation,density_testlex,0.02809839811315532,-0.006547805850687287,0.06301025225723199
qwen3_4b,steer_actions,fake,aware,0.05,same,124,backtracking,density,0.04259784990788011,-0.03485681242914799,0.11754789237875429
qwen3_4b,steer_actions,fake,aware,0.05,same,124,backtracking,density_nontest,0.044840669550847104,-0.03347704268302281,0.1194555673771771
qwen3_4b,steer_actions,fake,aware,0.05,same,124,backtracking,density_testlex,-0.0022428196429669788,-0.006728458928900937,0.0009871320289088661
qwen3_4b,steer_actions,fake,aware_strong,0.2,comply_both,118,initializing,density,-0.12177833589527907,-0.23312805638788034,-0.010542070906290533
qwen3_4b,steer_actions,fake,aware_strong,0.2,comply_both,118,initializing,density_nontest,-0.12239961024812498,-0.23156379673640884,-0.010795948603026673
qwen3_4b,steer_actions,fake,aware_strong,0.2,comply_both,118,initializing,density_testlex,0.000621274352845911,-0.0024418572796370236,0.0037868382023483766
qwen3_4b,steer_actions,fake,aware_strong,0.2,comply_both,118,deduction,density,-0.021452027827475028,-0.2939827269248795,0.2603459600495575
qwen3_4b,steer_actions,fake,aware_strong,0.2,comply_both,118,deduction,density_nontest,0.015163536122920575,-0.2615070299780836,0.29762068007466885
qwen3_4b,steer_actions,fake,aware_strong,0.2,comply_both,118,deduction,density_testlex,-0.036615563950395634,-0.08321874198854473,0.010833317737010456
qwen3_4b,steer_actions,fake,aware_strong,0.2,comply_both,118,adding-knowledge,density,-0.0847461910502535,-0.2629161901926892,0.09191453601870656
qwen3_4b,steer_actions,fake,aware_strong,0.2,comply_both,118,adding-knowledge,density_nontest,-0.08548284979066945,-0.2651510824049506,0.09207925696466435
qwen3_4b,steer_actions,fake,aware_strong,0.2,comply_both,118,adding-knowledge,density_testlex,0.0007366587404159463,-0.01641456783169382,0.01784698236011704
qwen3_4b,steer_actions,fake,aware_strong,0.2,comply_both,118,example-testing,density,0.00856301150737527,-0.09883167413236368,0.11646723837298709
qwen3_4b,steer_actions,fake,aware_strong,0.2,comply_both,118,example-testing,density_nontest,0.013082785518674705,-0.09558910560086878,0.12333221496192869
qwen3_4b,steer_actions,fake,aware_strong,0.2,comply_both,118,example-testing,density_testlex,-0.004519774011299435,-0.013559322033898306,0.0
qwen3_4b,steer_actions,fake,aware_strong,0.2,comply_both,118,uncertainty-estimation,density,0.153458328469907,0.03192075800610401,0.27795224746207625
qwen3_4b,steer_actions,fake,aware_strong,0.2,comply_both,118,uncertainty-estimation,density_nontest,0.12084790948072927,0.0029961285742502414,0.2458196132773302
qwen3_4b,steer_actions,fake,aware_strong,0.2,comply_both,118,uncertainty-estimation,density_testlex,0.032610418989177756,-0.009257529557596567,0.0748471897565907
qwen3_4b,steer_actions,fake,aware_strong,0.2,comply_both,118,backtracking,density,0.0543347920638912,-0.012209751628668277,0.11835137279825093
qwen3_4b,steer_actions,fake,aware_strong,0.2,comply_both,118,backtracking,density_nontest,0.054685367118655584,-0.011118143061808406,0.11808032436412784
qwen3_4b,steer_actions,fake,aware_strong,0.2,comply_both,118,backtracking,density_testlex,-0.0003505750547643737,-0.00823327615780446,0.008931934355663168
qwen3_4b,steer_actions,fake,aware_strong,0.2,refuse_both,13,initializing,density,-0.12946705472694267,-0.3066555453645872,0.0041234611297596355
qwen3_4b,steer_actions,fake,aware_strong,0.2,refuse_both,13,initializing,density_nontest,-0.11656049819622508,-0.29641616323368974,0.028043096612902454
qwen3_4b,steer_actions,fake,aware_strong,0.2,refuse_both,13,initializing,density_testlex,-0.012906556530717605,-0.03871966959215282,0.0
qwen3_4b,steer_actions,fake,aware_strong,0.2,refuse_both,13,deduction,density,0.17000622426273818,-0.2735292228708096,0.631781814790709
qwen3_4b,steer_actions,fake,aware_strong,0.2,refuse_both,13,deduction,density_nontest,0.1764525361776608,-0.3084893301683092,0.7138921540272503
qwen3_4b,steer_actions,fake,aware_strong,0.2,refuse_both,13,deduction,density_testlex,-0.00644631191492262,-0.16928791188154046,0.14910932056693535
qwen3_4b,steer_actions,fake,aware_strong,0.2,refuse_both,13,adding-knowledge,density,-0.281282376345593,-0.8900258184739729,0.37146333736266846
qwen3_4b,steer_actions,fake,aware_strong,0.2,refuse_both,13,adding-knowledge,density_nontest,-0.23876731495613213,-0.8924597146477512,0.4912906991940829
qwen3_4b,steer_actions,fake,aware_strong,0.2,refuse_both,13,adding-knowledge,density_testlex,-0.042515061389460845,-0.163965295742921,0.062254720799676186
qwen3_4b,steer_actions,fake,aware_strong,0.2,refuse_both,13,example-testing,density,0.01744287458573173,0.0,0.05232862375719519
qwen3_4b,steer_actions,fake,aware_strong,0.2,refuse_both,13,example-testing,density_nontest,0.01744287458573173,0.0,0.05232862375719519
qwen3_4b,steer_actions,fake,aware_strong,0.2,refuse_both,13,example-testing,density_testlex,0.0,0.0,0.0
qwen3_4b,steer_actions,fake,aware_strong,0.2,refuse_both,13,uncertainty-estimation,density,0.08194148492219881,-0.29680175968290595,0.4624980820249883
qwen3_4b,steer_actions,fake,aware_strong,0.2,refuse_both,13,uncertainty-estimation,density_nontest,-0.009182584822172131,-0.3224161302772526,0.3539534808904728
qwen3_4b,steer_actions,fake,aware_strong,0.2,refuse_both,13,uncertainty-estimation,density_testlex,0.09112406974437093,-0.14430915249873863,0.327177401558047
qwen3_4b,steer_actions,fake,aware_strong,0.2,refuse_both,13,backtracking,density,-0.23001856433449427,-0.37921074898312523,-0.09252984252927125
qwen3_4b,steer_actions,fake,aware_strong,0.2,refuse_both,13,backtracking,density_nontest,-0.21711200780377668,-0.35435596234267525,-0.0892230849405193
qwen3_4b,steer_actions,fake,aware_strong,0.2,refuse_both,13,backtracking,density_testlex,-0.012906556530717605,-0.03871966959215282,0.0
qwen3_4b,steer_actions,fake,aware_strong,0.2,same,131,initializing,density,-0.1225413385274289,-0.21875464396084363,-0.023437022690869707
qwen3_4b,steer_actions,fake,aware_strong,0.2,same,131,initializing,density_nontest,-0.12182015638037921,-0.2174617298148483,-0.022617888176017793
qwen3_4b,steer_actions,fake,aware_strong,0.2,same,131,initializing,density_testlex,-0.0007211821470497049,-0.0047611422045482936,0.002597781984880016
qwen3_4b,steer_actions,fake,aware_strong,0.2,same,131,deduction,density,-0.0024523539559271708,-0.25212590958805725,0.24737627370958887
qwen3_4b,steer_actions,fake,aware_strong,0.2,same,131,deduction,density_nontest,0.031169314754307037,-0.21959043999309968,0.28830637342040377
qwen3_4b,steer_actions,fake,aware_strong,0.2,same,131,deduction,density_testlex,-0.033621668710234184,-0.08075678170089927,0.011632729430212057
qwen3_4b,steer_actions,fake,aware_strong,0.2,same,131,adding-knowledge,density,-0.1042497819574246,-0.2837090553874954,0.07444189433461629
qwen3_4b,steer_actions,fake,aware_strong,0.2,same,131,adding-knowledge,density_nontest,-0.10069428526510467,-0.2788014048485073,0.08440151645869884
qwen3_4b,steer_actions,fake,aware_strong,0.2,same,131,adding-knowledge,density_testlex,-0.0035554966923199184,-0.024307170237499693,0.015070768521282366
qwen3_4b,steer_actions,fake,aware_strong,0.2,same,131,example-testing,density,0.009444219293777053,-0.08850875334805622,0.10984284582927385
qwen3_4b,steer_actions,fake,aware_strong,0.2,same,131,example-testing,density_nontest,0.013515466113115476,-0.08487349435948048,0.11545628685952615
qwen3_4b,steer_actions,fake,aware_strong,0.2,same,131,example-testing,density_testlex,-0.004071246819338422,-0.012213740458015267,0.0
qwen3_4b,steer_actions,fake,aware_strong,0.2,same,131,uncertainty-estimation,density,0.14636123712547794,0.031221426145721716,0.26091524608273176
qwen3_4b,steer_actions,fake,aware_strong,0.2,same,131,uncertainty-estimation,density_nontest,0.10794411996975432,-0.004436342909100332,0.21785599093874183
qwen3_4b,steer_actions,fake,aware_strong,0.2,same,131,uncertainty-estimation,density_testlex,0.03841711715572364,-0.0026682645016283457,0.08004261362397776
qwen3_4b,steer_actions,fake,aware_strong,0.2,same,131,backtracking,density,0.026116520054891134,-0.033158989145260685,0.0915590931484446
qwen3_4b,steer_actions,fake,aware_strong,0.2,same,131,backtracking,density_nontest,0.02771310853856688,-0.033060709532425174,0.09275294175493623
qwen3_4b,steer_actions,fake,aware_strong,0.2,same,131,backtracking,density_testlex,-0.0015965884836757623,-0.009280853907545654,0.007051981097782623
qwen3_4b,steer_actions,fake,baseline_seed1,0.0,gained,6,initializing,density,-0.09916467688349113,-0.2651670903325571,0.06683773656557476
qwen3_4b,steer_actions,fake,baseline_seed1,0.0,gained,6,initializing,density_nontest,-0.07120047106693632,-0.2613885421295701,0.12378326137819651
qwen3_4b,steer_actions,fake,baseline_seed1,0.0,gained,6,initializing,density_testlex,-0.027964205816554812,-0.08389261744966443,0.0
qwen3_4b,steer_actions,fake,baseline_seed1,0.0,gained,6,deduction,density,1.0326040110393213,0.286157566089224,1.8682295781176372
qwen3_4b,steer_actions,fake,baseline_seed1,0.0,gained,6,deduction,density_nontest,1.009805921791743,0.07622411439965604,2.0329745675692634
qwen3_4b,steer_actions,fake,baseline_seed1,0.0,gained,6,deduction,density_testlex,0.022798089247578163,-0.20544185681800356,0.22286772496848528
qwen3_4b,steer_actions,fake,baseline_seed1,0.0,gained,6,adding-knowledge,density,-1.206475067689866,-2.0503984067918695,-0.3043158964239047
qwen3_4b,steer_actions,fake,baseline_seed1,0.0,gained,6,adding-knowledge,density_nontest,-1.2129618346851954,-2.0503984067918695,-0.31080266341923424
qwen3_4b,steer_actions,fake,baseline_seed1,0.0,gained,6,adding-knowledge,density_testlex,0.006486766995329528,0.0,0.019460300985988582
qwen3_4b,steer_actions,fake,baseline_seed1,0.0,gained,6,example-testing,density,0.11534025374855823,0.0,0.3460207612456747
qwen3_4b,steer_actions,fake,baseline_seed1,0.0,gained,6,example-testing,density_nontest,0.11534025374855823,0.0,0.3460207612456747
qwen3_4b,steer_actions,fake,baseline_seed1,0.0,gained,6,example-testing,density_testlex,0.0,0.0,0.0
qwen3_4b,steer_actions,fake,baseline_seed1,0.0,gained,6,uncertainty-estimation,density,0.177884516116402,-0.1301484475180515,0.4329691113176722
qwen3_4b,steer_actions,fake,baseline_seed1,0.0,gained,6,uncertainty-estimation,density_nontest,0.09289372712873108,-0.1755950979700262,0.36677188328662697
qwen3_4b,steer_actions,fake,baseline_seed1,0.0,gained,6,uncertainty-estimation,density_testlex,0.08499078898767086,-0.2615354851943015,0.38358570627387484
qwen3_4b,steer_actions,fake,baseline_seed1,0.0,gained,6,backtracking,density,-0.2981984042081053,-0.6266652643074943,-0.05186910329547888
qwen3_4b,steer_actions,fake,baseline_seed1,0.0,gained,6,backtracking,density_nontest,-0.27023419839155044,-0.5427726468578299,-0.05186910329547888
qwen3_4b,steer_actions,fake,baseline_seed1,0.0,gained,6,backtracking,density_testlex,-0.027964205816554812,-0.08389261744966443,0.0
qwen3_4b,steer_actions,fake,baseline_seed1,0.0,lost,5,initializing,density,0.32950836214043383,0.1574087969906766,0.4726063676932125
qwen3_4b,steer_actions,fake,baseline_seed1,0.0,lost,5,initializing,density_nontest,0.32950836214043383,0.1574087969906766,0.4726063676932125
qwen3_4b,steer_actions,fake,baseline_seed1,0.0,lost,5,initializing,density_testlex,0.0,0.0,0.0
qwen3_4b,steer_actions,fake,baseline_seed1,0.0,lost,5,deduction,density,-0.5155979382626581,-1.770760904859022,0.8500303118537245
qwen3_4b,steer_actions,fake,baseline_seed1,0.0,lost,5,deduction,density_nontest,-0.7289983213974172,-2.13711885792451,0.7373202876687346
qwen3_4b,steer_actions,fake,baseline_seed1,0.0,lost,5,deduction,density_testlex,0.21340038313475893,-0.09961807359603306,0.5385677934665638
qwen3_4b,steer_actions,fake,baseline_seed1,0.0,lost,5,adding-knowledge,density,0.5336626460817346,-0.061370491016145313,1.1228194571135566
qwen3_4b,steer_actions,fake,baseline_seed1,0.0,lost,5,adding-knowledge,density_nontest,0.4649341237449649,-0.20396722878512352,1.1228194571135566
qwen3_4b,steer_actions,fake,baseline_seed1,0.0,lost,5,adding-knowledge,density_testlex,0.06872852233676977,0.0,0.20618556701030927
qwen3_4b,steer_actions,fake,baseline_seed1,0.0,lost,5,example-testing,density,-0.07662835249042146,-0.22988505747126436,0.0
qwen3_4b,steer_actions,fake,baseline_seed1,0.0,lost,5,example-testing,density_nontest,-0.07662835249042146,-0.22988505747126436,0.0
qwen3_4b,steer_actions,fake,baseline_seed1,0.0,lost,5,example-testing,density_testlex,0.0,0.0,0.0
qwen3_4b,steer_actions,fake,baseline_seed1,0.0,lost,5,uncertainty-estimation,density,-0.1996745698276635,-0.8844285866816313,0.3798703325745363
qwen3_4b,steer_actions,fake,baseline_seed1,0.0,lost,5,uncertainty-estimation,density_nontest,-0.23073047044878153,-0.9154844873027492,0.32349116704202974
qwen3_4b,steer_actions,fake,baseline_seed1,0.0,lost,5,uncertainty-estimation,density_testlex,0.03105590062111801,0.0,0.09316770186335403
qwen3_4b,steer_actions,fake,baseline_seed1,0.0,lost,5,backtracking,density,-0.14639029578489549,-0.3597835115076494,0.1305743099767178
qwen3_4b,steer_actions,fake,baseline_seed1,0.0,lost,5,backtracking,density_nontest,-0.14639029578489549,-0.3597835115076494,0.1305743099767178
qwen3_4b,steer_actions,fake,baseline_seed1,0.0,lost,5,backtracking,density_testlex,0.0,0.0,0.0
qwen3_4b,steer_actions,fake,baseline_seed1,0.0,comply_both,119,initializing,density,0.020317794824131687,-0.10150815138540803,0.15066700711597836
qwen3_4b,steer_actions,fake,baseline_seed1,0.0,comply_both,119,initializing,density_nontest,0.017800749683544646,-0.10401453263109488,0.14704953523162587
qwen3_4b,steer_actions,fake,baseline_seed1,0.0,comply_both,119,initializing,density_testlex,0.002517045140587041,0.0,0.006763526995130919
qwen3_4b,steer_actions,fake,baseline_seed1,0.0,comply_both,119,deduction,density,0.267966229024616,0.01660480803402901,0.5431452991120409
qwen3_4b,steer_actions,fake,baseline_seed1,0.0,comply_both,119,deduction,density_nontest,0.28846022283528405,0.03824294085920458,0.5746942531322273
qwen3_4b,steer_actions,fake,baseline_seed1,0.0,comply_both,119,deduction,density_testlex,-0.02049399381066802,-0.07198710710202447,0.032420869590891806
qwen3_4b,steer_actions,fake,baseline_seed1,0.0,comply_both,119,adding-knowledge,density,-0.044584279730712294,-0.23856894989591418,0.1387000178678921
qwen3_4b,steer_actions,fake,baseline_seed1,0.0,comply_both,119,adding-knowledge,density_nontest,-0.038023409382033996,-0.2346597094165185,0.14692350761751316
qwen3_4b,steer_actions,fake,baseline_seed1,0.0,comply_both,119,adding-knowledge,density_testlex,-0.006560870348678303,-0.022859451903819775,0.009667963602210143
qwen3_4b,steer_actions,fake,baseline_seed1,0.0,comply_both,119,example-testing,density,-0.029703937205951825,-0.15165383114900904,0.0879011793049024
qwen3_4b,steer_actions,fake,baseline_seed1,0.0,comply_both,119,example-testing,density_nontest,-0.02522214448886499,-0.14856186772179336,0.09267544905248107
qwen3_4b,steer_actions,fake,baseline_seed1,0.0,comply_both,119,example-testing,density_testlex,-0.004481792717086834,-0.013445378151260505,0.0
qwen3_4b,steer_actions,fake,baseline_seed1,0.0,comply_both,119,uncertainty-estimation,density,0.04101411785241499,-0.09925417273412625,0.17427832888128042
qwen3_4b,steer_actions,fake,baseline_seed1,0.0,comply_both,119,uncertainty-estimation,density_nontest,0.013605454567564835,-0.11256935944817867,0.14711853649588175
qwen3_4b,steer_actions,fake,baseline_seed1,0.0,comply_both,119,uncertainty-estimation,density_testlex,0.027408663284850168,-0.012216892987816577,0.06786962827884874
qwen3_4b,steer_actions,fake,baseline_seed1,0.0,comply_both,119,backtracking,density,0.02529338049320308,-0.03683468576049049,0.08798863427787888
qwen3_4b,steer_actions,fake,baseline_seed1,0.0,comply_both,119,backtracking,density_nontest,0.026764265859175775,-0.03676900688297614,0.08877837179256552
qwen3_4b,steer_actions,fake,baseline_seed1,0.0,comply_both,119,backtracking,density_testlex,-0.0014708853659726958,-0.00816408896320106,0.005192832752853782
qwen3_4b,steer_actions,fake,baseline_seed1,0.0,refuse_both,11,initializing,density,0.20049199210055563,-0.1695407413767872,0.6689032459990752
qwen3_4b,steer_actions,fake,baseline_seed1,0.0,refuse_both,11,initializing,density_nontest,0.18001697162553512,-0.1695407413767872,0.6074781845740139
qwen3_4b,steer_actions,fake,baseline_seed1,0.0,refuse_both,11,initializing,density_testlex,0.020475020475020474,0.0,0.06142506142506143
qwen3_4b,steer_actions,fake,baseline_seed1,0.0,refuse_both,11,deduction,density,0.3965710736751008,-0.29718000428392954,1.0760860763848656
qwen3_4b,steer_actions,fake,baseline_seed1,0.0,refuse_both,11,deduction,density_nontest,0.5146136240928161,-0.2486676991242997,1.229343382221551
qwen3_4b,steer_actions,fake,baseline_seed1,0.0,refuse_both,11,deduction,density_testlex,-0.11804255041771516,-0.3122338498910333,0.05977853367680192
qwen3_4b,steer_actions,fake,baseline_seed1,0.0,refuse_both,11,adding-knowledge,density,-0.22671216348437692,-0.7442263676409885,0.293768494623562
qwen3_4b,steer_actions,fake,baseline_seed1,0.0,refuse_both,11,adding-knowledge,density_nontest,-0.16806113709141507,-0.7184471016877977,0.37489462783920563
qwen3_4b,steer_actions,fake,baseline_seed1,0.0,refuse_both,11,adding-knowledge,density_testlex,-0.05865102639296187,-0.17595307917888564,0.0
qwen3_4b,steer_actions,fake,baseline_seed1,0.0,refuse_both,11,example-testing,density,0.03607503607503607,0.0,0.10822510822510822
qwen3_4b,steer_actions,fake,baseline_seed1,0.0,refuse_both,11,example-testing,density_nontest,0.03607503607503607,0.0,0.10822510822510822
qwen3_4b,steer_actions,fake,baseline_seed1,0.0,refuse_both,11,example-testing,density_testlex,0.0,0.0,0.0
qwen3_4b,steer_actions,fake,baseline_seed1,0.0,refuse_both,11,uncertainty-estimation,density,-0.019288639835373936,-0.36231770340902836,0.31667747554358494
qwen3_4b,steer_actions,fake,baseline_seed1,0.0,refuse_both,11,uncertainty-estimation,density_nontest,-0.021647340622981313,-0.2630214579555818,0.22523709868093106
qwen3_4b,steer_actions,fake,baseline_seed1,0.0,refuse_both,11,uncertainty-estimation,density_testlex,0.00235870078760738,-0.18504717175100238,0.18976457332621716
qwen3_4b,steer_actions,fake,baseline_seed1,0.0,refuse_both,11,backtracking,density,0.03310254760550728,-0.30460460742043055,0.37353804176355154
qwen3_4b,steer_actions,fake,baseline_seed1,0.0,refuse_both,11,backtracking,density_nontest,0.0126275271304868,-0.30460460742043055,0.31399447648867906
qwen3_4b,steer_actions,fake,baseline_seed1,0.0,refuse_both,11,backtracking,density_testlex,0.020475020475020474,0.0,0.06142506142506143
qwen3_4b,steer_actions,fake,baseline_seed1,0.0,same,130,initializing,density,0.03556330382444448,-0.08473477565944779,0.15733315276332352
qwen3_4b,steer_actions,fake,baseline_seed1,0.0,same,130,initializing,density_nontest,0.031526737694020764,-0.08820967853842696,0.152054059489182
qwen3_4b,steer_actions,fake,baseline_seed1,0.0,same,130,initializing,density_testlex,0.004036566130423716,0.0,0.009656232022084845
qwen3_4b,steer_actions,fake,baseline_seed1,0.0,same,130,deduction,density,0.27884817741811857,0.03206121068993331,0.541899574659268
qwen3_4b,steer_actions,fake,baseline_seed1,0.0,same,130,deduction,density_nontest,0.30759627986476756,0.0567036020881686,0.5759865921065905
qwen3_4b,steer_actions,fake,baseline_seed1,0.0,same,130,deduction,density_testlex,-0.02874810244664894,-0.07825322375512347,0.020857283794967485
qwen3_4b,steer_actions,fake,baseline_seed1,0.0,same,130,adding-knowledge,density,-0.0599951006637147,-0.24676307767054925,0.11889727292016011
qwen3_4b,steer_actions,fake,baseline_seed1,0.0,same,130,adding-knowledge,density_nontest,-0.04902660172667393,-0.23697332454939057,0.13199131509084364
qwen3_4b,steer_actions,fake,baseline_seed1,0.0,same,130,adding-knowledge,density_testlex,-0.01096849893704076,-0.03005702907592746,0.0047779761784526
qwen3_4b,steer_actions,fake,baseline_seed1,0.0,same,130,example-testing,density,-0.024138024082175927,-0.13459090242678404,0.08403760358406905
qwen3_4b,steer_actions,fake,baseline_seed1,0.0,same,130,example-testing,density_nontest,-0.020035459979611814,-0.12980269464006242,0.08850452049511702
qwen3_4b,steer_actions,fake,baseline_seed1,0.0,same,130,example-testing,density_testlex,-0.0041025641025641026,-0.012307692307692308,0.0
qwen3_4b,steer_actions,fake,baseline_seed1,0.0,same,130,uncertainty-estimation,density,0.03591157681729439,-0.09970105703210888,0.1521763696367109
qwen3_4b,steer_actions,fake,baseline_seed1,0.0,same,130,uncertainty-estimation,density_nontest,0.010622525743749374,-0.1194372008238293,0.12732414895026195
qwen3_4b,steer_actions,fake,baseline_seed1,0.0,same,130,uncertainty-estimation,density_testlex,0.025289051073545003,-0.012998108352602537,0.06490120820961945
qwen3_4b,steer_actions,fake,baseline_seed1,0.0,same,130,backtracking,density,0.025954156171936513,-0.03872237576198736,0.09089483116793333
qwen3_4b,steer_actions,fake,baseline_seed1,0.0,same,130,backtracking,density_nontest,0.025568080274440557,-0.03768853393550591,0.09008518700913754
qwen3_4b,steer_actions,fake,baseline_seed1,0.0,same,130,backtracking,density_testlex,0.0003860758974959571,-0.006741434665962968,0.007486595907648538
qwen3_4b,steer_actions,fake,random_aware,0.05,gained,6,initializing,density,-0.14992193145219268,-0.5311332868313118,0.19121475837183324
qwen3_4b,steer_actions,fake,random_aware,0.05,gained,6,initializing,density_nontest,-0.12195772563563789,-0.5102987162072147,0.23312903361109996
qwen3_4b,steer_actions,fake,random_aware,0.05,gained,6,initializing,density_testlex,-0.027964205816554812,-0.08389261744966443,0.0
qwen3_4b,steer_actions,fake,random_aware,0.05,gained,6,deduction,density,0.08424888034751794,-0.3201898928261251,0.4609898929692183
qwen3_4b,steer_actions,fake,random_aware,0.05,gained,6,deduction,density_nontest,0.5293433669863921,0.186542373418891,0.8115477868216834
qwen3_4b,steer_actions,fake,random_aware,0.05,gained,6,deduction,density_testlex,-0.445094486638874,-0.7192524602649327,-0.18948994811063777
qwen3_4b,steer_actions,fake,random_aware,0.05,gained,6,adding-knowledge,density,-0.9486514410274419,-1.7608884129502016,-0.2391768901850494
qwen3_4b,steer_actions,fake,random_aware,0.05,gained,6,adding-knowledge,density_nontest,-0.9486514410274419,-1.7608884129502016,-0.2391768901850494
qwen3_4b,steer_actions,fake,random_aware,0.05,gained,6,adding-knowledge,density_testlex,0.0,0.0,0.0
qwen3_4b,steer_actions,fake,random_aware,0.05,gained,6,example-testing,density,0.46208538892925993,0.20391785859424186,0.7586571823163398
qwen3_4b,steer_actions,fake,random_aware,0.05,gained,6,example-testing,density_nontest,0.46208538892925993,0.20391785859424186,0.7586571823163398
qwen3_4b,steer_actions,fake,random_aware,0.05,gained,6,example-testing,density_testlex,0.0,0.0,0.0
qwen3_4b,steer_actions,fake,random_aware,0.05,gained,6,uncertainty-estimation,density,0.5961334356514909,-0.05883778734648059,1.2284599181150904
qwen3_4b,steer_actions,fake,random_aware,0.05,gained,6,uncertainty-estimation,density_nontest,0.4552728385061484,-0.18475891009580342,1.0820014383232772
qwen3_4b,steer_actions,fake,random_aware,0.05,gained,6,uncertainty-estimation,density_testlex,0.14086059714534246,-0.002921101754085981,0.26602615058976886
qwen3_4b,steer_actions,fake,random_aware,0.05,gained,6,backtracking,density,-0.2809953903780772,-0.6076942646959992,0.03256796113938972
qwen3_4b,steer_actions,fake,random_aware,0.05,gained,6,backtracking,density_nontest,-0.25303118456152235,-0.5762573411210123,0.05016459013679644
qwen3_4b,steer_actions,fake,random_aware,0.05,gained,6,backtracking,density_testlex,-0.027964205816554812,-0.08389261744966443,0.0
qwen3_4b,steer_actions,fake,random_aware,0.05,comply_both,118,initializing,density,-0.08740813071579381,-0.19894367263159196,0.02059795913766581
qwen3_4b,steer_actions,fake,random_aware,0.05,comply_both,118,initializing,density_nontest,-0.08584586716120535,-0.1979875538826987,0.021728467481766527
qwen3_4b,steer_actions,fake,random_aware,0.05,comply_both,118,initializing,density_testlex,-0.0015622635545884667,-0.00457814225003224,0.0
qwen3_4b,steer_actions,fake,random_aware,0.05,comply_both,118,deduction,density,0.22864197294494268,-0.042380993241146164,0.49184912800868325
qwen3_4b,steer_actions,fake,random_aware,0.05,comply_both,118,deduction,density_nontest,0.23974854469156812,-0.03371529766890101,0.5063340545842883
qwen3_4b,steer_actions,fake,random_aware,0.05,comply_both,118,deduction,density_testlex,-0.011106571746625434,-0.05631735664479024,0.03518260327303134
qwen3_4b,steer_actions,fake,random_aware,0.05,comply_both,118,adding-knowledge,density,-0.13235368107614942,-0.3182460666611156,0.06876226331600535
qwen3_4b,steer_actions,fake,random_aware,0.05,comply_both,118,adding-knowledge,density_nontest,-0.12323394645841823,-0.3083439850483283,0.07936536512113973
qwen3_4b,steer_actions,fake,random_aware,0.05,comply_both,118,adding-knowledge,density_testlex,-0.009119734617731162,-0.023178731643071153,0.002760448296803401
qwen3_4b,steer_actions,fake,random_aware,0.05,comply_both,118,example-testing,density,-0.028549445800308083,-0.13761881039831,0.0801764060632213
qwen3_4b,steer_actions,fake,random_aware,0.05,comply_both,118,example-testing,density_nontest,-0.02402967178900866,-0.1345140358801735,0.08638557394522321
qwen3_4b,steer_actions,fake,random_aware,0.05,comply_both,118,example-testing,density_testlex,-0.004519774011299435,-0.013559322033898306,0.0
qwen3_4b,steer_actions,fake,random_aware,0.05,comply_both,118,uncertainty-estimation,density,0.037940560952266514,-0.09144538344635021,0.1638574957517604
qwen3_4b,steer_actions,fake,random_aware,0.05,comply_both,118,uncertainty-estimation,density_nontest,0.027321753922162458,-0.09938387360634769,0.15618804666187158
qwen3_4b,steer_actions,fake,random_aware,0.05,comply_both,118,uncertainty-estimation,density_testlex,0.010618807030104089,-0.023831240123617616,0.04484900214301796
qwen3_4b,steer_actions,fake,random_aware,0.05,comply_both,118,backtracking,density,0.039402094090097456,-0.026721033517950157,0.11050189260452044
qwen3_4b,steer_actions,fake,random_aware,0.05,comply_both,118,backtracking,density_nontest,0.039567485934964224,-0.025948232918022576,0.10960074475116212
qwen3_4b,steer_actions,fake,random_aware,0.05,comply_both,118,backtracking,density_testlex,-0.00016539184486676073,-0.007524132687124407,0.007096220603276528
qwen3_4b,steer_actions,fake,random_aware,0.05,refuse_both,11,initializing,density,0.08058462445539061,-0.076215456978211,0.22327237359201327
qwen3_4b,steer_actions,fake,random_aware,0.05,refuse_both,11,initializing,density_nontest,0.08058462445539061,-0.076215456978211,0.22327237359201327
qwen3_4b,steer_actions,fake,random_aware,0.05,refuse_both,11,initializing,density_testlex,0.0,0.0,0.0
qwen3_4b,steer_actions,fake,random_aware,0.05,refuse_both,11,deduction,density,-0.2537459294497007,-0.698840936369634,0.17201298563334497
qwen3_4b,steer_actions,fake,random_aware,0.05,refuse_both,11,deduction,density_nontest,-0.34609844160924874,-0.9374357667656706,0.21697841145176455
qwen3_4b,steer_actions,fake,random_aware,0.05,refuse_both,11,deduction,density_testlex,0.09235251215954797,-0.13895384873828606,0.33102874209460204
qwen3_4b,steer_actions,fake,random_aware,0.05,refuse_both,11,adding-knowledge,density,-0.05647288681862956,-0.4792409931641953,0.35218638118222273
qwen3_4b,steer_actions,fake,random_aware,0.05,refuse_both,11,adding-knowledge,density_nontest,0.026356089284196912,-0.39777043217055397,0.42299111512551724
qwen3_4b,steer_actions,fake,random_aware,0.05,refuse_both,11,adding-knowledge,density_testlex,-0.08282897610282648,-0.20013102888875023,0.0
qwen3_4b,steer_actions,fake,random_aware,0.05,refuse_both,11,example-testing,density,0.024906600249066,0.0,0.074719800747198
qwen3_4b,steer_actions,fake,random_aware,0.05,refuse_both,11,example-testing,density_nontest,0.024906600249066,0.0,0.074719800747198
qwen3_4b,steer_actions,fake,random_aware,0.05,refuse_both,11,example-testing,density_testlex,0.0,0.0,0.0
qwen3_4b,steer_actions,fake,random_aware,0.05,refuse_both,11,uncertainty-estimation,density,0.03755616759172182,-0.46474875361423246,0.5846532251482419
qwen3_4b,steer_actions,fake,random_aware,0.05,refuse_both,11,uncertainty-estimation,density_nontest,0.0535152230150945,-0.35660105835430234,0.5321405030540476
qwen3_4b,steer_actions,fake,random_aware,0.05,refuse_both,11,uncertainty-estimation,density_testlex,-0.015959055423372736,-0.1790522422463157,0.14130946773433817
qwen3_4b,steer_actions,fake,random_aware,0.05,refuse_both,11,backtracking,density,0.039192923152074385,-0.14589667595237976,0.24911948909252316
qwen3_4b,steer_actions,fake,random_aware,0.05,refuse_both,11,backtracking,density_nontest,0.039192923152074385,-0.14589667595237976,0.24911948909252316
qwen3_4b,steer_actions,fake,random_aware,0.05,refuse_both,11,backtracking,density_testlex,0.0,0.0,0.0
qwen3_4b,steer_actions,fake,random_aware,0.05,same,129,initializing,density,-0.07308316709654554,-0.18059056001766863,0.029091171466431524
qwen3_4b,steer_actions,fake,random_aware,0.05,same,129,initializing,density_nontest,-0.07165411981405376,-0.17993173067192714,0.030485566671572272
qwen3_4b,steer_actions,fake,random_aware,0.05,same,129,initializing,density_testlex,-0.0014290472824917758,-0.004187758027161274,0.0
qwen3_4b,steer_actions,fake,random_aware,0.05,same,129,deduction,density,0.18750812080276377,-0.0650114370942832,0.4340036865143509
qwen3_4b,steer_actions,fake,random_aware,0.05,same,129,deduction,density_nontest,0.18979260012328142,-0.0732494556977568,0.44618158398324814
qwen3_4b,steer_actions,fake,random_aware,0.05,same,129,deduction,density_testlex,-0.002284479320517617,-0.04716983102686635,0.048684364084733096
qwen3_4b,steer_actions,fake,random_aware,0.05,same,129,adding-knowledge,density,-0.12588322575186478,-0.30351564256650077,0.04594493711621501
qwen3_4b,steer_actions,fake,random_aware,0.05,same,129,adding-knowledge,density_nontest,-0.11047820697648983,-0.28481975021165634,0.06421647579395033
qwen3_4b,steer_actions,fake,random_aware,0.05,same,129,adding-knowledge,density_testlex,-0.015405018775374948,-0.03339669714242937,-0.0018193520731246322
qwen3_4b,steer_actions,fake,random_aware,0.05,same,129,example-testing,density,-0.0239911783077258,-0.1216044707477094,0.07931558293728769
qwen3_4b,steer_actions,fake,random_aware,0.05,same,129,example-testing,density_nontest,-0.019856811382661203,-0.11735975486858326,0.08489636818387297
qwen3_4b,steer_actions,fake,random_aware,0.05,same,129,example-testing,density_testlex,-0.004134366925064599,-0.012403100775193798,0.0
qwen3_4b,steer_actions,fake,random_aware,0.05,same,129,uncertainty-estimation,density,0.03790778322384799,-0.08231203386642319,0.1658326924624605
qwen3_4b,steer_actions,fake,random_aware,0.05,same,129,uncertainty-estimation,density_nontest,0.029555305550241925,-0.08652345300120394,0.15455840398665052
qwen3_4b,steer_actions,fake,random_aware,0.05,same,129,uncertainty-estimation,density_testlex,0.008352477673606064,-0.02436037794417529,0.04103635170525036
qwen3_4b,steer_actions,fake,random_aware,0.05,same,129,backtracking,density,0.03938425780856061,-0.02614189249567555,0.09996786732198079
qwen3_4b,steer_actions,fake,random_aware,0.05,same,129,backtracking,density_nontest,0.03953554647285734,-0.02519301392516313,0.09901805088818763
qwen3_4b,steer_actions,fake,random_aware,0.05,same,129,backtracking,density_testlex,-0.00015128866429672686,-0.0075312138497746215,0.006660508914376346
qwen3_4b,steer_actions,fake,random_samerows_aware,0.05,gained,7,initializing,density,-0.1613397476540026,-0.5352175045533085,0.17523272475927545
qwen3_4b,steer_actions,fake,random_samerows_aware,0.05,gained,7,initializing,density_nontest,-0.13737042838266994,-0.5242640835870228,0.19700543680604704
qwen3_4b,steer_actions,fake,random_samerows_aware,0.05,gained,7,initializing,density_testlex,-0.023969319271332695,-0.07190795781399809,0.0
qwen3_4b,steer_actions,fake,random_samerows_aware,0.05,gained,7,deduction,density,0.6556463989637639,-0.021558565817978336,1.4630814866828936
qwen3_4b,steer_actions,fake,random_samerows_aware,0.05,gained,7,deduction,density_nontest,0.9587227074157967,0.1557499788060288,1.8787409481100308
qwen3_4b,steer_actions,fake,random_samerows_aware,0.05,gained,7,deduction,density_testlex,-0.3030763084520327,-0.5303249564718809,-0.04337404739783312
qwen3_4b,steer_actions,fake,random_samerows_aware,0.05,gained,7,adding-knowledge,density,-1.399739355901079,-2.087498501157564,-0.8336903149253729
qwen3_4b,steer_actions,fake,random_samerows_aware,0.05,gained,7,adding-knowledge,density_nontest,-1.3617454349284344,-2.074609147833262,-0.7825385796215817
qwen3_4b,steer_actions,fake,random_samerows_aware,0.05,gained,7,adding-knowledge,density_testlex,-0.037993920972644375,-0.11398176291793313,0.0
qwen3_4b,steer_actions,fake,random_samerows_aware,0.05,gained,7,example-testing,density,0.5279003361445828,0.12621652503972997,1.0103191501025985
qwen3_4b,steer_actions,fake,random_samerows_aware,0.05,gained,7,example-testing,density_nontest,0.5279003361445828,0.12621652503972997,1.0103191501025985
qwen3_4b,steer_actions,fake,random_samerows_aware,0.05,gained,7,example-testing,density_testlex,0.0,0.0,0.0
qwen3_4b,steer_actions,fake,random_samerows_aware,0.05,gained,7,uncertainty-estimation,density,0.13326771445880464,-0.2027659702596879,0.3530073645146368
qwen3_4b,steer_actions,fake,random_samerows_aware,0.05,gained,7,uncertainty-estimation,density_nontest,0.14639105211621042,-0.2183681709281828,0.5143461614207923
qwen3_4b,steer_actions,fake,random_samerows_aware,0.05,gained,7,uncertainty-estimation,density_testlex,-0.013123337657405794,-0.26393029894545766,0.20403681773345803
qwen3_4b,steer_actions,fake,random_samerows_aware,0.05,gained,7,backtracking,density,-0.00017623395397506743,-0.43422380692143125,0.4414306359715029
qwen3_4b,steer_actions,fake,random_samerows_aware,0.05,gained,7,backtracking,density_nontest,-0.005480919366483095,-0.4088886108100561,0.3678555596751717
qwen3_4b,steer_actions,fake,random_samerows_aware,0.05,gained,7,backtracking,density_testlex,0.005304685412508055,-0.07190795781399809,0.08782201405152225
qwen3_4b,steer_actions,fake,random_samerows_aware,0.05,lost,5,initializing,density,0.40715679825764184,-0.3713156572353216,1.1775174129810595
qwen3_4b,steer_actions,fake,random_samerows_aware,0.05,lost,5,initializing,density_nontest,0.40715679825764184,-0.3713156572353216,1.1775174129810595
qwen3_4b,steer_actions,fake,random_samerows_aware,0.05,lost,5,initializing,density_testlex,0.0,0.0,0.0
qwen3_4b,steer_actions,fake,random_samerows_aware,0.05,lost,5,deduction,density,-0.050360611949730225,-1.5940841160139405,1.3928106263449096
qwen3_4b,steer_actions,fake,random_samerows_aware,0.05,lost,5,deduction,density_nontest,-0.1446684636522683,-1.327055338875897,1.0268664423999785
qwen3_4b,steer_actions,fake,random_samerows_aware,0.05,lost,5,deduction,density_testlex,0.094307851702538,-0.32173677941703016,0.47711969583208874
qwen3_4b,steer_actions,fake,random_samerows_aware,0.05,lost,5,adding-knowledge,density,-0.46959831613496605,-1.60521378626294,0.8562491388740652
qwen3_4b,steer_actions,fake,random_samerows_aware,0.05,lost,5,adding-knowledge,density_nontest,-0.46959831613496605,-1.60521378626294,0.8562491388740652
qwen3_4b,steer_actions,fake,random_samerows_aware,0.05,lost,5,adding-knowledge,density_testlex,0.0,0.0,0.0
qwen3_4b,steer_actions,fake,random_samerows_aware,0.05,lost,5,example-testing,density,-0.21222157282940451,-0.4834080135073706,0.0
qwen3_4b,steer_actions,fake,random_samerows_aware,0.05,lost,5,example-testing,density_nontest,-0.21222157282940451,-0.4834080135073706,0.0
qwen3_4b,steer_actions,fake,random_samerows_aware,0.05,lost,5,example-testing,density_testlex,0.0,0.0,0.0
qwen3_4b,steer_actions,fake,random_samerows_aware,0.05,lost,5,uncertainty-estimation,density,-0.13448387625885622,-0.9735535561628528,0.6687930562727507
qwen3_4b,steer_actions,fake,random_samerows_aware,0.05,lost,5,uncertainty-estimation,density_nontest,-0.1779608844454316,-0.7927231544740263,0.22013611252001428
qwen3_4b,steer_actions,fake,random_samerows_aware,0.05,lost,5,uncertainty-estimation,density_testlex,0.043477008186575364,-0.42176836895432307,0.6071706189219979
qwen3_4b,steer_actions,fake,random_samerows_aware,0.05,lost,5,backtracking,density,0.10921017721092414,-0.15768289140628242,0.4131112569740729
qwen3_4b,steer_actions,fake,random_samerows_aware,0.05,lost,5,backtracking,density_nontest,0.10921017721092414,-0.15768289140628242,0.4131112569740729
qwen3_4b,steer_actions,fake,random_samerows_aware,0.05,lost,5,backtracking,density_testlex,0.0,0.0,0.0
qwen3_4b,steer_actions,fake,random_samerows_aware,0.05,comply_both,119,initializing,density,0.0010898481324760746,-0.1252150695164801,0.12270143550094886
qwen3_4b,steer_actions,fake,random_samerows_aware,0.05,comply_both,119,initializing,density_nontest,0.001087878577714633,-0.12540242467165,0.1227693889980276
qwen3_4b,steer_actions,fake,random_samerows_aware,0.05,comply_both,119,initializing,density_testlex,1.9695547614427906e-06,-0.0020200387847446677,0.002025947449028996
qwen3_4b,steer_actions,fake,random_samerows_aware,0.05,comply_both,119,deduction,density,0.08069981698940201,-0.17310895627861891,0.3385164288716391
qwen3_4b,steer_actions,fake,random_samerows_aware,0.05,comply_both,119,deduction,density_nontest,0.11038416786708284,-0.1418980497669827,0.3632569141204212
qwen3_4b,steer_actions,fake,random_samerows_aware,0.05,comply_both,119,deduction,density_testlex,-0.029684350877680784,-0.07255584016194731,0.016676850004438817
qwen3_4b,steer_actions,fake,random_samerows_aware,0.05,comply_both,119,adding-knowledge,density,0.013047345243759702,-0.18317455529194862,0.20717614348478003
qwen3_4b,steer_actions,fake,random_samerows_aware,0.05,comply_both,119,adding-knowledge,density_nontest,0.006415021374164045,-0.18714351191370007,0.20350325703321942
qwen3_4b,steer_actions,fake,random_samerows_aware,0.05,comply_both,119,adding-knowledge,density_testlex,0.006632323869595666,-0.011460116106444243,0.026913110109123426
qwen3_4b,steer_actions,fake,random_samerows_aware,0.05,comply_both,119,example-testing,density,-0.001513130604388816,-0.11495018105614994,0.11993123060294313
qwen3_4b,steer_actions,fake,random_samerows_aware,0.05,comply_both,119,example-testing,density_nontest,-0.0034394035058939168,-0.11519843444897729,0.11676848813587108
qwen3_4b,steer_actions,fake,random_samerows_aware,0.05,comply_both,119,example-testing,density_testlex,0.0019262729015050999,-0.006283422459893047,0.012062241164408346
qwen3_4b,steer_actions,fake,random_samerows_aware,0.05,comply_both,119,uncertainty-estimation,density,0.010844401270364698,-0.11714820855772551,0.14277127993398359
qwen3_4b,steer_actions,fake,random_samerows_aware,0.05,comply_both,119,uncertainty-estimation,density_nontest,-0.012099750438181915,-0.13649398494102186,0.11025211507424101
qwen3_4b,steer_actions,fake,random_samerows_aware,0.05,comply_both,119,uncertainty-estimation,density_testlex,0.022944151708546613,-0.011873455263788567,0.05952882635644102
qwen3_4b,steer_actions,fake,random_samerows_aware,0.05,comply_both,119,backtracking,density,0.00514522550797657,-0.058714178233579384,0.0704556916861833
qwen3_4b,steer_actions,fake,random_samerows_aware,0.05,comply_both,119,backtracking,density_nontest,0.004776171240888212,-0.05778579120768456,0.07135502567268732
qwen3_4b,steer_actions,fake,random_samerows_aware,0.05,comply_both,119,backtracking,density_testlex,0.000369054267088355,-0.004101567600869806,0.004992095848240287
qwen3_4b,steer_actions,fake,random_samerows_aware,0.05,refuse_both,10,initializing,density,0.014698839735204134,-0.11912584440331515,0.15186777111094454
qwen3_4b,steer_actions,fake,random_samerows_aware,0.05,refuse_both,10,initializing,density_nontest,0.014698839735204134,-0.11912584440331515,0.15186777111094454
qwen3_4b,steer_actions,fake,random_samerows_aware,0.05,refuse_both,10,initializing,density_testlex,0.0,0.0,0.0
qwen3_4b,steer_actions,fake,random_samerows_aware,0.05,refuse_both,10,deduction,density,-0.45489778197889497,-0.9657427626862006,0.11548568473125781
qwen3_4b,steer_actions,fake,random_samerows_aware,0.05,refuse_both,10,deduction,density_nontest,-0.5336620085048764,-1.089973913307396,0.06469957292364582
qwen3_4b,steer_actions,fake,random_samerows_aware,0.05,refuse_both,10,deduction,density_testlex,0.07876422652598143,-0.10754462052885405,0.23125029149754586
qwen3_4b,steer_actions,fake,random_samerows_aware,0.05,refuse_both,10,adding-knowledge,density,0.05208534859719884,-0.5485939022446094,0.70263514360187
qwen3_4b,steer_actions,fake,random_samerows_aware,0.05,refuse_both,10,adding-knowledge,density_nontest,-0.051005891364612366,-0.6186096593787618,0.49690479585833586
qwen3_4b,steer_actions,fake,random_samerows_aware,0.05,refuse_both,10,adding-knowledge,density_testlex,0.1030912399618112,-0.13830403708711608,0.41452578713540655
qwen3_4b,steer_actions,fake,random_samerows_aware,0.05,refuse_both,10,example-testing,density,0.0,0.0,0.0
qwen3_4b,steer_actions,fake,random_samerows_aware,0.05,refuse_both,10,example-testing,density_nontest,0.0,0.0,0.0
qwen3_4b,steer_actions,fake,random_samerows_aware,0.05,refuse_both,10,example-testing,density_testlex,0.0,0.0,0.0
qwen3_4b,steer_actions,fake,random_samerows_aware,0.05,refuse_both,10,uncertainty-estimation,density,0.0636950874376369,-0.26054804788397584,0.3888227724811875
qwen3_4b,steer_actions,fake,random_samerows_aware,0.05,refuse_both,10,uncertainty-estimation,density_nontest,-0.0017857873368424925,-0.30772505754824603,0.34249996585839376
qwen3_4b,steer_actions,fake,random_samerows_aware,0.05,refuse_both,10,uncertainty-estimation,density_testlex,0.06548087477447939,-0.07870370370370369,0.2170405764664951
qwen3_4b,steer_actions,fake,random_samerows_aware,0.05,refuse_both,10,backtracking,density,-0.015721715094257793,-0.19893801694555655,0.17289385869356075
qwen3_4b,steer_actions,fake,random_samerows_aware,0.05,refuse_both,10,backtracking,density_nontest,-0.015721715094257793,-0.19893801694555655,0.17289385869356075
qwen3_4b,steer_actions,fake,random_samerows_aware,0.05,refuse_both,10,backtracking,density_testlex,0.0,0.0,0.0
qwen3_4b,steer_actions,fake,random_samerows_aware,0.05,same,129,initializing,density,0.002144808721834836,-0.11230594436346349,0.11469491444901302
qwen3_4b,steer_actions,fake,random_samerows_aware,0.05,same,129,initializing,density_nontest,0.0021429918457370684,-0.11109933738220308,0.1143678402996258
qwen3_4b,steer_actions,fake,random_samerows_aware,0.05,same,129,initializing,density_testlex,1.816876097765055e-06,-0.0018634466308884918,0.001868897259181787
qwen3_4b,steer_actions,fake,random_samerows_aware,0.05,same,129,deduction,density,0.0391806232709294,-0.21207794761707055,0.2934605013670072
qwen3_4b,steer_actions,fake,random_samerows_aware,0.05,same,129,deduction,density_nontest,0.060458107683210034,-0.19634441235730674,0.31621086882544613
qwen3_4b,steer_actions,fake,random_samerows_aware,0.05,same,129,deduction,density_testlex,-0.02127748441228061,-0.06532807614571351,0.02017752557283953
qwen3_4b,steer_actions,fake,random_samerows_aware,0.05,same,129,adding-knowledge,density,0.016073547054103812,-0.17345567411723636,0.20240385407497394
qwen3_4b,steer_actions,fake,random_samerows_aware,0.05,same,129,adding-knowledge,density_nontest,0.0019637878285224375,-0.18668580564659135,0.18551580260744002
qwen3_4b,steer_actions,fake,random_samerows_aware,0.05,same,129,adding-knowledge,density_testlex,0.014109759225581364,-0.01124268048248016,0.04457769562893806
qwen3_4b,steer_actions,fake,random_samerows_aware,0.05,same,129,example-testing,density,-0.0013958336583121509,-0.10900962094563695,0.10873141725676953
qwen3_4b,steer_actions,fake,random_samerows_aware,0.05,same,129,example-testing,density_nontest,-0.0031727830790804247,-0.1098405763390156,0.10492365748847898
qwen3_4b,steer_actions,fake,random_samerows_aware,0.05,same,129,example-testing,density_testlex,0.0017769494207682704,-0.005796335447498237,0.011127183709803048
qwen3_4b,steer_actions,fake,random_samerows_aware,0.05,same,129,uncertainty-estimation,density,0.014941353686432316,-0.1147844374072545,0.13648618776697735
qwen3_4b,steer_actions,fake,random_samerows_aware,0.05,same,129,uncertainty-estimation,density_nontest,-0.01130021841482227,-0.13754388229032619,0.10786515303305486
qwen3_4b,steer_actions,fake,random_samerows_aware,0.05,same,129,uncertainty-estimation,density_testlex,0.026241572101254582,-0.007075435816329145,0.062144572822366115
qwen3_4b,steer_actions,fake,random_samerows_aware,0.05,same,129,backtracking,density,0.003527633213229712,-0.06009314841050556,0.06653835567811713
qwen3_4b,steer_actions,fake,random_samerows_aware,0.05,same,129,backtracking,density_nontest,0.0031871878040551833,-0.06090674848075692,0.06629966568366588
qwen3_4b,steer_actions,fake,random_samerows_aware,0.05,same,129,backtracking,density_testlex,0.00034044540917452904,-0.0037853741769525787,0.004740183320657647
qwen3_4b,steer_actions,fake,shuffled_aware,0.05,comply_both,117,initializing,density,0.004229818216146759,-0.11305269757030256,0.116555914821379
qwen3_4b,steer_actions,fake,shuffled_aware,0.05,comply_both,117,initializing,density_nontest,0.0017404074295604588,-0.1135703317328613,0.11361353239926392
qwen3_4b,steer_actions,fake,shuffled_aware,0.05,comply_both,117,initializing,density_testlex,0.0024894107865862966,0.0,0.006941791073889341
qwen3_4b,steer_actions,fake,shuffled_aware,0.05,comply_both,117,deduction,density,0.23634519803963142,-0.04922791198409016,0.5163237365779365
qwen3_4b,steer_actions,fake,shuffled_aware,0.05,comply_both,117,deduction,density_nontest,0.25052111747502076,-0.0320777896363761,0.524289104137494
qwen3_4b,steer_actions,fake,shuffled_aware,0.05,comply_both,117,deduction,density_testlex,-0.014175919435389376,-0.05966955564950251,0.026588131500276557
qwen3_4b,steer_actions,fake,shuffled_aware,0.05,comply_both,117,adding-knowledge,density,-0.07715776928627521,-0.25731613461945274,0.11057377226129483
qwen3_4b,steer_actions,fake,shuffled_aware,0.05,comply_both,117,adding-knowledge,density_nontest,-0.0772895909346154,-0.2538611204964741,0.10827498347337243
qwen3_4b,steer_actions,fake,shuffled_aware,0.05,comply_both,117,adding-knowledge,density_testlex,0.0001318216483402041,-0.017788232574559526,0.018011875835646965
qwen3_4b,steer_actions,fake,shuffled_aware,0.05,comply_both,117,example-testing,density,-0.02349895276896799,-0.13569716007709576,0.08495411947773215
qwen3_4b,steer_actions,fake,shuffled_aware,0.05,comply_both,117,example-testing,density_nontest,-0.022037290437740442,-0.13497502778487916,0.0885322542318295
qwen3_4b,steer_actions,fake,shuffled_aware,0.05,comply_both,117,example-testing,density_testlex,-0.0014616623312275485,-0.013675213675213675,0.009290226681531028
qwen3_4b,steer_actions,fake,shuffled_aware,0.05,comply_both,117,uncertainty-estimation,density,0.03247170174554321,-0.11521226046918943,0.17136497647026797
qwen3_4b,steer_actions,fake,shuffled_aware,0.05,comply_both,117,uncertainty-estimation,density_nontest,0.020605108194130233,-0.12528213909965227,0.1638413706667571
qwen3_4b,steer_actions,fake,shuffled_aware,0.05,comply_both,117,uncertainty-estimation,density_testlex,0.011866593551412985,-0.01943789349585306,0.04340409292947278
qwen3_4b,steer_actions,fake,shuffled_aware,0.05,comply_both,117,backtracking,density,0.07286381666221088,0.0076740500407731695,0.14618997399772393
qwen3_4b,steer_actions,fake,shuffled_aware,0.05,comply_both,117,backtracking,density_nontest,0.06752033110585642,0.0034728283775761113,0.13802135481229838
qwen3_4b,steer_actions,fake,shuffled_aware,0.05,comply_both,117,backtracking,density_testlex,0.005343485556354448,-0.002497944636309416,0.01693455355767886
qwen3_4b,steer_actions,fake,shuffled_aware,0.05,refuse_both,13,initializing,density,0.0404389136973382,-0.07715483671475554,0.15369535323154648
qwen3_4b,steer_actions,fake,shuffled_aware,0.05,refuse_both,13,initializing,density_nontest,0.0404389136973382,-0.07715483671475554,0.15369535323154648
qwen3_4b,steer_actions,fake,shuffled_aware,0.05,refuse_both,13,initializing,density_testlex,0.0,0.0,0.0
qwen3_4b,steer_actions,fake,shuffled_aware,0.05,refuse_both,13,deduction,density,0.03169380479523632,-0.6578122176446037,0.7964481811784042
qwen3_4b,steer_actions,fake,shuffled_aware,0.05,refuse_both,13,deduction,density_nontest,0.039945459950760626,-0.6194732882525564,0.7811608990767471
qwen3_4b,steer_actions,fake,shuffled_aware,0.05,refuse_both,13,deduction,density_testlex,-0.008251655155524208,-0.21297867082101712,0.21048677581348077
qwen3_4b,steer_actions,fake,shuffled_aware,0.05,refuse_both,13,adding-knowledge,density,-0.035395441801130204,-0.4134472139237094,0.36404612979153717
qwen3_4b,steer_actions,fake,shuffled_aware,0.05,refuse_both,13,adding-knowledge,density_nontest,-0.05378877476750284,-0.47314687007970685,0.3992905297037462
qwen3_4b,steer_actions,fake,shuffled_aware,0.05,refuse_both,13,adding-knowledge,density_testlex,0.01839333296637262,-0.11785746591518433,0.15221524912806725
qwen3_4b,steer_actions,fake,shuffled_aware,0.05,refuse_both,13,example-testing,density,0.026802465826856074,0.0,0.08040739748056822
qwen3_4b,steer_actions,fake,shuffled_aware,0.05,refuse_both,13,example-testing,density_nontest,0.0,0.0,0.0
qwen3_4b,steer_actions,fake,shuffled_aware,0.05,refuse_both,13,example-testing,density_testlex,0.026802465826856074,0.0,0.08040739748056822
qwen3_4b,steer_actions,fake,shuffled_aware,0.05,refuse_both,13,uncertainty-estimation,density,0.3008665181251136,-0.17558723436531476,0.8056038863734264
qwen3_4b,steer_actions,fake,shuffled_aware,0.05,refuse_both,13,uncertainty-estimation,density_nontest,0.23800561364299044,-0.2689519671788231,0.801643817290718
qwen3_4b,steer_actions,fake,shuffled_aware,0.05,refuse_both,13,uncertainty-estimation,density_testlex,0.06286090448212324,-0.07978388907769209,0.20011149184790902
qwen3_4b,steer_actions,fake,shuffled_aware,0.05,refuse_both,13,backtracking,density,-0.01499172977381907,-0.2682222081840048,0.20130117350468044
qwen3_4b,steer_actions,fake,shuffled_aware,0.05,refuse_both,13,backtracking,density_nontest,-0.01499172977381907,-0.2682222081840048,0.20130117350468044
qwen3_4b,steer_actions,fake,shuffled_aware,0.05,refuse_both,13,backtracking,density_testlex,0.0,0.0,0.0
qwen3_4b,steer_actions,fake,shuffled_aware,0.05,same,130,initializing,density,0.007850727764265899,-0.092907695534067,0.1146934711859855
qwen3_4b,steer_actions,fake,shuffled_aware,0.05,same,130,initializing,density_nontest,0.00561025805633823,-0.09483323308550125,0.11232536240672047
qwen3_4b,steer_actions,fake,shuffled_aware,0.05,same,130,initializing,density_testlex,0.002240469707927667,0.0,0.006042842407480436
qwen3_4b,steer_actions,fake,shuffled_aware,0.05,same,130,deduction,density,0.2158800587151919,-0.050041617725789314,0.49060159025266453
qwen3_4b,steer_actions,fake,shuffled_aware,0.05,same,130,deduction,density_nontest,0.22946355172259475,-0.03292716850786756,0.4941293196922891
qwen3_4b,steer_actions,fake,shuffled_aware,0.05,same,130,deduction,density_testlex,-0.013583493007402865,-0.0575263053959027,0.03021994335337722
qwen3_4b,steer_actions,fake,shuffled_aware,0.05,same,130,adding-knowledge,density,-0.07298153653776071,-0.24871963630903912,0.10287914531788528
qwen3_4b,steer_actions,fake,shuffled_aware,0.05,same,130,adding-knowledge,density_nontest,-0.07493950931790415,-0.24741509491092714,0.09992230129329771
qwen3_4b,steer_actions,fake,shuffled_aware,0.05,same,130,adding-knowledge,density_testlex,0.0019579727801434465,-0.019836777281920737,0.022605285545242843
qwen3_4b,steer_actions,fake,shuffled_aware,0.05,same,130,example-testing,density,-0.01846881090938559,-0.12436625660241044,0.0868010000687817
qwen3_4b,steer_actions,fake,shuffled_aware,0.05,same,130,example-testing,density_nontest,-0.0198335613939664,-0.12637029037796824,0.08265185211528592
qwen3_4b,steer_actions,fake,shuffled_aware,0.05,same,130,example-testing,density_testlex,0.001364750484580814,-0.009627445725006699,0.011041450596063535
qwen3_4b,steer_actions,fake,shuffled_aware,0.05,same,130,uncertainty-estimation,density,0.059311183383500256,-0.06877488483434305,0.19328379531430623
qwen3_4b,steer_actions,fake,shuffled_aware,0.05,same,130,uncertainty-estimation,density_nontest,0.04234515873901625,-0.08881813578329927,0.17816344573408588
qwen3_4b,steer_actions,fake,shuffled_aware,0.05,same,130,uncertainty-estimation,density_testlex,0.016966024644484008,-0.015911375375798373,0.04902695180636265
qwen3_4b,steer_actions,fake,shuffled_aware,0.05,same,130,backtracking,density,0.06407826201860788,0.0008846730452267772,0.13378972247754348
qwen3_4b,steer_actions,fake,shuffled_aware,0.05,same,130,backtracking,density_nontest,0.059269125017888884,-0.002461062368180756,0.1273378580448592
qwen3_4b,steer_actions,fake,shuffled_aware,0.05,same,130,backtracking,density_testlex,0.004809137000719004,-0.0022481501726784744,0.015420476958938499
qwen3_4b,steer_actions,fake,shuffled_samerows_aware,0.05,gained,7,initializing,density,-0.0844833962455995,-0.31255195212966896,0.12490630024158703
qwen3_4b,steer_actions,fake,shuffled_samerows_aware,0.05,gained,7,initializing,density_nontest,-0.06051407697426679,-0.3063326223900749,0.16903543844703908
qwen3_4b,steer_actions,fake,shuffled_samerows_aware,0.05,gained,7,initializing,density_testlex,-0.023969319271332695,-0.07190795781399809,0.0
qwen3_4b,steer_actions,fake,shuffled_samerows_aware,0.05,gained,7,deduction,density,-0.20237691273206154,-0.7966766281806273,0.5139392946018853
qwen3_4b,steer_actions,fake,shuffled_samerows_aware,0.05,gained,7,deduction,density_nontest,-0.09022466430736069,-0.9486384251788392,0.8668007659886902
qwen3_4b,steer_actions,fake,shuffled_samerows_aware,0.05,gained,7,deduction,density_testlex,-0.11215224842470085,-0.45864326266030003,0.21285244027474623
qwen3_4b,steer_actions,fake,shuffled_samerows_aware,0.05,gained,7,adding-knowledge,density,-0.9875184701321145,-1.6082934114728982,-0.4132560002860704
qwen3_4b,steer_actions,fake,shuffled_samerows_aware,0.05,gained,7,adding-knowledge,density_nontest,-1.0336014194408703,-1.633053243030692,-0.47514229715632567
qwen3_4b,steer_actions,fake,shuffled_samerows_aware,0.05,gained,7,adding-knowledge,density_testlex,0.04608294930875576,0.0,0.1382488479262673
qwen3_4b,steer_actions,fake,shuffled_samerows_aware,0.05,gained,7,example-testing,density,0.10582010582010581,0.0,0.3174603174603175
qwen3_4b,steer_actions,fake,shuffled_samerows_aware,0.05,gained,7,example-testing,density_nontest,0.10582010582010581,0.0,0.3174603174603175
qwen3_4b,steer_actions,fake,shuffled_samerows_aware,0.05,gained,7,example-testing,density_testlex,0.0,0.0,0.0
qwen3_4b,steer_actions,fake,shuffled_samerows_aware,0.05,gained,7,uncertainty-estimation,density,0.5090484827154063,0.3301743820561883,0.6937032093019178
qwen3_4b,steer_actions,fake,shuffled_samerows_aware,0.05,gained,7,uncertainty-estimation,density_nontest,0.44095898342339485,0.13854040010403065,0.7011460409788014
qwen3_4b,steer_actions,fake,shuffled_samerows_aware,0.05,gained,7,uncertainty-estimation,density_testlex,0.06808949929201141,-0.15256925069538282,0.32404062605643913
qwen3_4b,steer_actions,fake,shuffled_samerows_aware,0.05,gained,7,backtracking,density,-0.19456202574726333,-0.5891759814103035,0.2206943040385823
qwen3_4b,steer_actions,fake,shuffled_samerows_aware,0.05,gained,7,backtracking,density_nontest,-0.17059270647593064,-0.5650377494273809,0.22991646651164613
qwen3_4b,steer_actions,fake,shuffled_samerows_aware,0.05,gained,7,backtracking,density_testlex,-0.023969319271332695,-0.07190795781399809,0.0
qwen3_4b,steer_actions,fake,shuffled_samerows_aware,0.05,lost,5,initializing,density,-0.15309554789757723,-0.978811976177562,0.4282210038772317
qwen3_4b,steer_actions,fake,shuffled_samerows_aware,0.05,lost,5,initializing,density_nontest,-0.15309554789757723,-0.978811976177562,0.4282210038772317
qwen3_4b,steer_actions,fake,shuffled_samerows_aware,0.05,lost,5,initializing,density_testlex,0.0,0.0,0.0
qwen3_4b,steer_actions,fake,shuffled_samerows_aware,0.05,lost,5,deduction,density,-0.6057529668285213,-2.341905140436827,1.1293466268636236
qwen3_4b,steer_actions,fake,shuffled_samerows_aware,0.05,lost,5,deduction,density_nontest,-0.6324922909847542,-2.269884047554133,1.004736034963312
qwen3_4b,steer_actions,fake,shuffled_samerows_aware,0.05,lost,5,deduction,density_testlex,0.026739324156232813,-0.10669791538176883,0.18691588785046725
qwen3_4b,steer_actions,fake,shuffled_samerows_aware,0.05,lost,5,adding-knowledge,density,0.2452009636940818,-0.815825590024118,1.2700136286091408
qwen3_4b,steer_actions,fake,shuffled_samerows_aware,0.05,lost,5,adding-knowledge,density_nontest,0.24934716513568417,-0.580194217982878,1.165200033195313
qwen3_4b,steer_actions,fake,shuffled_samerows_aware,0.05,lost,5,adding-knowledge,density_testlex,-0.004146201441602349,-0.2459016393442623,0.23346303501945526
qwen3_4b,steer_actions,fake,shuffled_samerows_aware,0.05,lost,5,example-testing,density,-0.027500211629290415,-0.36632740268821384,0.36579398091509663
qwen3_4b,steer_actions,fake,shuffled_samerows_aware,0.05,lost,5,example-testing,density_nontest,-0.17675394297257402,-0.36632740268821384,0.0
qwen3_4b,steer_actions,fake,shuffled_samerows_aware,0.05,lost,5,example-testing,density_testlex,0.1492537313432836,0.0,0.4477611940298508
qwen3_4b,steer_actions,fake,shuffled_samerows_aware,0.05,lost,5,uncertainty-estimation,density,-0.13094927812109564,-0.7339174751503859,0.48464016693687845
qwen3_4b,steer_actions,fake,shuffled_samerows_aware,0.05,lost,5,uncertainty-estimation,density_nontest,0.04204772689486695,-0.7271737849634468,0.8238904867818645
qwen3_4b,steer_actions,fake,shuffled_samerows_aware,0.05,lost,5,uncertainty-estimation,density_testlex,-0.17299700501596255,-0.386638989760153,-0.006743690186939067
qwen3_4b,steer_actions,fake,shuffled_samerows_aware,0.05,lost,5,backtracking,density,0.27125118639991264,0.10562475573101024,0.43687761706881495
qwen3_4b,steer_actions,fake,shuffled_samerows_aware,0.05,lost,5,backtracking,density_nontest,0.24534445064861726,0.058058290089287666,0.43687761706881495
qwen3_4b,steer_actions,fake,shuffled_samerows_aware,0.05,lost,5,backtracking,density_testlex,0.025906735751295335,0.0,0.077720207253886
qwen3_4b,steer_actions,fake,shuffled_samerows_aware,0.05,comply_both,119,initializing,density,0.07797164965821861,-0.03589988712508911,0.18745881102879922
qwen3_4b,steer_actions,fake,shuffled_samerows_aware,0.05,comply_both,119,initializing,density_nontest,0.07589118692207558,-0.03842857747433343,0.18443439616663543
qwen3_4b,steer_actions,fake,shuffled_samerows_aware,0.05,comply_both,119,initializing,density_testlex,0.0020804627361430492,-0.0028827997751416173,0.009124187983570765
qwen3_4b,steer_actions,fake,shuffled_samerows_aware,0.05,comply_both,119,deduction,density,0.19987858537450628,-0.06391877998468772,0.47442255563486296
qwen3_4b,steer_actions,fake,shuffled_samerows_aware,0.05,comply_both,119,deduction,density_nontest,0.19894630799490337,-0.05829077064798847,0.4753024432360962
qwen3_4b,steer_actions,fake,shuffled_samerows_aware,0.05,comply_both,119,deduction,density_testlex,0.0009322773796029989,-0.052157252182819594,0.05176952113334934
qwen3_4b,steer_actions,fake,shuffled_samerows_aware,0.05,comply_both,119,adding-knowledge,density,-0.05591642338771682,-0.25179091978131296,0.14084787598355378
qwen3_4b,steer_actions,fake,shuffled_samerows_aware,0.05,comply_both,119,adding-knowledge,density_nontest,-0.052010696645487055,-0.24734409151689352,0.14206363563319657
qwen3_4b,steer_actions,fake,shuffled_samerows_aware,0.05,comply_both,119,adding-knowledge,density_testlex,-0.0039057267422297646,-0.01637784300323,0.007379169991583378
qwen3_4b,steer_actions,fake,shuffled_samerows_aware,0.05,comply_both,119,example-testing,density,-0.04130204887643112,-0.13481297781125104,0.05289028423409158
qwen3_4b,steer_actions,fake,shuffled_samerows_aware,0.05,comply_both,119,example-testing,density_nontest,-0.03918075091904592,-0.1317484428118815,0.055360704243631265
qwen3_4b,steer_actions,fake,shuffled_samerows_aware,0.05,comply_both,119,example-testing,density_testlex,-0.002121297957385201,-0.006363893872155603,0.0
qwen3_4b,steer_actions,fake,shuffled_samerows_aware,0.05,comply_both,119,uncertainty-estimation,density,-0.03249217596308764,-0.1650638340533264,0.09090133447201254
qwen3_4b,steer_actions,fake,shuffled_samerows_aware,0.05,comply_both,119,uncertainty-estimation,density_nontest,-0.03764421065716957,-0.16524055731043105,0.07935149259217694
qwen3_4b,steer_actions,fake,shuffled_samerows_aware,0.05,comply_both,119,uncertainty-estimation,density_testlex,0.005152034694081923,-0.02517012759799996,0.037485519604477734
qwen3_4b,steer_actions,fake,shuffled_samerows_aware,0.05,comply_both,119,backtracking,density,0.007343065834439419,-0.0629104208922416,0.07621430823252547
qwen3_4b,steer_actions,fake,shuffled_samerows_aware,0.05,comply_both,119,backtracking,density_nontest,0.00866486732085201,-0.06212731064354466,0.07675431991094074
qwen3_4b,steer_actions,fake,shuffled_samerows_aware,0.05,comply_both,119,backtracking,density_testlex,-0.0013218014864125923,-0.0043241996627124265,0.0003587952034746489
qwen3_4b,steer_actions,fake,shuffled_samerows_aware,0.05,refuse_both,10,initializing,density,0.0694760721849993,-0.2272352280258009,0.36964748206623405
qwen3_4b,steer_actions,fake,shuffled_samerows_aware,0.05,refuse_both,10,initializing,density_nontest,0.0694760721849993,-0.2272352280258009,0.36964748206623405
qwen3_4b,steer_actions,fake,shuffled_samerows_aware,0.05,refuse_both,10,initializing,density_testlex,0.0,0.0,0.0
qwen3_4b,steer_actions,fake,shuffled_samerows_aware,0.05,refuse_both,10,deduction,density,0.6841678836080181,-0.12228063008824451,1.6626480952275036
qwen3_4b,steer_actions,fake,shuffled_samerows_aware,0.05,refuse_both,10,deduction,density_nontest,0.5529689710365793,-0.18173448754459023,1.6138140531131369
qwen3_4b,steer_actions,fake,shuffled_samerows_aware,0.05,refuse_both,10,deduction,density_testlex,0.1311989125714389,-0.14626604851426206,0.409343401450488
qwen3_4b,steer_actions,fake,shuffled_samerows_aware,0.05,refuse_both,10,adding-knowledge,density,0.007181092041838477,-0.4800431343648241,0.5314489284360413
qwen3_4b,steer_actions,fake,shuffled_samerows_aware,0.05,refuse_both,10,adding-knowledge,density_nontest,0.055189517479085536,-0.46784187844172104,0.5649282588276643
qwen3_4b,steer_actions,fake,shuffled_samerows_aware,0.05,refuse_both,10,adding-knowledge,density_testlex,-0.04800842543724706,-0.20881949210706932,0.10271460014673513
qwen3_4b,steer_actions,fake,shuffled_samerows_aware,0.05,refuse_both,10,example-testing,density,0.0,0.0,0.0
qwen3_4b,steer_actions,fake,shuffled_samerows_aware,0.05,refuse_both,10,example-testing,density_nontest,0.0,0.0,0.0
qwen3_4b,steer_actions,fake,shuffled_samerows_aware,0.05,refuse_both,10,example-testing,density_testlex,0.0,0.0,0.0
qwen3_4b,steer_actions,fake,shuffled_samerows_aware,0.05,refuse_both,10,uncertainty-estimation,density,0.0050146090381557925,-0.38566695715707894,0.3797289519177321
qwen3_4b,steer_actions,fake,shuffled_samerows_aware,0.05,refuse_both,10,uncertainty-estimation,density_nontest,-0.06140883356813891,-0.42281205491113594,0.2591478212458744
qwen3_4b,steer_actions,fake,shuffled_samerows_aware,0.05,refuse_both,10,uncertainty-estimation,density_testlex,0.06642344260629465,-0.1087419498035915,0.22531234286156346
qwen3_4b,steer_actions,fake,shuffled_samerows_aware,0.05,refuse_both,10,backtracking,density,-0.11631962988347197,-0.3043098740217758,0.11197969104044347
qwen3_4b,steer_actions,fake,shuffled_samerows_aware,0.05,refuse_both,10,backtracking,density_nontest,-0.11631962988347197,-0.3043098740217758,0.11197969104044347
qwen3_4b,steer_actions,fake,shuffled_samerows_aware,0.05,refuse_both,10,backtracking,density_testlex,0.0,0.0,0.0
qwen3_4b,steer_actions,fake,shuffled_samerows_aware,0.05,same,129,initializing,density,0.0773130777610698,-0.03065722186156667,0.18251179895566377
qwen3_4b,steer_actions,fake,shuffled_samerows_aware,0.05,same,129,initializing,density_nontest,0.07539389120602312,-0.032225938176809264,0.18092979864435818
qwen3_4b,steer_actions,fake,shuffled_samerows_aware,0.05,same,129,initializing,density_testlex,0.001919186555046689,-0.002917651039111039,0.007603871356828976
qwen3_4b,steer_actions,fake,shuffled_samerows_aware,0.05,same,129,deduction,density,0.23742039143911967,-0.01600678572229153,0.49746682944410553
qwen3_4b,steer_actions,fake,shuffled_samerows_aware,0.05,same,129,deduction,density_nontest,0.22638992528495572,-0.025393010947410682,0.490484881041062
qwen3_4b,steer_actions,fake,shuffled_samerows_aware,0.05,same,129,deduction,density_testlex,0.011030466154163926,-0.04089701066129349,0.06704593284157562
qwen3_4b,steer_actions,fake,shuffled_samerows_aware,0.05,same,129,adding-knowledge,density,-0.05102514312185983,-0.24617286694228308,0.13597696366653586
qwen3_4b,steer_actions,fake,shuffled_samerows_aware,0.05,same,129,adding-knowledge,density_nontest,-0.043700602527303144,-0.23797844682476993,0.14193665484333087
qwen3_4b,steer_actions,fake,shuffled_samerows_aware,0.05,same,129,adding-knowledge,density_testlex,-0.007324540594556687,-0.024792621284410572,0.009139164026982878
qwen3_4b,steer_actions,fake,shuffled_samerows_aware,0.05,same,129,example-testing,density,-0.038100339661203894,-0.12611969479014518,0.05045193903589026
qwen3_4b,steer_actions,fake,shuffled_samerows_aware,0.05,same,129,example-testing,density_nontest,-0.036143483405941576,-0.123652242537337,0.0525923795690344
qwen3_4b,steer_actions,fake,shuffled_samerows_aware,0.05,same,129,example-testing,density_testlex,-0.0019568562552623172,-0.005870568765786952,0.0
qwen3_4b,steer_actions,fake,shuffled_samerows_aware,0.05,same,129,uncertainty-estimation,density,-0.02958467324981296,-0.15767458713538637,0.09147041533448975
qwen3_4b,steer_actions,fake,shuffled_samerows_aware,0.05,same,129,uncertainty-estimation,density_nontest,-0.039486429487477284,-0.16301578621908555,0.0780619261601832
qwen3_4b,steer_actions,fake,shuffled_samerows_aware,0.05,same,129,uncertainty-estimation,density_testlex,0.009901756237664304,-0.022272219052860007,0.04251945395507943
qwen3_4b,steer_actions,fake,shuffled_samerows_aware,0.05,same,129,backtracking,density,-0.00224318964756923,-0.06816195459895419,0.05959666803017369
qwen3_4b,steer_actions,fake,shuffled_samerows_aware,0.05,same,129,backtracking,density_nontest,-0.0010238533926614844,-0.06792462578748092,0.06118579630481302
qwen3_4b,steer_actions,fake,shuffled_samerows_aware,0.05,same,129,backtracking,density_testlex,-0.0012193362549077402,-0.003988990386533168,0.00033098162180994744
qwen3_4b,steer_actions,fake,unaware,-0.1,gained,5,initializing,density,-0.004323283255557242,-0.41575400849318367,0.5536733660441803
qwen3_4b,steer_actions,fake,unaware,-0.1,gained,5,initializing,density_nontest,-0.004323283255557242,-0.41575400849318367,0.5536733660441803
qwen3_4b,steer_actions,fake,unaware,-0.1,gained,5,initializing,density_testlex,0.0,0.0,0.0
qwen3_4b,steer_actions,fake,unaware,-0.1,gained,5,deduction,density,0.8706414670764453,-0.759864833233149,2.5011477673860396
qwen3_4b,steer_actions,fake,unaware,-0.1,gained,5,deduction,density_nontest,1.1520571795116705,-0.6462284695967854,2.950342828620126
qwen3_4b,steer_actions,fake,unaware,-0.1,gained,5,deduction,density_testlex,-0.281415712435225,-0.4859915980306232,-0.07254125356076613
qwen3_4b,steer_actions,fake,unaware,-0.1,gained,5,adding-knowledge,density,-1.8961154343769882,-2.374492929243782,-1.2337219681563554
qwen3_4b,steer_actions,fake,unaware,-0.1,gained,5,adding-knowledge,density_nontest,-1.8961154343769882,-2.374492929243782,-1.2337219681563554
qwen3_4b,steer_actions,fake,unaware,-0.1,gained,5,adding-knowledge,density_testlex,0.0,0.0,0.0
qwen3_4b,steer_actions,fake,unaware,-0.1,gained,5,example-testing,density,0.2598603801008611,0.0,0.6994208196613007
qwen3_4b,steer_actions,fake,unaware,-0.1,gained,5,example-testing,density_nontest,0.2598603801008611,0.0,0.6994208196613007
qwen3_4b,steer_actions,fake,unaware,-0.1,gained,5,example-testing,density_testlex,0.0,0.0,0.0
qwen3_4b,steer_actions,fake,unaware,-0.1,gained,5,uncertainty-estimation,density,0.6566696611802917,-0.1217474146587703,1.4350867370193536
qwen3_4b,steer_actions,fake,unaware,-0.1,gained,5,uncertainty-estimation,density_nontest,0.9255545532666225,0.28275453024905417,1.5758153930952608
qwen3_4b,steer_actions,fake,unaware,-0.1,gained,5,uncertainty-estimation,density_testlex,-0.26888489208633093,-0.5566546762589928,0.0
qwen3_4b,steer_actions,fake,unaware,-0.1,gained,5,backtracking,density,-0.11465240010093258,-0.6636046879949319,0.364613476643241
qwen3_4b,steer_actions,fake,unaware,-0.1,gained,5,backtracking,density_nontest,-0.11465240010093258,-0.6636046879949319,0.364613476643241
qwen3_4b,steer_actions,fake,unaware,-0.1,gained,5,backtracking,density_testlex,0.0,0.0,0.0
qwen3_4b,steer_actions,fake,unaware,-0.1,lost,7,initializing,density,-0.4212777387754595,-0.9712292109280392,0.08221461624993352
qwen3_4b,steer_actions,fake,unaware,-0.1,lost,7,initializing,density_nontest,-0.4212777387754595,-0.9712292109280392,0.08221461624993352
qwen3_4b,steer_actions,fake,unaware,-0.1,lost,7,initializing,density_testlex,0.0,0.0,0.0
qwen3_4b,steer_actions,fake,unaware,-0.1,lost,7,deduction,density,-0.236422624508474,-1.406580497188119,0.9135076479063046
qwen3_4b,steer_actions,fake,unaware,-0.1,lost,7,deduction,density_nontest,-0.3603532806052207,-1.5656306691398716,0.7896669811026467
qwen3_4b,steer_actions,fake,unaware,-0.1,lost,7,deduction,density_testlex,0.12393065609674674,-0.03491868103482878,0.27347360290895206
qwen3_4b,steer_actions,fake,unaware,-0.1,lost,7,adding-knowledge,density,-0.3575092538428401,-0.8330774471733734,0.1292715633560085
qwen3_4b,steer_actions,fake,unaware,-0.1,lost,7,adding-knowledge,density_nontest,-0.3575092538428401,-0.8330774471733734,0.1292715633560085
qwen3_4b,steer_actions,fake,unaware,-0.1,lost,7,adding-knowledge,density_testlex,0.0,0.0,0.0
qwen3_4b,steer_actions,fake,unaware,-0.1,lost,7,example-testing,density,-0.19113888709919896,-0.4583728343473205,0.0
qwen3_4b,steer_actions,fake,unaware,-0.1,lost,7,example-testing,density_nontest,-0.19113888709919896,-0.4583728343473205,0.0
qwen3_4b,steer_actions,fake,unaware,-0.1,lost,7,example-testing,density_testlex,0.0,0.0,0.0
qwen3_4b,steer_actions,fake,unaware,-0.1,lost,7,uncertainty-estimation,density,-0.31117678564558215,-0.7440391955405157,0.07053478956024964
qwen3_4b,steer_actions,fake,unaware,-0.1,lost,7,uncertainty-estimation,density_nontest,-0.37255697440508734,-0.7809492036993901,0.0060905907252840384
qwen3_4b,steer_actions,fake,unaware,-0.1,lost,7,uncertainty-estimation,density_testlex,0.06138018875950519,0.0019311978576578373,0.1679899968618506
qwen3_4b,steer_actions,fake,unaware,-0.1,lost,7,backtracking,density,0.546385889116357,0.31030183077801937,0.7937196689444366
qwen3_4b,steer_actions,fake,unaware,-0.1,lost,7,backtracking,density_nontest,0.546385889116357,0.31030183077801937,0.7937196689444366
qwen3_4b,steer_actions,fake,unaware,-0.1,lost,7,backtracking,density_testlex,0.0,0.0,0.0
qwen3_4b,steer_actions,fake,unaware,-0.1,comply_both,113,initializing,density,-0.012759800878267186,-0.13171195535501914,0.10969668729089484
qwen3_4b,steer_actions,fake,unaware,-0.1,comply_both,113,initializing,density_nontest,-0.013545551934441553,-0.1338986326494246,0.10915742131995786
qwen3_4b,steer_actions,fake,unaware,-0.1,comply_both,113,initializing,density_testlex,0.0007857510561743682,-0.00026426055668071964,0.0026215137252038243
qwen3_4b,steer_actions,fake,unaware,-0.1,comply_both,113,deduction,density,0.08845067461587681,-0.19879565195500584,0.3624621862056041
qwen3_4b,steer_actions,fake,unaware,-0.1,comply_both,113,deduction,density_nontest,0.08400932120466792,-0.19050488389139125,0.3468915719942743
qwen3_4b,steer_actions,fake,unaware,-0.1,comply_both,113,deduction,density_testlex,0.004441353411208875,-0.052698495927229826,0.06077137237832716
qwen3_4b,steer_actions,fake,unaware,-0.1,comply_both,113,adding-knowledge,density,-0.138338697987637,-0.3277540823975358,0.0539854033076329
qwen3_4b,steer_actions,fake,unaware,-0.1,comply_both,113,adding-knowledge,density_nontest,-0.13546839601816738,-0.32349900955555727,0.054255297297970136
qwen3_4b,steer_actions,fake,unaware,-0.1,comply_both,113,adding-knowledge,density_testlex,-0.0028703019694696196,-0.01837597469155945,0.013919815235946983
qwen3_4b,steer_actions,fake,unaware,-0.1,comply_both,113,example-testing,density,0.008993694072020783,-0.10624919815570781,0.13319479119756383
qwen3_4b,steer_actions,fake,unaware,-0.1,comply_both,113,example-testing,density_nontest,0.005779098424517862,-0.10762666033628346,0.12767151396699375
qwen3_4b,steer_actions,fake,unaware,-0.1,comply_both,113,example-testing,density_testlex,0.0032145956475029317,-0.002388087766926395,0.010477608803418918
qwen3_4b,steer_actions,fake,unaware,-0.1,comply_both,113,uncertainty-estimation,density,0.09008684284794284,-0.03972221612064128,0.22623291546901356
qwen3_4b,steer_actions,fake,unaware,-0.1,comply_both,113,uncertainty-estimation,density_nontest,0.07727318526641817,-0.047142585693693444,0.20664708148284433
qwen3_4b,steer_actions,fake,unaware,-0.1,comply_both,113,uncertainty-estimation,density_testlex,0.012813657581524687,-0.025483645921797724,0.05069945472068925
qwen3_4b,steer_actions,fake,unaware,-0.1,comply_both,113,backtracking,density,0.02498923893509144,-0.03524622563777042,0.08822917044728935
qwen3_4b,steer_actions,fake,unaware,-0.1,comply_both,113,backtracking,density_nontest,0.026724305330509724,-0.03250917001845442,0.09080935070491804
qwen3_4b,steer_actions,fake,unaware,-0.1,comply_both,113,backtracking,density_testlex,-0.0017350663954182834,-0.008597580412574567,0.004910315621195172
qwen3_4b,steer_actions,fake,unaware,-0.1,refuse_both,12,initializing,density,-0.08242931194936766,-0.189389238741053,0.019322019467716136
qwen3_4b,steer_actions,fake,unaware,-0.1,refuse_both,12,initializing,density_nontest,-0.06844720904109025,-0.18622370124466905,0.0462553870550927
qwen3_4b,steer_actions,fake,unaware,-0.1,refuse_both,12,initializing,density_testlex,-0.013982102908277406,-0.04194630872483222,0.0
qwen3_4b,steer_actions,fake,unaware,-0.1,refuse_both,12,deduction,density,-0.12607553727382628,-0.622231695544711,0.317129614297358
qwen3_4b,steer_actions,fake,unaware,-0.1,refuse_both,12,deduction,density_nontest,-0.09168244305903998,-0.5669738000324966,0.38107892610494043
qwen3_4b,steer_actions,fake,unaware,-0.1,refuse_both,12,deduction,density_testlex,-0.034393094214786306,-0.1988470534297312,0.12207316286275094
qwen3_4b,steer_actions,fake,unaware,-0.1,refuse_both,12,adding-knowledge,density,-0.18203938710467304,-0.7098004948446548,0.3182200443026064
qwen3_4b,steer_actions,fake,unaware,-0.1,refuse_both,12,adding-knowledge,density_nontest,-0.13892122462721332,-0.7114321413579017,0.4243402441270066
qwen3_4b,steer_actions,fake,unaware,-0.1,refuse_both,12,adding-knowledge,density_testlex,-0.0431181624774597,-0.16129032258064516,0.03193583514826605
qwen3_4b,steer_actions,fake,unaware,-0.1,refuse_both,12,example-testing,density,0.0,0.0,0.0
qwen3_4b,steer_actions,fake,unaware,-0.1,refuse_both,12,example-testing,density_nontest,0.0,0.0,0.0
qwen3_4b,steer_actions,fake,unaware,-0.1,refuse_both,12,example-testing,density_testlex,0.0,0.0,0.0
qwen3_4b,steer_actions,fake,unaware,-0.1,refuse_both,12,uncertainty-estimation,density,0.4608605063560403,-0.011901701020153293,0.9864024274690817
qwen3_4b,steer_actions,fake,unaware,-0.1,refuse_both,12,uncertainty-estimation,density_nontest,0.25121685935952354,-0.19697324463226526,0.7831710276840669
qwen3_4b,steer_actions,fake,unaware,-0.1,refuse_both,12,uncertainty-estimation,density_testlex,0.20964364699651675,0.06522334484424558,0.35733775601568174
qwen3_4b,steer_actions,fake,unaware,-0.1,refuse_both,12,backtracking,density,-0.13785822530193703,-0.347171942940375,0.059542306881850485
qwen3_4b,steer_actions,fake,unaware,-0.1,refuse_both,12,backtracking,density_nontest,-0.12387612239365964,-0.31085252748905035,0.06481894366191497
qwen3_4b,steer_actions,fake,unaware,-0.1,refuse_both,12,backtracking,density_testlex,-0.013982102908277406,-0.04194630872483222,0.0
qwen3_4b,steer_actions,fake,unaware,-0.1,same,125,initializing,density,-0.01944807394109282,-0.11816490355678061,0.08827684176120353
qwen3_4b,steer_actions,fake,unaware,-0.1,same,125,initializing,density_nontest,-0.018816111016679828,-0.11735451742638277,0.08815299894015942
qwen3_4b,steer_actions,fake,unaware,-0.1,same,125,initializing,density_testlex,-0.0006319629244130021,-0.004106476151997017,0.00221058737875801
qwen3_4b,steer_actions,fake,unaware,-0.1,same,125,deduction,density,0.06785615827446534,-0.17487734141493028,0.34258724116878564
qwen3_4b,steer_actions,fake,unaware,-0.1,same,125,deduction,density_nontest,0.067142911835352,-0.1700296363790203,0.3290794787303178
qwen3_4b,steer_actions,fake,unaware,-0.1,same,125,deduction,density_testlex,0.0007132464391133317,-0.053183539126687725,0.053519275719722634
qwen3_4b,steer_actions,fake,unaware,-0.1,same,125,adding-knowledge,density,-0.14253396414287242,-0.33507397548196594,0.02988987178059485
qwen3_4b,steer_actions,fake,unaware,-0.1,same,125,adding-knowledge,density_nontest,-0.13579986756463575,-0.3269432793674797,0.03973921887448015
qwen3_4b,steer_actions,fake,unaware,-0.1,same,125,adding-knowledge,density_testlex,-0.006734096578236669,-0.02424883865067356,0.011182812170129893
qwen3_4b,steer_actions,fake,unaware,-0.1,same,125,example-testing,density,0.008130299441106777,-0.10409321476909637,0.11477064873553909
qwen3_4b,steer_actions,fake,unaware,-0.1,same,125,example-testing,density_nontest,0.0052243049757641265,-0.10636531657091394,0.11120283122478355
qwen3_4b,steer_actions,fake,unaware,-0.1,same,125,example-testing,density_testlex,0.0029059944653426505,-0.002158831341301461,0.009937888198757763
qwen3_4b,steer_actions,fake,unaware,-0.1,same,125,uncertainty-estimation,density,0.1256811145447202,-0.005747614065208571,0.25540016092363776
qwen3_4b,steer_actions,fake,unaware,-0.1,same,125,uncertainty-estimation,density_nontest,0.09397177797935627,-0.02737354386202458,0.21782233480681007
qwen3_4b,steer_actions,fake,unaware,-0.1,same,125,uncertainty-estimation,density_testlex,0.03170933656536392,-0.005641328668160631,0.0689690655155717
qwen3_4b,steer_actions,fake,unaware,-0.1,same,125,backtracking,density,0.009355882368336706,-0.04849190477399119,0.07048417595435714
qwen3_4b,steer_actions,fake,unaware,-0.1,same,125,backtracking,density_nontest,0.012266664268989468,-0.04517260779381987,0.07226023405708909
qwen3_4b,steer_actions,fake,unaware,-0.1,same,125,backtracking,density_testlex,-0.0029107819006527597,-0.00986235239787917,0.0036778046811945116
qwen3_4b,steer_actions,fake,unaware_strong,-0.2,gained,11,initializing,density,-0.09225541544795167,-0.2859799575131879,0.14664690438834077
qwen3_4b,steer_actions,fake,unaware_strong,-0.2,gained,11,initializing,density_nontest,-0.07700221227528538,-0.27617110379929904,0.16662243367385096
qwen3_4b,steer_actions,fake,unaware_strong,-0.2,gained,11,initializing,density_testlex,-0.015253203172666261,-0.04575960951799878,0.0
qwen3_4b,steer_actions,fake,unaware_strong,-0.2,gained,11,deduction,density,-0.2557028427942896,-0.7202283939121493,0.20493691655778365
qwen3_4b,steer_actions,fake,unaware_strong,-0.2,gained,11,deduction,density_nontest,-0.031778709426053216,-0.5742869993032129,0.5131741415596939
qwen3_4b,steer_actions,fake,unaware_strong,-0.2,gained,11,deduction,density_testlex,-0.22392413336823644,-0.46467396746778405,-0.005791242363572748
qwen3_4b,steer_actions,fake,unaware_strong,-0.2,gained,11,adding-knowledge,density,-0.9646187064080229,-1.3986543515573828,-0.5624790298721121
qwen3_4b,steer_actions,fake,unaware_strong,-0.2,gained,11,adding-knowledge,density_nontest,-0.9339397079870891,-1.398669189585932,-0.4701223942475916
qwen3_4b,steer_actions,fake,unaware_strong,-0.2,gained,11,adding-knowledge,density_testlex,-0.0306789984209339,-0.17595307917888564,0.08391608391608392
qwen3_4b,steer_actions,fake,unaware_strong,-0.2,gained,11,example-testing,density,0.2252271923003332,0.09495405048764732,0.3724343955134836
qwen3_4b,steer_actions,fake,unaware_strong,-0.2,gained,11,example-testing,density_nontest,0.2252271923003332,0.09495405048764732,0.3724343955134836
qwen3_4b,steer_actions,fake,unaware_strong,-0.2,gained,11,example-testing,density_testlex,0.0,0.0,0.0
qwen3_4b,steer_actions,fake,unaware_strong,-0.2,gained,11,uncertainty-estimation,density,0.4758729134725039,0.03709448235100772,1.001666268128555
qwen3_4b,steer_actions,fake,unaware_strong,-0.2,gained,11,uncertainty-estimation,density_nontest,0.5914909899768684,0.22834240870431224,1.0404864408560626
qwen3_4b,steer_actions,fake,unaware_strong,-0.2,gained,11,uncertainty-estimation,density_testlex,-0.11561807650436462,-0.3222320905643848,0.07519226744723385
qwen3_4b,steer_actions,fake,unaware_strong,-0.2,gained,11,backtracking,density,-0.09747329145916,-0.2699367456538017,0.10086882814155543
qwen3_4b,steer_actions,fake,unaware_strong,-0.2,gained,11,backtracking,density_nontest,-0.11019211625852172,-0.2558362946925996,0.02530268887110295
qwen3_4b,steer_actions,fake,unaware_strong,-0.2,gained,11,backtracking,density_testlex,0.012718824799361712,-0.04575960951799878,0.08391608391608392
qwen3_4b,steer_actions,fake,unaware_strong,-0.2,comply_both,119,initializing,density,0.010927242590782902,-0.10727876959551924,0.12820837662687856
qwen3_4b,steer_actions,fake,unaware_strong,-0.2,comply_both,119,initializing,density_nontest,0.009203415952432603,-0.10830697913800648,0.1274249575212354
qwen3_4b,steer_actions,fake,unaware_strong,-0.2,comply_both,119,initializing,density_testlex,0.001723826638350301,0.0,0.004687017662829051
qwen3_4b,steer_actions,fake,unaware_strong,-0.2,comply_both,119,deduction,density,0.1226970573050841,-0.14441716747431563,0.4118988281754308
qwen3_4b,steer_actions,fake,unaware_strong,-0.2,comply_both,119,deduction,density_nontest,0.10941457784821369,-0.14903383560597755,0.39185072813156147
qwen3_4b,steer_actions,fake,unaware_strong,-0.2,comply_both,119,deduction,density_testlex,0.013282479456870475,-0.037145027344058,0.06217183005660789
qwen3_4b,steer_actions,fake,unaware_strong,-0.2,comply_both,119,adding-knowledge,density,-0.07235016165459696,-0.25717597097881195,0.11369356667548085
qwen3_4b,steer_actions,fake,unaware_strong,-0.2,comply_both,119,adding-knowledge,density_nontest,-0.06386524803131981,-0.24822581014912834,0.11966043547863836
qwen3_4b,steer_actions,fake,unaware_strong,-0.2,comply_both,119,adding-knowledge,density_testlex,-0.008484913623277145,-0.020821384664379612,0.0007489626866789495
qwen3_4b,steer_actions,fake,unaware_strong,-0.2,comply_both,119,example-testing,density,-0.018500545844356394,-0.12113309006151632,0.08821211133514253
qwen3_4b,steer_actions,fake,unaware_strong,-0.2,comply_both,119,example-testing,density_nontest,-0.014018753127269561,-0.11773303230374785,0.0939443678849015
qwen3_4b,steer_actions,fake,unaware_strong,-0.2,comply_both,119,example-testing,density_testlex,-0.004481792717086834,-0.013445378151260505,0.0
qwen3_4b,steer_actions,fake,unaware_strong,-0.2,comply_both,119,uncertainty-estimation,density,0.03481570540021892,-0.09381322310185476,0.15525779276517376
qwen3_4b,steer_actions,fake,unaware_strong,-0.2,comply_both,119,uncertainty-estimation,density_nontest,0.03222793522106029,-0.09446987912018952,0.14991514742454454
qwen3_4b,steer_actions,fake,unaware_strong,-0.2,comply_both,119,uncertainty-estimation,density_testlex,0.002587770179158635,-0.028627100308918196,0.034148071505137316
qwen3_4b,steer_actions,fake,unaware_strong,-0.2,comply_both,119,backtracking,density,0.004475953623859786,-0.06645838153671473,0.07310209292951257
qwen3_4b,steer_actions,fake,unaware_strong,-0.2,comply_both,119,backtracking,density_nontest,0.00815824986997401,-0.062779165979612,0.077208208946566
qwen3_4b,steer_actions,fake,unaware_strong,-0.2,comply_both,119,backtracking,density_testlex,-0.003682296246114226,-0.00960548885077187,0.0
qwen3_4b,steer_actions,fake,unaware_strong,-0.2,refuse_both,6,initializing,density,-0.053131373529021274,-0.2791691241251987,0.15599456851271057
qwen3_4b,steer_actions,fake,unaware_strong,-0.2,refuse_both,6,initializing,density_nontest,-0.053131373529021274,-0.2791691241251987,0.15599456851271057
qwen3_4b,steer_actions,fake,unaware_strong,-0.2,refuse_both,6,initializing,density_testlex,0.0,0.0,0.0
qwen3_4b,steer_actions,fake,unaware_strong,-0.2,refuse_both,6,deduction,density,1.1160686215429274,0.18017175667544505,2.198797012510129
qwen3_4b,steer_actions,fake,unaware_strong,-0.2,refuse_both,6,deduction,density_nontest,1.1767317423854757,0.2683968104418581,2.3651255074610447
qwen3_4b,steer_actions,fake,unaware_strong,-0.2,refuse_both,6,deduction,density_testlex,-0.06066312084254821,-0.3507427320148229,0.33539855803026636
qwen3_4b,steer_actions,fake,unaware_strong,-0.2,refuse_both,6,adding-knowledge,density,-0.7165226744761101,-1.4656298697126424,0.004451831800321456
qwen3_4b,steer_actions,fake,unaware_strong,-0.2,refuse_both,6,adding-knowledge,density_nontest,-0.6721964333413584,-1.4443790181541019,0.048778072935073226
qwen3_4b,steer_actions,fake,unaware_strong,-0.2,refuse_both,6,adding-knowledge,density_testlex,-0.044326241134751775,-0.13297872340425532,0.0
qwen3_4b,steer_actions,fake,unaware_strong,-0.2,refuse_both,6,example-testing,density,0.0,0.0,0.0
qwen3_4b,steer_actions,fake,unaware_strong,-0.2,refuse_both,6,example-testing,density_nontest,0.0,0.0,0.0
qwen3_4b,steer_actions,fake,unaware_strong,-0.2,refuse_both,6,example-testing,density_testlex,0.0,0.0,0.0
qwen3_4b,steer_actions,fake,unaware_strong,-0.2,refuse_both,6,uncertainty-estimation,density,-0.12231783261046932,-0.6396818614424207,0.44129057684566003
qwen3_4b,steer_actions,fake,unaware_strong,-0.2,refuse_both,6,uncertainty-estimation,density_nontest,-0.1617189358413598,-0.6790829646733111,0.39918404442323907
qwen3_4b,steer_actions,fake,unaware_strong,-0.2,refuse_both,6,uncertainty-estimation,density_testlex,0.039401103230890466,0.0,0.1182033096926714
qwen3_4b,steer_actions,fake,unaware_strong,-0.2,refuse_both,6,backtracking,density,-0.39394107413054263,-0.7761179590758079,0.006574447934826699
qwen3_4b,steer_actions,fake,unaware_strong,-0.2,refuse_both,6,backtracking,density_nontest,-0.39394107413054263,-0.7761179590758079,0.006574447934826699
qwen3_4b,steer_actions,fake,unaware_strong,-0.2,refuse_both,6,backtracking,density_testlex,0.0,0.0,0.0
qwen3_4b,steer_actions,fake,unaware_strong,-0.2,same,125,initializing,density,0.007852429017032302,-0.11148457062645914,0.12071575276375916
qwen3_4b,steer_actions,fake,unaware_strong,-0.2,same,125,initializing,density_nontest,0.006211346057322808,-0.11396130193922525,0.1187540990888206
qwen3_4b,steer_actions,fake,unaware_strong,-0.2,same,125,initializing,density_testlex,0.0016410829597094864,0.0,0.004696860771627126
qwen3_4b,steer_actions,fake,unaware_strong,-0.2,same,125,deduction,density,0.17037889238850057,-0.0864004225411049,0.43912019558728516
qwen3_4b,steer_actions,fake,unaware_strong,-0.2,same,125,deduction,density_nontest,0.16064580174600226,-0.0904641405037346,0.42377055919042295
qwen3_4b,steer_actions,fake,unaware_strong,-0.2,same,125,deduction,density_testlex,0.009733090642498379,-0.041814095843311624,0.06240043435398506
qwen3_4b,steer_actions,fake,unaware_strong,-0.2,same,125,adding-knowledge,density,-0.10327044227002963,-0.27243168900703074,0.07914852451894616
qwen3_4b,steer_actions,fake,unaware_strong,-0.2,same,125,adding-knowledge,density_nontest,-0.09306514492620167,-0.26082342866816544,0.09060653349216914
qwen3_4b,steer_actions,fake,unaware_strong,-0.2,same,125,adding-knowledge,density_testlex,-0.010205297343827928,-0.022370198246670997,-0.00025818557087906946
qwen3_4b,steer_actions,fake,unaware_strong,-0.2,same,125,example-testing,density,-0.017612519643827297,-0.12334876060284923,0.08454122247659798
qwen3_4b,steer_actions,fake,unaware_strong,-0.2,same,125,example-testing,density_nontest,-0.013345852977160632,-0.11823694448990167,0.08818839221578474
qwen3_4b,steer_actions,fake,unaware_strong,-0.2,same,125,example-testing,density_testlex,-0.004266666666666667,-0.0128,0.0
qwen3_4b,steer_actions,fake,unaware_strong,-0.2,same,125,uncertainty-estimation,density,0.02727329557570589,-0.10120141317335386,0.14924447912250297
qwen3_4b,steer_actions,fake,unaware_strong,-0.2,same,125,uncertainty-estimation,density_nontest,0.022918485410064113,-0.10168214639710736,0.1436011356010132
qwen3_4b,steer_actions,fake,unaware_strong,-0.2,same,125,uncertainty-estimation,density_testlex,0.004354810165641766,-0.02664424291983865,0.03419370270457842
qwen3_4b,steer_actions,fake,unaware_strong,-0.2,same,125,backtracking,density,-0.01464806370835153,-0.08367865156070009,0.055987879633275624
qwen3_4b,steer_actions,fake,unaware_strong,-0.2,same,125,backtracking,density_nontest,-0.011142517682050787,-0.08031321094985225,0.060805897679912894
qwen3_4b,steer_actions,fake,unaware_strong,-0.2,same,125,backtracking,density_testlex,-0.0035055460263007433,-0.009755517438536305,0.0
qwen3_4b,steer_actions,real,aware,0.05,gained,11,initializing,density,0.3028241285882547,-0.018211180390822753,0.6575185492605781
qwen3_4b,steer_actions,real,aware,0.05,gained,11,initializing,density_nontest,0.3028241285882547,-0.018211180390822753,0.6575185492605781
qwen3_4b,steer_actions,real,aware,0.05,gained,11,initializing,density_testlex,0.0,0.0,0.0
qwen3_4b,steer_actions,real,aware,0.05,gained,11,deduction,density,0.3742150856487946,-0.13170892164365816,0.820797233632614
qwen3_4b,steer_actions,real,aware,0.05,gained,11,deduction,density_nontest,0.5133125695656364,-0.009122430190386235,1.032180729442778
qwen3_4b,steer_actions,real,aware,0.05,gained,11,deduction,density_testlex,-0.13909748391684176,-0.318481265066377,0.05655190857548307
qwen3_4b,steer_actions,real,aware,0.05,gained,11,adding-knowledge,density,0.004183654592266429,-0.6369007244803085,0.6222425387537307
qwen3_4b,steer_actions,real,aware,0.05,gained,11,adding-knowledge,density_nontest,0.004183654592266429,-0.6369007244803085,0.6222425387537307
qwen3_4b,steer_actions,real,aware,0.05,gained,11,adding-knowledge,density_testlex,0.0,0.0,0.0
qwen3_4b,steer_actions,real,aware,0.05,gained,11,example-testing,density,0.10795985060690944,0.0,0.29231389525507173
qwen3_4b,steer_actions,real,aware,0.05,gained,11,example-testing,density_nontest,0.10795985060690944,0.0,0.29231389525507173
qwen3_4b,steer_actions,real,aware,0.05,gained,11,example-testing,density_testlex,0.0,0.0,0.0
qwen3_4b,steer_actions,real,aware,0.05,gained,11,uncertainty-estimation,density,0.262777747264285,-0.3558348645397393,0.8817071560490158
qwen3_4b,steer_actions,real,aware,0.05,gained,11,uncertainty-estimation,density_nontest,0.38024699440669524,-0.2829224703970717,1.0220613678639785
qwen3_4b,steer_actions,real,aware,0.05,gained,11,uncertainty-estimation,density_testlex,-0.11746924714241026,-0.30614621283923227,0.10125308311058359
qwen3_4b,steer_actions,real,aware,0.05,gained,11,backtracking,density,-0.27703777549542585,-0.5423987079850571,-0.041148900337246344
qwen3_4b,steer_actions,real,aware,0.05,gained,11,backtracking,density_nontest,-0.27703777549542585,-0.5423987079850571,-0.041148900337246344
qwen3_4b,steer_actions,real,aware,0.05,gained,11,backtracking,density_testlex,0.0,0.0,0.0
qwen3_4b,steer_actions,real,aware,0.05,lost,5,initializing,density,-0.33554844957491714,-0.8310969810464002,0.1600000818965661
qwen3_4b,steer_actions,real,aware,0.05,lost,5,initializing,density_nontest,-0.33554844957491714,-0.8310969810464002,0.1600000818965661
qwen3_4b,steer_actions,real,aware,0.05,lost,5,initializing,density_testlex,0.0,0.0,0.0
qwen3_4b,steer_actions,real,aware,0.05,lost,5,deduction,density,0.05494801427829783,-1.0461527121546603,0.8926537980610558
qwen3_4b,steer_actions,real,aware,0.05,lost,5,deduction,density_nontest,0.04261626604159927,-0.9225845446268439,0.880209288345889
qwen3_4b,steer_actions,real,aware,0.05,lost,5,deduction,density_testlex,0.012331748236698515,-0.27721152302555785,0.4377749352634699
qwen3_4b,steer_actions,real,aware,0.05,lost,5,adding-knowledge,density,-0.2547795744808634,-0.7869882526554319,0.2846392135697015
qwen3_4b,steer_actions,real,aware,0.05,lost,5,adding-knowledge,density_nontest,-0.2547795744808634,-0.7869882526554319,0.2846392135697015
qwen3_4b,steer_actions,real,aware,0.05,lost,5,adding-knowledge,density_testlex,0.0,0.0,0.0
qwen3_4b,steer_actions,real,aware,0.05,lost,5,example-testing,density,-0.037212891922807044,-0.36931969102944145,0.30763408223241157
qwen3_4b,steer_actions,real,aware,0.05,lost,5,example-testing,density_nontest,-0.037212891922807044,-0.36931969102944145,0.30763408223241157
qwen3_4b,steer_actions,real,aware,0.05,lost,5,example-testing,density_testlex,0.0,0.0,0.0
qwen3_4b,steer_actions,real,aware,0.05,lost,5,uncertainty-estimation,density,0.3856889661555253,-0.7733848938948371,1.6466293823345848
qwen3_4b,steer_actions,real,aware,0.05,lost,5,uncertainty-estimation,density_nontest,0.23085709527897375,-0.9589742978389608,1.6433914240038305
qwen3_4b,steer_actions,real,aware,0.05,lost,5,uncertainty-estimation,density_testlex,0.15483187087655162,0.0,0.3943528289603839
qwen3_4b,steer_actions,real,aware,0.05,lost,5,backtracking,density,0.027800790640139673,-0.2510707555659726,0.3614293257610182
qwen3_4b,steer_actions,real,aware,0.05,lost,5,backtracking,density_nontest,0.027800790640139673,-0.2510707555659726,0.3614293257610182
qwen3_4b,steer_actions,real,aware,0.05,lost,5,backtracking,density_testlex,0.0,0.0,0.0
qwen3_4b,steer_actions,real,aware,0.05,comply_both,97,initializing,density,-0.06870447594317149,-0.18509548752686195,0.05380331398233685
qwen3_4b,steer_actions,real,aware,0.05,comply_both,97,initializing,density_nontest,-0.07237325827431577,-0.1867337013617755,0.04789296992390568
qwen3_4b,steer_actions,real,aware,0.05,comply_both,97,initializing,density_testlex,0.0036687823311442936,0.0,0.011006346993432881
qwen3_4b,steer_actions,real,aware,0.05,comply_both,97,deduction,density,-0.25173671355332716,-0.5165484833886443,0.008133083137978139
qwen3_4b,steer_actions,real,aware,0.05,comply_both,97,deduction,density_nontest,-0.24051355420494386,-0.510569159676994,0.028080854272999833
qwen3_4b,steer_actions,real,aware,0.05,comply_both,97,deduction,density_testlex,-0.011223159348383326,-0.062090610493747735,0.0435883852729978
qwen3_4b,steer_actions,real,aware,0.05,comply_both,97,adding-knowledge,density,0.14556549193590448,-0.08212466245951344,0.38054880598030744
qwen3_4b,steer_actions,real,aware,0.05,comply_both,97,adding-knowledge,density_nontest,0.15896920401693632,-0.06949413754331742,0.3948808369622474
qwen3_4b,steer_actions,real,aware,0.05,comply_both,97,adding-knowledge,density_testlex,-0.013403712081031806,-0.03300742429143056,0.0031387988538694534
qwen3_4b,steer_actions,real,aware,0.05,comply_both,97,example-testing,density,-0.014132657616117521,-0.11034841640271509,0.07863249900204682
qwen3_4b,steer_actions,real,aware,0.05,comply_both,97,example-testing,density_nontest,-0.011153097399205532,-0.10657284950234187,0.081056725534655
qwen3_4b,steer_actions,real,aware,0.05,comply_both,97,example-testing,density_testlex,-0.002979560216911984,-0.008938680650735952,0.0
qwen3_4b,steer_actions,real,aware,0.05,comply_both,97,uncertainty-estimation,density,-0.06041381090373075,-0.20967898960642856,0.08609158540392241
qwen3_4b,steer_actions,real,aware,0.05,comply_both,97,uncertainty-estimation,density_nontest,-0.02732209829421724,-0.17646999128755342,0.11794298643382602
qwen3_4b,steer_actions,real,aware,0.05,comply_both,97,uncertainty-estimation,density_testlex,-0.0330917126095135,-0.08594086621756507,0.016792864523470237
qwen3_4b,steer_actions,real,aware,0.05,comply_both,97,backtracking,density,0.05015694042354947,-0.027288213872315604,0.1345966128691912
qwen3_4b,steer_actions,real,aware,0.05,comply_both,97,backtracking,density_nontest,0.0558931818211819,-0.021412593082638452,0.13917465066194487
qwen3_4b,steer_actions,real,aware,0.05,comply_both,97,backtracking,density_testlex,-0.005736241397632424,-0.014376504865832584,0.0
qwen3_4b,steer_actions,real,aware,0.05,refuse_both,29,initializing,density,-0.006293229708915571,-0.11568015029502043,0.10120126393891954
qwen3_4b,steer_actions,real,aware,0.05,refuse_both,29,initializing,density_nontest,-0.006293229708915571,-0.11568015029502043,0.10120126393891954
qwen3_4b,steer_actions,real,aware,0.05,refuse_both,29,initializing,density_testlex,0.0,0.0,0.0
qwen3_4b,steer_actions,real,aware,0.05,refuse_both,29,deduction,density,0.13289633456470026,-0.2404971413441104,0.48162178751790047
qwen3_4b,steer_actions,real,aware,0.05,refuse_both,29,deduction,density_nontest,0.009702660159035774,-0.3675026725199277,0.3593676972865323
qwen3_4b,steer_actions,real,aware,0.05,refuse_both,29,deduction,density_testlex,0.12319367440566437,0.0016448818513429611,0.2620422346636896
qwen3_4b,steer_actions,real,aware,0.05,refuse_both,29,adding-knowledge,density,0.12990811440327418,-0.2206264202005003,0.48789847895578925
qwen3_4b,steer_actions,real,aware,0.05,refuse_both,29,adding-knowledge,density_nontest,0.15367124161467724,-0.19945791200765364,0.5068595801333259
qwen3_4b,steer_actions,real,aware,0.05,refuse_both,29,adding-knowledge,density_testlex,-0.023763127211403078,-0.06084006084006085,0.0
qwen3_4b,steer_actions,real,aware,0.05,refuse_both,29,example-testing,density,0.016739203213927016,0.0,0.050217609641781055
qwen3_4b,steer_actions,real,aware,0.05,refuse_both,29,example-testing,density_nontest,0.016739203213927016,0.0,0.050217609641781055
qwen3_4b,steer_actions,real,aware,0.05,refuse_both,29,example-testing,density_testlex,0.0,0.0,0.0
qwen3_4b,steer_actions,real,aware,0.05,refuse_both,29,uncertainty-estimation,density,-0.03095343858990141,-0.28907857011584454,0.2137652773139432
qwen3_4b,steer_actions,real,aware,0.05,refuse_both,29,uncertainty-estimation,density_nontest,0.08056903853125702,-0.14930630351101926,0.2881755608234481
qwen3_4b,steer_actions,real,aware,0.05,refuse_both,29,uncertainty-estimation,density_testlex,-0.11152247712115845,-0.22059863501695254,-0.005150981223233028
qwen3_4b,steer_actions,real,aware,0.05,refuse_both,29,backtracking,density,0.0557320922980808,-0.09251784078789953,0.23481786923476886
qwen3_4b,steer_actions,real,aware,0.05,refuse_both,29,backtracking,density_nontest,0.0557320922980808,-0.09251784078789953,0.23481786923476886
qwen3_4b,steer_actions,real,aware,0.05,refuse_both,29,backtracking,density_testlex,0.0,0.0,0.0
qwen3_4b,steer_actions,real,aware,0.05,same,126,initializing,density,-0.054339982762271304,-0.15561409003592414,0.04029118749305815
qwen3_4b,steer_actions,real,aware,0.05,same,126,initializing,density_nontest,-0.05716436281085063,-0.1572862221468964,0.03564516330285553
qwen3_4b,steer_actions,real,aware,0.05,same,126,initializing,density_testlex,0.002824380048579337,0.0,0.00847314014573801
qwen3_4b,steer_actions,real,aware,0.05,same,126,deduction,density,-0.16321005962140023,-0.4058602120665063,0.06224334640831054
qwen3_4b,steer_actions,real,aware,0.05,same,126,deduction,density_nontest,-0.18292410804180567,-0.42408136666900625,0.053535173180847065
qwen3_4b,steer_actions,real,aware,0.05,same,126,deduction,density_testlex,0.019714048420405427,-0.03121164853338068,0.07458516720743083
qwen3_4b,steer_actions,real,aware,0.05,same,126,adding-knowledge,density,0.14196180980537848,-0.052734837837962505,0.3400639387440034
qwen3_4b,steer_actions,real,aware,0.05,same,126,adding-knowledge,density_nontest,0.15774983171800366,-0.04198378521334289,0.3608663801801564
qwen3_4b,steer_actions,real,aware,0.05,same,126,adding-knowledge,density_testlex,-0.015788021912625193,-0.03266729767715489,-0.000658955815570421
qwen3_4b,steer_actions,real,aware,0.05,same,126,example-testing,density,-0.0070272293298374285,-0.07974677989390895,0.07033910182686383
qwen3_4b,steer_actions,real,aware,0.05,same,126,example-testing,density_nontest,-0.0047334409088813775,-0.07817799498310944,0.07389656570440246
qwen3_4b,steer_actions,real,aware,0.05,same,126,example-testing,density_testlex,-0.002293788420956051,-0.006881365262868154,0.0
qwen3_4b,steer_actions,real,aware,0.05,same,126,uncertainty-estimation,density,-0.053633249021976366,-0.18271526613005398,0.07014987929587717
qwen3_4b,steer_actions,real,aware,0.05,same,126,uncertainty-estimation,density_nontest,-0.002490011247084275,-0.12639456797059406,0.11905745026304661
qwen3_4b,steer_actions,real,aware,0.05,same,126,uncertainty-estimation,density_testlex,-0.0511432377748921,-0.09755695492896205,-0.004468612027934735
qwen3_4b,steer_actions,real,aware,0.05,same,126,backtracking,density,0.05144011029943367,-0.018818124453315776,0.12590587518853122
qwen3_4b,steer_actions,real,aware,0.05,same,126,backtracking,density_nontest,0.05585610566110308,-0.014583928057123868,0.1308086029424992
qwen3_4b,steer_actions,real,aware,0.05,same,126,backtracking,density_testlex,-0.004415995361669406,-0.011067626761791752,0.0
qwen3_4b,steer_actions,real,aware_strong,0.2,gained,12,initializing,density,0.13283334967851565,-0.09962249174453547,0.37595690118409264
qwen3_4b,steer_actions,real,aware_strong,0.2,gained,12,initializing,density_nontest,0.13283334967851565,-0.09962249174453547,0.37595690118409264
qwen3_4b,steer_actions,real,aware_strong,0.2,gained,12,initializing,density_testlex,0.0,0.0,0.0
qwen3_4b,steer_actions,real,aware_strong,0.2,gained,12,deduction,density,-0.6457169072733046,-1.277527226222704,-0.07358384466706606
qwen3_4b,steer_actions,real,aware_strong,0.2,gained,12,deduction,density_nontest,-0.556800641953941,-1.2674588366331798,0.08018031503435465
qwen3_4b,steer_actions,real,aware_strong,0.2,gained,12,deduction,density_testlex,-0.08891626531936374,-0.2904483249644047,0.10525875245685083
qwen3_4b,steer_actions,real,aware_strong,0.2,gained,12,adding-knowledge,density,-0.20501026421198945,-0.6472757072794094,0.24373177646813812
qwen3_4b,steer_actions,real,aware_strong,0.2,gained,12,adding-knowledge,density_nontest,-0.2356475191139502,-0.6950819259477146,0.23006965385358732
qwen3_4b,steer_actions,real,aware_strong,0.2,gained,12,adding-knowledge,density_testlex,0.030637254901960786,0.0,0.09191176470588236
qwen3_4b,steer_actions,real,aware_strong,0.2,gained,12,example-testing,density,0.22371225829262528,0.06784618714987935,0.3972268129949596
qwen3_4b,steer_actions,real,aware_strong,0.2,gained,12,example-testing,density_nontest,0.22371225829262528,0.06784618714987935,0.3972268129949596
qwen3_4b,steer_actions,real,aware_strong,0.2,gained,12,example-testing,density_testlex,0.0,0.0,0.0
qwen3_4b,steer_actions,real,aware_strong,0.2,gained,12,uncertainty-estimation,density,0.18833695456571822,-0.3312506915140445,0.6305357219643329
qwen3_4b,steer_actions,real,aware_strong,0.2,gained,12,uncertainty-estimation,density_nontest,0.27275240117203653,-0.20570343773566765,0.6966809564313727
qwen3_4b,steer_actions,real,aware_strong,0.2,gained,12,uncertainty-estimation,density_testlex,-0.08441544660631832,-0.23754601223484892,0.06552872653185751
qwen3_4b,steer_actions,real,aware_strong,0.2,gained,12,backtracking,density,-0.11028618954909987,-0.37643060226604896,0.11695752890705212
qwen3_4b,steer_actions,real,aware_strong,0.2,gained,12,backtracking,density_nontest,-0.11028618954909987,-0.37643060226604896,0.11695752890705212
qwen3_4b,steer_actions,real,aware_strong,0.2,gained,12,backtracking,density_testlex,0.0,0.0,0.0
qwen3_4b,steer_actions,real,aware_strong,0.2,lost,6,initializing,density,-0.1037730574771565,-0.44897831017299433,0.19698970545896954
qwen3_4b,steer_actions,real,aware_strong,0.2,lost,6,initializing,density_nontest,-0.1037730574771565,-0.44897831017299433,0.19698970545896954
qwen3_4b,steer_actions,real,aware_strong,0.2,lost,6,initializing,density_testlex,0.0,0.0,0.0
qwen3_4b,steer_actions,real,aware_strong,0.2,lost,6,deduction,density,-0.40279253555559597,-1.1488621537773023,0.3962334303043888
qwen3_4b,steer_actions,real,aware_strong,0.2,lost,6,deduction,density_nontest,-0.47791538673903905,-1.3402188080301356,0.41443093548276955
qwen3_4b,steer_actions,real,aware_strong,0.2,lost,6,deduction,density_testlex,0.07512285118344297,-0.13739938503421284,0.27780448478999303
qwen3_4b,steer_actions,real,aware_strong,0.2,lost,6,adding-knowledge,density,0.9308408633979242,0.093627197425643,1.813570017253065
qwen3_4b,steer_actions,real,aware_strong,0.2,lost,6,adding-knowledge,density_nontest,0.9985915409046994,0.093627197425643,1.9411992432841296
qwen3_4b,steer_actions,real,aware_strong,0.2,lost,6,adding-knowledge,density_testlex,-0.06775067750677506,-0.2032520325203252,0.0
qwen3_4b,steer_actions,real,aware_strong,0.2,lost,6,example-testing,density,-0.21331665787602686,-0.38823653866497404,-0.027042665325094473
qwen3_4b,steer_actions,real,aware_strong,0.2,lost,6,example-testing,density_nontest,-0.21331665787602686,-0.38823653866497404,-0.027042665325094473
qwen3_4b,steer_actions,real,aware_strong,0.2,lost,6,example-testing,density_testlex,0.0,0.0,0.0
qwen3_4b,steer_actions,real,aware_strong,0.2,lost,6,uncertainty-estimation,density,0.12670671084669047,-0.6353502736605939,0.8840838590517831
qwen3_4b,steer_actions,real,aware_strong,0.2,lost,6,uncertainty-estimation,density_nontest,-0.008599103623216827,-0.7273923422837946,0.6935270396912311
qwen3_4b,steer_actions,real,aware_strong,0.2,lost,6,uncertainty-estimation,density_testlex,0.13530581446990728,-0.04515762864999016,0.32316101170022654
qwen3_4b,steer_actions,real,aware_strong,0.2,lost,6,backtracking,density,-0.06439398765626181,-0.1590152641915349,0.03022728887901127
qwen3_4b,steer_actions,real,aware_strong,0.2,lost,6,backtracking,density_nontest,-0.06439398765626181,-0.1590152641915349,0.03022728887901127
qwen3_4b,steer_actions,real,aware_strong,0.2,lost,6,backtracking,density_testlex,0.0,0.0,0.0
qwen3_4b,steer_actions,real,aware_strong,0.2,comply_both,96,initializing,density,0.06618659185574945,-0.07774704124013149,0.20018449281130735
qwen3_4b,steer_actions,real,aware_strong,0.2,comply_both,96,initializing,density_nontest,0.06618659185574945,-0.07774704124013149,0.20018449281130735
qwen3_4b,steer_actions,real,aware_strong,0.2,comply_both,96,initializing,density_testlex,0.0,0.0,0.0
qwen3_4b,steer_actions,real,aware_strong,0.2,comply_both,96,deduction,density,-0.1598247118331139,-0.46528967112218095,0.15119219430271608
qwen3_4b,steer_actions,real,aware_strong,0.2,comply_both,96,deduction,density_nontest,-0.12465160905529056,-0.4310990760594675,0.19293627012216685
qwen3_4b,steer_actions,real,aware_strong,0.2,comply_both,96,deduction,density_testlex,-0.03517310277782334,-0.0771539644271236,0.006463925028383074
qwen3_4b,steer_actions,real,aware_strong,0.2,comply_both,96,adding-knowledge,density,0.26724877999340957,0.05521133692945739,0.48083863173998054
qwen3_4b,steer_actions,real,aware_strong,0.2,comply_both,96,adding-knowledge,density_nontest,0.272058271431799,0.06127052196781835,0.4844891654921698
qwen3_4b,steer_actions,real,aware_strong,0.2,comply_both,96,adding-knowledge,density_testlex,-0.004809491438389431,-0.024752383945126022,0.013955712646368917
qwen3_4b,steer_actions,real,aware_strong,0.2,comply_both,96,example-testing,density,0.0009124810449245476,-0.11876648366122827,0.11219702298562535
qwen3_4b,steer_actions,real,aware_strong,0.2,comply_both,96,example-testing,density_nontest,0.003923078347429369,-0.11458246979610986,0.11421640841026305
qwen3_4b,steer_actions,real,aware_strong,0.2,comply_both,96,example-testing,density_testlex,-0.003010597302504817,-0.009031791907514452,0.0
qwen3_4b,steer_actions,real,aware_strong,0.2,comply_both,96,uncertainty-estimation,density,-0.13724042370681075,-0.2940536660042909,0.015170724536302757
qwen3_4b,steer_actions,real,aware_strong,0.2,comply_both,96,uncertainty-estimation,density_nontest,-0.12520220699379744,-0.2744974298044647,0.023497452939016495
qwen3_4b,steer_actions,real,aware_strong,0.2,comply_both,96,uncertainty-estimation,density_testlex,-0.01203821671301329,-0.06449882850257292,0.04103269684468506
qwen3_4b,steer_actions,real,aware_strong,0.2,comply_both,96,backtracking,density,-0.02799154056138073,-0.11784000103892979,0.05404774201913228
qwen3_4b,steer_actions,real,aware_strong,0.2,comply_both,96,backtracking,density_nontest,-0.028323500374165016,-0.11864582133984061,0.05486129512612219
qwen3_4b,steer_actions,real,aware_strong,0.2,comply_both,96,backtracking,density_testlex,0.00033195981278428985,-0.008585164835164836,0.010714740389608188
qwen3_4b,steer_actions,real,aware_strong,0.2,refuse_both,28,initializing,density,0.005125753410111277,-0.13081679576305355,0.15253717005661377
qwen3_4b,steer_actions,real,aware_strong,0.2,refuse_both,28,initializing,density_nontest,0.005125753410111277,-0.13081679576305355,0.15253717005661377
qwen3_4b,steer_actions,real,aware_strong,0.2,refuse_both,28,initializing,density_testlex,0.0,0.0,0.0
qwen3_4b,steer_actions,real,aware_strong,0.2,refuse_both,28,deduction,density,0.10715118947397266,-0.26322611847835287,0.47315284907948824
qwen3_4b,steer_actions,real,aware_strong,0.2,refuse_both,28,deduction,density_nontest,-0.03618966973055599,-0.4051134281105912,0.31933552070360266
qwen3_4b,steer_actions,real,aware_strong,0.2,refuse_both,28,deduction,density_testlex,0.1433408592045287,0.0075773232530074695,0.28179369067032234
qwen3_4b,steer_actions,real,aware_strong,0.2,refuse_both,28,adding-knowledge,density,0.08257385366941254,-0.281691969428966,0.48150717179620184
qwen3_4b,steer_actions,real,aware_strong,0.2,refuse_both,28,adding-knowledge,density_nontest,0.03357024129343039,-0.3532102295766403,0.43922892380114104
qwen3_4b,steer_actions,real,aware_strong,0.2,refuse_both,28,adding-knowledge,density_testlex,0.049003612375982164,-0.022683557099383123,0.13290359807520763
qwen3_4b,steer_actions,real,aware_strong,0.2,refuse_both,28,example-testing,density,0.0109217999126256,0.0,0.0327653997378768
qwen3_4b,steer_actions,real,aware_strong,0.2,refuse_both,28,example-testing,density_nontest,0.0,0.0,0.0
qwen3_4b,steer_actions,real,aware_strong,0.2,refuse_both,28,example-testing,density_testlex,0.0109217999126256,0.0,0.0327653997378768
qwen3_4b,steer_actions,real,aware_strong,0.2,refuse_both,28,uncertainty-estimation,density,-0.008681139995822549,-0.2460477089298077,0.25925217668520756
qwen3_4b,steer_actions,real,aware_strong,0.2,refuse_both,28,uncertainty-estimation,density_nontest,0.06451702787315093,-0.10672040512365674,0.24123618292451557
qwen3_4b,steer_actions,real,aware_strong,0.2,refuse_both,28,uncertainty-estimation,density_testlex,-0.07319816786897348,-0.21880642240156045,0.07715859181781794
qwen3_4b,steer_actions,real,aware_strong,0.2,refuse_both,28,backtracking,density,-0.107058173221959,-0.27693476741528567,0.041967825529409065
qwen3_4b,steer_actions,real,aware_strong,0.2,refuse_both,28,backtracking,density_nontest,-0.107058173221959,-0.27693476741528567,0.041967825529409065
qwen3_4b,steer_actions,real,aware_strong,0.2,refuse_both,28,backtracking,density_testlex,0.0,0.0,0.0
qwen3_4b,steer_actions,real,aware_strong,0.2,same,124,initializing,density,0.05239866059383116,-0.058225571428128044,0.155919131477775
qwen3_4b,steer_actions,real,aware_strong,0.2,same,124,initializing,density_nontest,0.05239866059383116,-0.058225571428128044,0.155919131477775
qwen3_4b,steer_actions,real,aware_strong,0.2,same,124,initializing,density_testlex,0.0,0.0,0.0
qwen3_4b,steer_actions,real,aware_strong,0.2,same,124,deduction,density,-0.09953983089280402,-0.34697826971156903,0.14689750469537918
qwen3_4b,steer_actions,real,aware_strong,0.2,same,124,deduction,density_nontest,-0.1046763324335763,-0.35057785081536463,0.14308351511925255
qwen3_4b,steer_actions,real,aware_strong,0.2,same,124,deduction,density_testlex,0.005136501540772287,-0.039438018557289185,0.05215923525747998
qwen3_4b,steer_actions,real,aware_strong,0.2,same,124,adding-knowledge,density,0.22554799017831342,0.03480196453199302,0.41302229291727527
qwen3_4b,steer_actions,real,aware_strong,0.2,same,124,adding-knowledge,density_nontest,0.21820613559410285,0.026080152790857698,0.40762501721842603
qwen3_4b,steer_actions,real,aware_strong,0.2,same,124,adding-knowledge,density_testlex,0.007341854584210606,-0.014773180281273857,0.031166240928890646
qwen3_4b,steer_actions,real,aware_strong,0.2,same,124,example-testing,density,0.0031726498215022166,-0.08247052530228095,0.0895783194105925
qwen3_4b,steer_actions,real,aware_strong,0.2,same,124,example-testing,density_nontest,0.00303722194639694,-0.0810756376839973,0.08858121876995678
qwen3_4b,steer_actions,real,aware_strong,0.2,same,124,example-testing,density_testlex,0.000135427875105277,-0.006992355025172479,0.00739863865048831
qwen3_4b,steer_actions,real,aware_strong,0.2,same,124,uncertainty-estimation,density,-0.10821090803013599,-0.23649722599108566,0.0226556015754001
qwen3_4b,steer_actions,real,aware_strong,0.2,same,124,uncertainty-estimation,density_nontest,-0.08236237976577683,-0.20083034937031272,0.039064324789070494
qwen3_4b,steer_actions,real,aware_strong,0.2,same,124,uncertainty-estimation,density_testlex,-0.02584852826435914,-0.07999580350200296,0.023278374145255225
qwen3_4b,steer_actions,real,aware_strong,0.2,same,124,backtracking,density,-0.0458452963234468,-0.12770250582098697,0.027124663548050723
qwen3_4b,steer_actions,real,aware_strong,0.2,same,124,backtracking,density_nontest,-0.046102297468828185,-0.12781525407077768,0.026456084115671255
qwen3_4b,steer_actions,real,aware_strong,0.2,same,124,backtracking,density_testlex,0.0002570011453813859,-0.006646579227224389,0.008295282882277308
qwen3_4b,steer_actions,real,baseline_seed1,0.0,gained,6,initializing,density,-0.168357294273622,-0.4859511895565342,0.062372148389677286
qwen3_4b,steer_actions,real,baseline_seed1,0.0,gained,6,initializing,density_nontest,-0.168357294273622,-0.4859511895565342,0.062372148389677286
qwen3_4b,steer_actions,real,baseline_seed1,0.0,gained,6,initializing,density_testlex,0.0,0.0,0.0
qwen3_4b,steer_actions,real,baseline_seed1,0.0,gained,6,deduction,density,0.1868912088519592,-0.7299469247417937,1.114938622863739
qwen3_4b,steer_actions,real,baseline_seed1,0.0,gained,6,deduction,density_nontest,0.11338784464180211,-0.8972846422068171,1.1481125365166078
qwen3_4b,steer_actions,real,baseline_seed1,0.0,gained,6,deduction,density_testlex,0.07350336421015714,-0.1374033618997644,0.28439067919200606
qwen3_4b,steer_actions,real,baseline_seed1,0.0,gained,6,adding-knowledge,density,0.3868510189919139,-0.23599018526820179,0.9952890862915754
qwen3_4b,steer_actions,real,baseline_seed1,0.0,gained,6,adding-knowledge,density_nontest,0.36052137180918614,-0.31900765557188837,0.9759611229368084
qwen3_4b,steer_actions,real,baseline_seed1,0.0,gained,6,adding-knowledge,density_testlex,0.02632964718272775,0.0,0.07898894154818326
qwen3_4b,steer_actions,real,baseline_seed1,0.0,gained,6,example-testing,density,0.22461814914645103,0.0,0.6738544474393531
qwen3_4b,steer_actions,real,baseline_seed1,0.0,gained,6,example-testing,density_nontest,0.22461814914645103,0.0,0.6738544474393531
qwen3_4b,steer_actions,real,baseline_seed1,0.0,gained,6,example-testing,density_testlex,0.0,0.0,0.0
qwen3_4b,steer_actions,real,baseline_seed1,0.0,gained,6,uncertainty-estimation,density,-0.17670859791408564,-0.8948491172000407,0.5443615700840593
qwen3_4b,steer_actions,real,baseline_seed1,0.0,gained,6,uncertainty-estimation,density_nontest,-0.04389624112470417,-0.630347562554244,0.56573073334298
qwen3_4b,steer_actions,real,baseline_seed1,0.0,gained,6,uncertainty-estimation,density_testlex,-0.1328123567893814,-0.4493470567490887,0.18766671161446194
qwen3_4b,steer_actions,real,baseline_seed1,0.0,gained,6,backtracking,density,0.06087464200687696,-0.22892765575401994,0.30331866534900465
qwen3_4b,steer_actions,real,baseline_seed1,0.0,gained,6,backtracking,density_nontest,0.06087464200687696,-0.22892765575401994,0.30331866534900465
qwen3_4b,steer_actions,real,baseline_seed1,0.0,gained,6,backtracking,density_testlex,0.0,0.0,0.0
qwen3_4b,steer_actions,real,baseline_seed1,0.0,comply_both,99,initializing,density,-0.002154785653733201,-0.11361452385011707,0.11651656282515213
qwen3_4b,steer_actions,real,baseline_seed1,0.0,comply_both,99,initializing,density_nontest,-0.002154785653733201,-0.11361452385011707,0.11651656282515213
qwen3_4b,steer_actions,real,baseline_seed1,0.0,comply_both,99,initializing,density_testlex,0.0,0.0,0.0
qwen3_4b,steer_actions,real,baseline_seed1,0.0,comply_both,99,deduction,density,-0.2260277373687485,-0.4919670346624739,0.010937167323401845
qwen3_4b,steer_actions,real,baseline_seed1,0.0,comply_both,99,deduction,density_nontest,-0.19896418386571413,-0.47108513002990077,0.04259737742407191
qwen3_4b,steer_actions,real,baseline_seed1,0.0,comply_both,99,deduction,density_testlex,-0.027063553503034347,-0.07254381406016144,0.022042419865035395
qwen3_4b,steer_actions,real,baseline_seed1,0.0,comply_both,99,adding-knowledge,density,0.01633056597801805,-0.1698621404077336,0.22270365651766094
qwen3_4b,steer_actions,real,baseline_seed1,0.0,comply_both,99,adding-knowledge,density_nontest,0.02201735331208932,-0.1637733366162775,0.2251472444129995
qwen3_4b,steer_actions,real,baseline_seed1,0.0,comply_both,99,adding-knowledge,density_testlex,-0.005686787334071257,-0.023637092077664856,0.01369350305708784
qwen3_4b,steer_actions,real,baseline_seed1,0.0,comply_both,99,example-testing,density,-0.015866215390853967,-0.14014195510883995,0.11957097207227924
qwen3_4b,steer_actions,real,baseline_seed1,0.0,comply_both,99,example-testing,density_nontest,-0.012946848309637174,-0.13534082871209102,0.12022187942125376
qwen3_4b,steer_actions,real,baseline_seed1,0.0,comply_both,99,example-testing,density_testlex,-0.0029193670812167924,-0.008758101243650378,0.0
qwen3_4b,steer_actions,real,baseline_seed1,0.0,comply_both,99,uncertainty-estimation,density,0.05883747998290001,-0.08619089571880247,0.20000952483446863
qwen3_4b,steer_actions,real,baseline_seed1,0.0,comply_both,99,uncertainty-estimation,density_nontest,0.06328949801614153,-0.07114753071703986,0.19370173745035293
qwen3_4b,steer_actions,real,baseline_seed1,0.0,comply_both,99,uncertainty-estimation,density_testlex,-0.0044520180332415235,-0.05350056384921903,0.042857857308684445
qwen3_4b,steer_actions,real,baseline_seed1,0.0,comply_both,99,backtracking,density,0.0058937768649277855,-0.09047097923253332,0.0982617995437269
qwen3_4b,steer_actions,real,baseline_seed1,0.0,comply_both,99,backtracking,density_nontest,0.008443918761788289,-0.08886279346428423,0.10300536055259066
qwen3_4b,steer_actions,real,baseline_seed1,0.0,comply_both,99,backtracking,density_testlex,-0.002550141896860506,-0.013862968350532032,0.006660505611659341
qwen3_4b,steer_actions,real,baseline_seed1,0.0,refuse_both,33,initializing,density,0.05907883802858808,-0.04951432598910156,0.17206540044860782
qwen3_4b,steer_actions,real,baseline_seed1,0.0,refuse_both,33,initializing,density_nontest,0.05907883802858808,-0.04951432598910156,0.17206540044860782
qwen3_4b,steer_actions,real,baseline_seed1,0.0,refuse_both,33,initializing,density_testlex,0.0,0.0,0.0
qwen3_4b,steer_actions,real,baseline_seed1,0.0,refuse_both,33,deduction,density,-0.16154285239513966,-0.5821953235742998,0.24783379910155612
qwen3_4b,steer_actions,real,baseline_seed1,0.0,refuse_both,33,deduction,density_nontest,-0.20523217049865172,-0.6441523189743599,0.2290008140154927
qwen3_4b,steer_actions,real,baseline_seed1,0.0,refuse_both,33,deduction,density_testlex,0.04368931810351207,-0.05274002974782951,0.13914077642110753
qwen3_4b,steer_actions,real,baseline_seed1,0.0,refuse_both,33,adding-knowledge,density,0.08208887838006543,-0.2529414998046752,0.41252185218645937
qwen3_4b,steer_actions,real,baseline_seed1,0.0,refuse_both,33,adding-knowledge,density_nontest,0.040651972184374656,-0.2733541050967298,0.35917291643674126
qwen3_4b,steer_actions,real,baseline_seed1,0.0,refuse_both,33,adding-knowledge,density_testlex,0.04143690619569076,-0.007100405883778646,0.09868973217202115
qwen3_4b,steer_actions,real,baseline_seed1,0.0,refuse_both,33,example-testing,density,0.020002000200020003,0.0,0.060006000600060005
qwen3_4b,steer_actions,real,baseline_seed1,0.0,refuse_both,33,example-testing,density_nontest,0.010001000100010001,0.0,0.030003000300030003
qwen3_4b,steer_actions,real,baseline_seed1,0.0,refuse_both,33,example-testing,density_testlex,0.010001000100010001,0.0,0.030003000300030003
qwen3_4b,steer_actions,real,baseline_seed1,0.0,refuse_both,33,uncertainty-estimation,density,-0.038486653470033105,-0.29109542671010713,0.22287601970842186
qwen3_4b,steer_actions,real,baseline_seed1,0.0,refuse_both,33,uncertainty-estimation,density_nontest,0.006366150827202655,-0.22739494090474022,0.2509249149177621
qwen3_4b,steer_actions,real,baseline_seed1,0.0,refuse_both,33,uncertainty-estimation,density_testlex,-0.04485280429723576,-0.1462659195084632,0.05712021330616897
qwen3_4b,steer_actions,real,baseline_seed1,0.0,refuse_both,33,backtracking,density,-0.06795510133881097,-0.20554264824402574,0.06925315771995992
qwen3_4b,steer_actions,real,baseline_seed1,0.0,refuse_both,33,backtracking,density_nontest,-0.06795510133881097,-0.20554264824402574,0.06925315771995992
qwen3_4b,steer_actions,real,baseline_seed1,0.0,refuse_both,33,backtracking,density_testlex,0.0,0.0,0.0
qwen3_4b,steer_actions,real,baseline_seed1,0.0,same,132,initializing,density,0.013153620266847117,-0.07622104285910981,0.09941579028881217
qwen3_4b,steer_actions,real,baseline_seed1,0.0,same,132,initializing,density_nontest,0.013153620266847117,-0.07622104285910981,0.09941579028881217
qwen3_4b,steer_actions,real,baseline_seed1,0.0,same,132,initializing,density_testlex,0.0,0.0,0.0
qwen3_4b,steer_actions,real,baseline_seed1,0.0,same,132,deduction,density,-0.2099065161253463,-0.4313156791919455,-0.0009707940918725257
qwen3_4b,steer_actions,real,baseline_seed1,0.0,same,132,deduction,density_nontest,-0.20053118052394855,-0.4272878498082127,0.01551382446324328
qwen3_4b,steer_actions,real,baseline_seed1,0.0,same,132,deduction,density_testlex,-0.009375335601397748,-0.052730280342019785,0.033108585935209815
qwen3_4b,steer_actions,real,baseline_seed1,0.0,same,132,adding-knowledge,density,0.0327701440785299,-0.13006059017322072,0.20057013095009357
qwen3_4b,steer_actions,real,baseline_seed1,0.0,same,132,adding-knowledge,density_nontest,0.02667600803016064,-0.1315333823178239,0.18689258248459392
qwen3_4b,steer_actions,real,baseline_seed1,0.0,same,132,adding-knowledge,density_testlex,0.006094136048369245,-0.011553759148867178,0.027834177364769615
qwen3_4b,steer_actions,real,baseline_seed1,0.0,same,132,example-testing,density,-0.006899161493135469,-0.10064789716422626,0.09786643048313685
qwen3_4b,steer_actions,real,baseline_seed1,0.0,same,132,example-testing,density_nontest,-0.007209886207225375,-0.10130912182496414,0.09537778667456254
qwen3_4b,steer_actions,real,baseline_seed1,0.0,same,132,example-testing,density_testlex,0.00031072471408990593,-0.006568575932737783,0.007500750075007501
qwen3_4b,steer_actions,real,baseline_seed1,0.0,same,132,uncertainty-estimation,density,0.03450644661966674,-0.093646533941455,0.15540991413736205
qwen3_4b,steer_actions,real,baseline_seed1,0.0,same,132,uncertainty-estimation,density_nontest,0.0490586612189068,-0.07169632674844927,0.16804644429971696
qwen3_4b,steer_actions,real,baseline_seed1,0.0,same,132,uncertainty-estimation,density_testlex,-0.014552214599240087,-0.06059287243998608,0.02805882539419248
qwen3_4b,steer_actions,real,baseline_seed1,0.0,same,132,backtracking,density,-0.012568442686006905,-0.09622034310385064,0.06738588065776939
qwen3_4b,steer_actions,real,baseline_seed1,0.0,same,132,backtracking,density_nontest,-0.010655836263361524,-0.09390517906486438,0.06891478446368152
qwen3_4b,steer_actions,real,baseline_seed1,0.0,same,132,backtracking,density_testlex,-0.0019126064226453801,-0.008483300736821865,0.004826733550137805
qwen3_4b,steer_actions,real,random_aware,0.05,gained,10,initializing,density,-0.022148824202980356,-0.32767082927972646,0.26691675135155896
qwen3_4b,steer_actions,real,random_aware,0.05,gained,10,initializing,density_nontest,-0.022148824202980356,-0.32767082927972646,0.26691675135155896
qwen3_4b,steer_actions,real,random_aware,0.05,gained,10,initializing,density_testlex,0.0,0.0,0.0
qwen3_4b,steer_actions,real,random_aware,0.05,gained,10,deduction,density,-0.3128947073731353,-1.1916923771744445,0.5124078958954261
qwen3_4b,steer_actions,real,random_aware,0.05,gained,10,deduction,density_nontest,-0.21213723323100347,-1.0886956982877491,0.6073375730214123
qwen3_4b,steer_actions,real,random_aware,0.05,gained,10,deduction,density_testlex,-0.10075747414213206,-0.30720666560346593,0.08511489902603762
qwen3_4b,steer_actions,real,random_aware,0.05,gained,10,adding-knowledge,density,-0.5070644191122973,-1.0943614402479402,0.1138294683910392
qwen3_4b,steer_actions,real,random_aware,0.05,gained,10,adding-knowledge,density_nontest,-0.5070644191122973,-1.0943614402479402,0.1138294683910392
qwen3_4b,steer_actions,real,random_aware,0.05,gained,10,adding-knowledge,density_testlex,0.0,0.0,0.0
qwen3_4b,steer_actions,real,random_aware,0.05,gained,10,example-testing,density,0.04996809334974246,0.0,0.11754182050230182
qwen3_4b,steer_actions,real,random_aware,0.05,gained,10,example-testing,density_nontest,0.032362459546925564,0.0,0.0970873786407767
qwen3_4b,steer_actions,real,random_aware,0.05,gained,10,example-testing,density_testlex,0.0176056338028169,0.0,0.0528169014084507
qwen3_4b,steer_actions,real,random_aware,0.05,gained,10,uncertainty-estimation,density,0.13520830151847008,-0.5582348984534942,0.8483443315958771
qwen3_4b,steer_actions,real,random_aware,0.05,gained,10,uncertainty-estimation,density_nontest,0.031543780813439795,-0.625022490425419,0.6280442353134796
qwen3_4b,steer_actions,real,random_aware,0.05,gained,10,uncertainty-estimation,density_testlex,0.10366452070503032,-0.13800522936315843,0.3338715661543663
qwen3_4b,steer_actions,real,random_aware,0.05,gained,10,backtracking,density,-0.021453953429482864,-0.360463807707512,0.25344132026298755
qwen3_4b,steer_actions,real,random_aware,0.05,gained,10,backtracking,density_nontest,-0.021453953429482864,-0.360463807707512,0.25344132026298755
qwen3_4b,steer_actions,real,random_aware,0.05,gained,10,backtracking,density_testlex,0.0,0.0,0.0
qwen3_4b,steer_actions,real,random_aware,0.05,lost,5,initializing,density,0.024406347406159747,-0.1991875971219095,0.2070492186337968
qwen3_4b,steer_actions,real,random_aware,0.05,lost,5,initializing,density_nontest,0.024406347406159747,-0.1991875971219095,0.2070492186337968
qwen3_4b,steer_actions,real,random_aware,0.05,lost,5,initializing,density_testlex,0.0,0.0,0.0
qwen3_4b,steer_actions,real,random_aware,0.05,lost,5,deduction,density,0.5996553691733619,-0.05756094467954211,1.2519416743749554
qwen3_4b,steer_actions,real,random_aware,0.05,lost,5,deduction,density_nontest,0.5857997650373121,-0.1895601294205737,1.3913523082037855
qwen3_4b,steer_actions,real,random_aware,0.05,lost,5,deduction,density_testlex,0.013855604136049771,-0.15747397691308565,0.24770258980785295
qwen3_4b,steer_actions,real,random_aware,0.05,lost,5,adding-knowledge,density,0.00821775241398191,-0.4963532260449915,0.5261079341087403
qwen3_4b,steer_actions,real,random_aware,0.05,lost,5,adding-knowledge,density_nontest,0.00821775241398191,-0.4963532260449915,0.5261079341087403
qwen3_4b,steer_actions,real,random_aware,0.05,lost,5,adding-knowledge,density_testlex,0.0,0.0,0.0
qwen3_4b,steer_actions,real,random_aware,0.05,lost,5,example-testing,density,-0.29577095662583186,-0.5042056687101789,-0.08733624454148473
qwen3_4b,steer_actions,real,random_aware,0.05,lost,5,example-testing,density_nontest,-0.29577095662583186,-0.5042056687101789,-0.08733624454148473
qwen3_4b,steer_actions,real,random_aware,0.05,lost,5,example-testing,density_testlex,0.0,0.0,0.0
qwen3_4b,steer_actions,real,random_aware,0.05,lost,5,uncertainty-estimation,density,-0.28123141336149043,-1.2091499310949918,0.6042995099158565
qwen3_4b,steer_actions,real,random_aware,0.05,lost,5,uncertainty-estimation,density_nontest,-0.33312343850631965,-1.1532983860596806,0.6139678075461739
qwen3_4b,steer_actions,real,random_aware,0.05,lost,5,uncertainty-estimation,density_testlex,0.05189202514482929,-0.09022556390977443,0.2671523982999393
qwen3_4b,steer_actions,real,random_aware,0.05,lost,5,backtracking,density,0.21173653289554975,0.059699836259298214,0.37041461107395
qwen3_4b,steer_actions,real,random_aware,0.05,lost,5,backtracking,density_nontest,0.21173653289554975,0.059699836259298214,0.37041461107395
qwen3_4b,steer_actions,real,random_aware,0.05,lost,5,backtracking,density_testlex,0.0,0.0,0.0
qwen3_4b,steer_actions,real,random_aware,0.05,comply_both,101,initializing,density,-0.04521609345683155,-0.14568251094787252,0.06044618024662816
qwen3_4b,steer_actions,real,random_aware,0.05,comply_both,101,initializing,density_nontest,-0.04851642348983484,-0.14804621336459184,0.055029968528463674
qwen3_4b,steer_actions,real,random_aware,0.05,comply_both,101,initializing,density_testlex,0.0033003300330033,0.0,0.009900990099009901
qwen3_4b,steer_actions,real,random_aware,0.05,comply_both,101,deduction,density,-0.11486041125464343,-0.38907040466483184,0.15684516583282176
qwen3_4b,steer_actions,real,random_aware,0.05,comply_both,101,deduction,density_nontest,-0.08538486640345512,-0.3619622642213426,0.1935790964273032
qwen3_4b,steer_actions,real,random_aware,0.05,comply_both,101,deduction,density_testlex,-0.029475544851188324,-0.07715128403482505,0.019399086094530064
qwen3_4b,steer_actions,real,random_aware,0.05,comply_both,101,adding-knowledge,density,-0.002539426703993001,-0.18644277654089608,0.18651287876942307
qwen3_4b,steer_actions,real,random_aware,0.05,comply_both,101,adding-knowledge,density_nontest,0.0049791769947741425,-0.17871465077615192,0.19395737456037102
qwen3_4b,steer_actions,real,random_aware,0.05,comply_both,101,adding-knowledge,density_testlex,-0.007518603698767133,-0.03089961957419374,0.01904691842810651
qwen3_4b,steer_actions,real,random_aware,0.05,comply_both,101,example-testing,density,-0.033592321023538714,-0.1365425177694958,0.07009282061588719
qwen3_4b,steer_actions,real,random_aware,0.05,comply_both,101,example-testing,density_nontest,-0.039675814917012185,-0.14436620220919766,0.0648438537149123
qwen3_4b,steer_actions,real,random_aware,0.05,comply_both,101,example-testing,density_testlex,0.006083493893473471,-0.0029955701823466637,0.018317557005371393
qwen3_4b,steer_actions,real,random_aware,0.05,comply_both,101,uncertainty-estimation,density,-0.03523037372204543,-0.1671695724897606,0.08880471747913465
qwen3_4b,steer_actions,real,random_aware,0.05,comply_both,101,uncertainty-estimation,density_nontest,-0.03576938621752225,-0.1654731639586632,0.0854686753151305
qwen3_4b,steer_actions,real,random_aware,0.05,comply_both,101,uncertainty-estimation,density_testlex,0.0005390124954767942,-0.04362578037059308,0.044902359543770046
qwen3_4b,steer_actions,real,random_aware,0.05,comply_both,101,backtracking,density,-0.024326657434594896,-0.1151830202262488,0.05847603465102921
qwen3_4b,steer_actions,real,random_aware,0.05,comply_both,101,backtracking,density_nontest,-0.018817593914096424,-0.11076934183572848,0.06355789110116332
qwen3_4b,steer_actions,real,random_aware,0.05,comply_both,101,backtracking,density_testlex,-0.005509063520498467,-0.013807138336492681,0.0
qwen3_4b,steer_actions,real,random_aware,0.05,refuse_both,29,initializing,density,0.06279196457041868,-0.06901980026078564,0.20622393808179
qwen3_4b,steer_actions,real,random_aware,0.05,refuse_both,29,initializing,density_nontest,0.06279196457041868,-0.06901980026078564,0.20622393808179
qwen3_4b,steer_actions,real,random_aware,0.05,refuse_both,29,initializing,density_testlex,0.0,0.0,0.0
qwen3_4b,steer_actions,real,random_aware,0.05,refuse_both,29,deduction,density,0.007026404082065739,-0.4709178587016645,0.4855230450216867
qwen3_4b,steer_actions,real,random_aware,0.05,refuse_both,29,deduction,density_nontest,-0.04297328491350804,-0.5142436425413265,0.4629682883787764
qwen3_4b,steer_actions,real,random_aware,0.05,refuse_both,29,deduction,density_testlex,0.049999688995573825,-0.04203344079156805,0.14437579160183062
qwen3_4b,steer_actions,real,random_aware,0.05,refuse_both,29,adding-knowledge,density,0.12431938237981177,-0.23626155314050984,0.4784556967757893
qwen3_4b,steer_actions,real,random_aware,0.05,refuse_both,29,adding-knowledge,density_nontest,0.1262579788186264,-0.23209263610349953,0.47816984504905513
qwen3_4b,steer_actions,real,random_aware,0.05,refuse_both,29,adding-knowledge,density_testlex,-0.001938596438814683,-0.039941419251764074,0.03412562993532003
qwen3_4b,steer_actions,real,random_aware,0.05,refuse_both,29,example-testing,density,0.029906542056074764,0.0,0.07824685787947147
qwen3_4b,steer_actions,real,random_aware,0.05,refuse_both,29,example-testing,density_nontest,0.029906542056074764,0.0,0.07824685787947147
qwen3_4b,steer_actions,real,random_aware,0.05,refuse_both,29,example-testing,density_testlex,0.0,0.0,0.0
qwen3_4b,steer_actions,real,random_aware,0.05,refuse_both,29,uncertainty-estimation,density,0.13272933421718763,-0.09019933325510267,0.3386532413956954
qwen3_4b,steer_actions,real,random_aware,0.05,refuse_both,29,uncertainty-estimation,density_nontest,0.1593050378093209,-0.023103260697144603,0.343048460065413
qwen3_4b,steer_actions,real,random_aware,0.05,refuse_both,29,uncertainty-estimation,density_testlex,-0.02657570359213327,-0.1579508374270908,0.10104672171307266
qwen3_4b,steer_actions,real,random_aware,0.05,refuse_both,29,backtracking,density,0.002510604291370773,-0.14517795905968706,0.14666085907386162
qwen3_4b,steer_actions,real,random_aware,0.05,refuse_both,29,backtracking,density_nontest,-0.005899824640504752,-0.1509637104775662,0.13519888368267596
qwen3_4b,steer_actions,real,random_aware,0.05,refuse_both,29,backtracking,density_testlex,0.008410428931875526,0.0,0.025231286795626577
qwen3_4b,steer_actions,real,random_aware,0.05,same,130,initializing,density,-0.021121988204598804,-0.10924879938383888,0.06573372235132632
qwen3_4b,steer_actions,real,random_aware,0.05,same,130,initializing,density_nontest,-0.02368609076870137,-0.11204021646456298,0.06267914523302229
qwen3_4b,steer_actions,real,random_aware,0.05,same,130,initializing,density_testlex,0.002564102564102564,0.0,0.007692307692307693
qwen3_4b,steer_actions,real,random_aware,0.05,same,130,deduction,density,-0.08767027552568524,-0.34234797627952746,0.16632123738634896
qwen3_4b,steer_actions,real,random_aware,0.05,same,130,deduction,density_nontest,-0.07592382130185156,-0.3240363882043049,0.17484934051830905
qwen3_4b,steer_actions,real,random_aware,0.05,same,130,deduction,density_testlex,-0.011746454223833695,-0.05480731869244915,0.03231577154696676
qwen3_4b,steer_actions,real,random_aware,0.05,same,130,adding-knowledge,density,0.025759846091624995,-0.12825934773441494,0.19581448106155627
qwen3_4b,steer_actions,real,random_aware,0.05,same,130,adding-knowledge,density_nontest,0.032033678940095046,-0.12588392749579377,0.2013488526638602
qwen3_4b,steer_actions,real,random_aware,0.05,same,130,adding-knowledge,density_testlex,-0.006273832848470048,-0.025946280090413817,0.014833211949670523
qwen3_4b,steer_actions,real,random_aware,0.05,same,130,example-testing,density,-0.019427190028855696,-0.09698239566213232,0.06593192918897381
qwen3_4b,steer_actions,real,random_aware,0.05,same,130,example-testing,density_nontest,-0.02415359682301585,-0.10109457610401153,0.061090261808704166
qwen3_4b,steer_actions,real,random_aware,0.05,same,130,example-testing,density_testlex,0.0047264067941601585,-0.004088319640944075,0.014023254570096984
qwen3_4b,steer_actions,real,random_aware,0.05,same,130,uncertainty-estimation,density,0.0022375611259373256,-0.11422834325109064,0.11036570271355811
qwen3_4b,steer_actions,real,random_aware,0.05,same,130,uncertainty-estimation,density_nontest,0.007747216065388913,-0.10042684872958996,0.11490574101432374
qwen3_4b,steer_actions,real,random_aware,0.05,same,130,uncertainty-estimation,density_testlex,-0.005509654939451602,-0.053609612369088774,0.039192465504871994
qwen3_4b,steer_actions,real,random_aware,0.05,same,130,backtracking,density,-0.0183398836649564,-0.09570174485367443,0.05454437016846529
qwen3_4b,steer_actions,real,random_aware,0.05,same,130,backtracking,density_nontest,-0.01593593769152598,-0.09336080848485337,0.05484478743944876
qwen3_4b,steer_actions,real,random_aware,0.05,same,130,backtracking,density_testlex,-0.0024039459734304224,-0.010621272010762803,0.00375234521575985
qwen3_4b,steer_actions,real,random_samerows_aware,0.05,gained,10,initializing,density,-0.085952976415766,-0.35486253541509327,0.15661621116861452
qwen3_4b,steer_actions,real,random_samerows_aware,0.05,gained,10,initializing,density_nontest,-0.085952976415766,-0.35486253541509327,0.15661621116861452
qwen3_4b,steer_actions,real,random_samerows_aware,0.05,gained,10,initializing,density_testlex,0.0,0.0,0.0
qwen3_4b,steer_actions,real,random_samerows_aware,0.05,gained,10,deduction,density,-0.6170512364321864,-1.535256953625895,0.1936967062722888
qwen3_4b,steer_actions,real,random_samerows_aware,0.05,gained,10,deduction,density_nontest,-0.4921983208179981,-1.4478557915441956,0.393262338139191
qwen3_4b,steer_actions,real,random_samerows_aware,0.05,gained,10,deduction,density_testlex,-0.12485291561418821,-0.36347091461256587,0.11384869935199185
qwen3_4b,steer_actions,real,random_samerows_aware,0.05,gained,10,adding-knowledge,density,-0.043053028159937466,-0.5886652531680931,0.47645188220107676
qwen3_4b,steer_actions,real,random_samerows_aware,0.05,gained,10,adding-knowledge,density_nontest,-0.043053028159937466,-0.5886652531680931,0.47645188220107676
qwen3_4b,steer_actions,real,random_samerows_aware,0.05,gained,10,adding-knowledge,density_testlex,0.0,0.0,0.0
qwen3_4b,steer_actions,real,random_samerows_aware,0.05,gained,10,example-testing,density,0.30025561530196415,0.05025125628140703,0.6891735006422288
qwen3_4b,steer_actions,real,random_samerows_aware,0.05,gained,10,example-testing,density_nontest,0.30025561530196415,0.05025125628140703,0.6891735006422288
qwen3_4b,steer_actions,real,random_samerows_aware,0.05,gained,10,example-testing,density_testlex,0.0,0.0,0.0
qwen3_4b,steer_actions,real,random_samerows_aware,0.05,gained,10,uncertainty-estimation,density,0.10701963838590207,-0.41349979345757437,0.7129386285655651
qwen3_4b,steer_actions,real,random_samerows_aware,0.05,gained,10,uncertainty-estimation,density_nontest,0.32497949020425415,-0.17711637037950537,0.8802473604505427
qwen3_4b,steer_actions,real,random_samerows_aware,0.05,gained,10,uncertainty-estimation,density_testlex,-0.21795985181835204,-0.37135980462255563,-0.04288982380714755
qwen3_4b,steer_actions,real,random_samerows_aware,0.05,gained,10,backtracking,density,-0.056947634735400786,-0.2711683631131342,0.14770955487532356
qwen3_4b,steer_actions,real,random_samerows_aware,0.05,gained,10,backtracking,density_nontest,-0.056947634735400786,-0.2711683631131342,0.14770955487532356
qwen3_4b,steer_actions,real,random_samerows_aware,0.05,gained,10,backtracking,density_testlex,0.0,0.0,0.0
qwen3_4b,steer_actions,real,random_samerows_aware,0.05,lost,5,initializing,density,0.05468238414058705,-0.3883780574534281,0.49774282573460216
qwen3_4b,steer_actions,real,random_samerows_aware,0.05,lost,5,initializing,density_nontest,0.05468238414058705,-0.3883780574534281,0.49774282573460216
qwen3_4b,steer_actions,real,random_samerows_aware,0.05,lost,5,initializing,density_testlex,0.0,0.0,0.0
qwen3_4b,steer_actions,real,random_samerows_aware,0.05,lost,5,deduction,density,0.8869410807130199,-0.02557121217677529,1.8014899125262498
qwen3_4b,steer_actions,real,random_samerows_aware,0.05,lost,5,deduction,density_nontest,0.8290437004672178,0.01469762811677917,1.7479158511306347
qwen3_4b,steer_actions,real,random_samerows_aware,0.05,lost,5,deduction,density_testlex,0.057897380245802155,-0.5216748508368975,0.6478909137249904
qwen3_4b,steer_actions,real,random_samerows_aware,0.05,lost,5,adding-knowledge,density,-0.3351230942582438,-1.2756924277608934,0.5894178400588602
qwen3_4b,steer_actions,real,random_samerows_aware,0.05,lost,5,adding-knowledge,density_nontest,-0.3351230942582438,-1.2756924277608934,0.5894178400588602
qwen3_4b,steer_actions,real,random_samerows_aware,0.05,lost,5,adding-knowledge,density_testlex,0.0,0.0,0.0
qwen3_4b,steer_actions,real,random_samerows_aware,0.05,lost,5,example-testing,density,-0.070298769771529,-0.21089630931458697,0.0
qwen3_4b,steer_actions,real,random_samerows_aware,0.05,lost,5,example-testing,density_nontest,-0.070298769771529,-0.21089630931458697,0.0
qwen3_4b,steer_actions,real,random_samerows_aware,0.05,lost,5,example-testing,density_testlex,0.0,0.0,0.0
qwen3_4b,steer_actions,real,random_samerows_aware,0.05,lost,5,uncertainty-estimation,density,0.3460800121783411,-0.3811689239812518,1.004493378909165
qwen3_4b,steer_actions,real,random_samerows_aware,0.05,lost,5,uncertainty-estimation,density_nontest,0.4632111202390483,-0.6580127359349787,1.3227699574853682
qwen3_4b,steer_actions,real,random_samerows_aware,0.05,lost,5,uncertainty-estimation,density_testlex,-0.11713110806070719,-0.44134666734066846,0.28593184349763295
qwen3_4b,steer_actions,real,random_samerows_aware,0.05,lost,5,backtracking,density,0.15889756364016244,-0.0644435732846469,0.4171080508474576
qwen3_4b,steer_actions,real,random_samerows_aware,0.05,lost,5,backtracking,density_nontest,0.15889756364016244,-0.0644435732846469,0.4171080508474576
qwen3_4b,steer_actions,real,random_samerows_aware,0.05,lost,5,backtracking,density_testlex,0.0,0.0,0.0
qwen3_4b,steer_actions,real,random_samerows_aware,0.05,comply_both,95,initializing,density,0.030509964586555284,-0.0872146089711855,0.15716352148819765
qwen3_4b,steer_actions,real,random_samerows_aware,0.05,comply_both,95,initializing,density_nontest,0.030509964586555284,-0.0872146089711855,0.15716352148819765
qwen3_4b,steer_actions,real,random_samerows_aware,0.05,comply_both,95,initializing,density_testlex,0.0,0.0,0.0
qwen3_4b,steer_actions,real,random_samerows_aware,0.05,comply_both,95,deduction,density,-0.19499660516903952,-0.47822723080357704,0.0655082694913373
qwen3_4b,steer_actions,real,random_samerows_aware,0.05,comply_both,95,deduction,density_nontest,-0.15543294592942306,-0.4368850423391163,0.10239860604264044
qwen3_4b,steer_actions,real,random_samerows_aware,0.05,comply_both,95,deduction,density_testlex,-0.03956365923961636,-0.0842264018395753,0.003741980481742607
qwen3_4b,steer_actions,real,random_samerows_aware,0.05,comply_both,95,adding-knowledge,density,-0.009903643105868054,-0.22599849274014516,0.18737597097977857
qwen3_4b,steer_actions,real,random_samerows_aware,0.05,comply_both,95,adding-knowledge,density_nontest,-0.017358637501161213,-0.23020212953250643,0.1778066898655223
qwen3_4b,steer_actions,real,random_samerows_aware,0.05,comply_both,95,adding-knowledge,density_testlex,0.007454994395293164,-0.016701577825390303,0.030874416855387176
qwen3_4b,steer_actions,real,random_samerows_aware,0.05,comply_both,95,example-testing,density,0.04057774932290294,-0.08460794293809336,0.16995475851541264
qwen3_4b,steer_actions,real,random_samerows_aware,0.05,comply_both,95,example-testing,density_nontest,0.04362003712332886,-0.08022684976324923,0.17214260678874146
qwen3_4b,steer_actions,real,random_samerows_aware,0.05,comply_both,95,example-testing,density_testlex,-0.0030422878004259207,-0.009126863401277762,0.0
qwen3_4b,steer_actions,real,random_samerows_aware,0.05,comply_both,95,uncertainty-estimation,density,0.006864275877497619,-0.12303803280755925,0.13628015725140322
qwen3_4b,steer_actions,real,random_samerows_aware,0.05,comply_both,95,uncertainty-estimation,density_nontest,0.02227145325322876,-0.10334190033888495,0.1522553879577564
qwen3_4b,steer_actions,real,random_samerows_aware,0.05,comply_both,95,uncertainty-estimation,density_testlex,-0.015407177375731143,-0.06701670579699276,0.03670135851579838
qwen3_4b,steer_actions,real,random_samerows_aware,0.05,comply_both,95,backtracking,density,-0.04914799323705683,-0.14293161811576552,0.04137926016765917
qwen3_4b,steer_actions,real,random_samerows_aware,0.05,comply_both,95,backtracking,density_nontest,-0.04939665847610173,-0.13992854562955886,0.036643310903318724
qwen3_4b,steer_actions,real,random_samerows_aware,0.05,comply_both,95,backtracking,density_testlex,0.000248665239044899,-0.011492557636515714,0.012235371179823724
qwen3_4b,steer_actions,real,random_samerows_aware,0.05,refuse_both,30,initializing,density,0.05888797919909261,-0.11351872921596223,0.26136206619005037
qwen3_4b,steer_actions,real,random_samerows_aware,0.05,refuse_both,30,initializing,density_nontest,0.05888797919909261,-0.11351872921596223,0.26136206619005037
qwen3_4b,steer_actions,real,random_samerows_aware,0.05,refuse_both,30,initializing,density_testlex,0.0,0.0,0.0
qwen3_4b,steer_actions,real,random_samerows_aware,0.05,refuse_both,30,deduction,density,-0.18255359532629634,-0.5547094819390073,0.1736541372061051
qwen3_4b,steer_actions,real,random_samerows_aware,0.05,refuse_both,30,deduction,density_nontest,-0.3453808441491173,-0.7228633043183441,0.02934622382410974
qwen3_4b,steer_actions,real,random_samerows_aware,0.05,refuse_both,30,deduction,density_testlex,0.1628272488228207,0.05488973935362537,0.2728637861365024
qwen3_4b,steer_actions,real,random_samerows_aware,0.05,refuse_both,30,adding-knowledge,density,-0.007282840653271679,-0.3094410317946582,0.2783747252525917
qwen3_4b,steer_actions,real,random_samerows_aware,0.05,refuse_both,30,adding-knowledge,density_nontest,-0.027413370217763505,-0.3155778554730115,0.2527164824003628
qwen3_4b,steer_actions,real,random_samerows_aware,0.05,refuse_both,30,adding-knowledge,density_testlex,0.020130529564491833,-0.030303030303030307,0.09312462142650822
qwen3_4b,steer_actions,real,random_samerows_aware,0.05,refuse_both,30,example-testing,density,0.0462667347612268,0.0,0.10960133297954595
qwen3_4b,steer_actions,real,random_samerows_aware,0.05,refuse_both,30,example-testing,density_nontest,0.01523187814497484,0.0,0.03923568611451109
qwen3_4b,steer_actions,real,random_samerows_aware,0.05,refuse_both,30,example-testing,density_testlex,0.03103485661625197,0.0,0.08144955819374423
qwen3_4b,steer_actions,real,random_samerows_aware,0.05,refuse_both,30,uncertainty-estimation,density,0.004313338292671679,-0.2593242475945385,0.26442278955882215
qwen3_4b,steer_actions,real,random_samerows_aware,0.05,refuse_both,30,uncertainty-estimation,density_nontest,-0.0014449553064271833,-0.2204581583030131,0.21730422753159667
qwen3_4b,steer_actions,real,random_samerows_aware,0.05,refuse_both,30,uncertainty-estimation,density_testlex,0.005758293599098866,-0.1315666225614555,0.12937109681939385
qwen3_4b,steer_actions,real,random_samerows_aware,0.05,refuse_both,30,backtracking,density,0.023565560334224408,-0.1361368763506247,0.17277353511388394
qwen3_4b,steer_actions,real,random_samerows_aware,0.05,refuse_both,30,backtracking,density_nontest,0.014228492173626836,-0.1449029266275037,0.16482984816454882
qwen3_4b,steer_actions,real,random_samerows_aware,0.05,refuse_both,30,backtracking,density_testlex,0.009337068160597572,0.0,0.028011204481792718
qwen3_4b,steer_actions,real,random_samerows_aware,0.05,same,125,initializing,density,0.03732068809356426,-0.05926006767034482,0.143736115739002
qwen3_4b,steer_actions,real,random_samerows_aware,0.05,same,125,initializing,density_nontest,0.03732068809356426,-0.05926006767034482,0.143736115739002
qwen3_4b,steer_actions,real,random_samerows_aware,0.05,same,125,initializing,density_testlex,0.0,0.0,0.0
qwen3_4b,steer_actions,real,random_samerows_aware,0.05,same,125,deduction,density,-0.19201028280678112,-0.4172375898194194,0.0351265468349527
qwen3_4b,steer_actions,real,random_samerows_aware,0.05,same,125,deduction,density_nontest,-0.2010204415021497,-0.4249700941772516,0.017636378188024864
qwen3_4b,steer_actions,real,random_samerows_aware,0.05,same,125,deduction,density_testlex,0.009010158695368524,-0.0358548314966339,0.056410791131929046
qwen3_4b,steer_actions,real,random_samerows_aware,0.05,same,125,adding-knowledge,density,-0.00927465051724493,-0.17725875424787588,0.16198866134476064
qwen3_4b,steer_actions,real,random_samerows_aware,0.05,same,125,adding-knowledge,density_nontest,-0.019771773353145783,-0.18545064059529612,0.1468031895807259
qwen3_4b,steer_actions,real,random_samerows_aware,0.05,same,125,adding-knowledge,density_testlex,0.010497122835900844,-0.012123135391550775,0.03451893495885773
qwen3_4b,steer_actions,real,random_samerows_aware,0.05,same,125,example-testing,density,0.04194310582810067,-0.04766541129442381,0.1350710709159138
qwen3_4b,steer_actions,real,random_samerows_aware,0.05,same,125,example-testing,density_nontest,0.0368068789685239,-0.05234367631369013,0.13045517724442013
qwen3_4b,steer_actions,real,random_samerows_aware,0.05,same,125,example-testing,density_testlex,0.005136226859576772,-0.004624277456647399,0.017720819307054016
qwen3_4b,steer_actions,real,random_samerows_aware,0.05,same,125,uncertainty-estimation,density,0.006252050857139391,-0.11465668646792881,0.1306754719814888
qwen3_4b,steer_actions,real,random_samerows_aware,0.05,same,125,uncertainty-estimation,density_nontest,0.016579515198911342,-0.09530833908638059,0.13189855872664294
qwen3_4b,steer_actions,real,random_samerows_aware,0.05,same,125,uncertainty-estimation,density_testlex,-0.010327464341771947,-0.06077165384920656,0.03849789386813911
qwen3_4b,steer_actions,real,random_samerows_aware,0.05,same,125,backtracking,density,-0.03169674037994934,-0.112980466884265,0.047230001038251486
qwen3_4b,steer_actions,real,random_samerows_aware,0.05,same,125,backtracking,density_nontest,-0.034126622320166874,-0.11348590988352057,0.04224036026966774
qwen3_4b,steer_actions,real,random_samerows_aware,0.05,same,125,backtracking,density_testlex,0.00242988194021754,-0.006704844451323325,0.013604515087324276
qwen3_4b,steer_actions,real,shuffled_aware,0.05,gained,7,initializing,density,-0.3258798363040133,-0.47682618160172097,-0.16692241224442494
qwen3_4b,steer_actions,real,shuffled_aware,0.05,gained,7,initializing,density_nontest,-0.3258798363040133,-0.47682618160172097,-0.16692241224442494
qwen3_4b,steer_actions,real,shuffled_aware,0.05,gained,7,initializing,density_testlex,0.0,0.0,0.0
qwen3_4b,steer_actions,real,shuffled_aware,0.05,gained,7,deduction,density,-0.06038862448163115,-0.8967550100982747,0.6542180911856701
qwen3_4b,steer_actions,real,shuffled_aware,0.05,gained,7,deduction,density_nontest,0.07361850755253777,-0.7943888812542639,0.8560760658326338
qwen3_4b,steer_actions,real,shuffled_aware,0.05,gained,7,deduction,density_testlex,-0.13400713203416895,-0.3558710440698018,0.04542357483533954
qwen3_4b,steer_actions,real,shuffled_aware,0.05,gained,7,adding-knowledge,density,-0.5485678424499391,-1.2879040117220442,0.2759547371299488
qwen3_4b,steer_actions,real,shuffled_aware,0.05,gained,7,adding-knowledge,density_nontest,-0.5485678424499391,-1.2879040117220442,0.2759547371299488
qwen3_4b,steer_actions,real,shuffled_aware,0.05,gained,7,adding-knowledge,density_testlex,0.0,0.0,0.0
qwen3_4b,steer_actions,real,shuffled_aware,0.05,gained,7,example-testing,density,0.0,0.0,0.0
qwen3_4b,steer_actions,real,shuffled_aware,0.05,gained,7,example-testing,density_nontest,0.0,0.0,0.0
qwen3_4b,steer_actions,real,shuffled_aware,0.05,gained,7,example-testing,density_testlex,0.0,0.0,0.0
qwen3_4b,steer_actions,real,shuffled_aware,0.05,gained,7,uncertainty-estimation,density,0.45720650383574163,0.1494018785849972,0.8026782970133036
qwen3_4b,steer_actions,real,shuffled_aware,0.05,gained,7,uncertainty-estimation,density_nontest,0.6754882380396341,0.4001580134206246,0.9828598400978897
qwen3_4b,steer_actions,real,shuffled_aware,0.05,gained,7,uncertainty-estimation,density_testlex,-0.21828173420389252,-0.3768192910165488,-0.05974417739123621
qwen3_4b,steer_actions,real,shuffled_aware,0.05,gained,7,backtracking,density,-0.07684381655702967,-0.2786197338333353,0.1233090033388459
qwen3_4b,steer_actions,real,shuffled_aware,0.05,gained,7,backtracking,density_nontest,-0.07684381655702967,-0.2786197338333353,0.1233090033388459
qwen3_4b,steer_actions,real,shuffled_aware,0.05,gained,7,backtracking,density_testlex,0.0,0.0,0.0
qwen3_4b,steer_actions,real,shuffled_aware,0.05,lost,7,initializing,density,0.06311765272764802,-0.2828647320978338,0.38691471480406264
qwen3_4b,steer_actions,real,shuffled_aware,0.05,lost,7,initializing,density_nontest,0.06311765272764802,-0.2828647320978338,0.38691471480406264
qwen3_4b,steer_actions,real,shuffled_aware,0.05,lost,7,initializing,density_testlex,0.0,0.0,0.0
qwen3_4b,steer_actions,real,shuffled_aware,0.05,lost,7,deduction,density,0.5444142807054383,-0.0955562428901376,1.222794581861804
qwen3_4b,steer_actions,real,shuffled_aware,0.05,lost,7,deduction,density_nontest,0.7176872789771195,0.2133041831868836,1.3120422572379942
qwen3_4b,steer_actions,real,shuffled_aware,0.05,lost,7,deduction,density_testlex,-0.17327299827168124,-0.38969414735300534,0.05711066708604691
qwen3_4b,steer_actions,real,shuffled_aware,0.05,lost,7,adding-knowledge,density,-0.003439005843167856,-0.625278337993333,0.6488219121850402
qwen3_4b,steer_actions,real,shuffled_aware,0.05,lost,7,adding-knowledge,density_nontest,-0.003439005843167856,-0.625278337993333,0.6488219121850402
qwen3_4b,steer_actions,real,shuffled_aware,0.05,lost,7,adding-knowledge,density_testlex,0.0,0.0,0.0
qwen3_4b,steer_actions,real,shuffled_aware,0.05,lost,7,example-testing,density,-0.1588077342044028,-0.33331663714476967,0.024295432458697763
qwen3_4b,steer_actions,real,shuffled_aware,0.05,lost,7,example-testing,density_nontest,-0.1588077342044028,-0.33331663714476967,0.024295432458697763
qwen3_4b,steer_actions,real,shuffled_aware,0.05,lost,7,example-testing,density_testlex,0.0,0.0,0.0
qwen3_4b,steer_actions,real,shuffled_aware,0.05,lost,7,uncertainty-estimation,density,-0.20001029272593515,-0.9799126012688797,0.6756502735281507
qwen3_4b,steer_actions,real,shuffled_aware,0.05,lost,7,uncertainty-estimation,density_nontest,-0.12925038304384065,-0.9735988369719953,0.7386873496450095
qwen3_4b,steer_actions,real,shuffled_aware,0.05,lost,7,uncertainty-estimation,density_testlex,-0.07075990968209454,-0.25147029970665785,0.09439808311988764
qwen3_4b,steer_actions,real,shuffled_aware,0.05,lost,7,backtracking,density,0.05493005696480272,-0.2030972358927881,0.36063682526512925
qwen3_4b,steer_actions,real,shuffled_aware,0.05,lost,7,backtracking,density_nontest,0.05493005696480272,-0.2030972358927881,0.36063682526512925
qwen3_4b,steer_actions,real,shuffled_aware,0.05,lost,7,backtracking,density_testlex,0.0,0.0,0.0
qwen3_4b,steer_actions,real,shuffled_aware,0.05,comply_both,96,initializing,density,-0.042647277406051294,-0.13675663510256544,0.04661743235081126
qwen3_4b,steer_actions,real,shuffled_aware,0.05,comply_both,96,initializing,density_nontest,-0.042647277406051294,-0.13675663510256544,0.04661743235081126
qwen3_4b,steer_actions,real,shuffled_aware,0.05,comply_both,96,initializing,density_testlex,0.0,0.0,0.0
qwen3_4b,steer_actions,real,shuffled_aware,0.05,comply_both,96,deduction,density,-0.05783735104346418,-0.3294671518843788,0.20887044284630102
qwen3_4b,steer_actions,real,shuffled_aware,0.05,comply_both,96,deduction,density_nontest,-0.03828704974197573,-0.2986515273629621,0.22201813738030354
qwen3_4b,steer_actions,real,shuffled_aware,0.05,comply_both,96,deduction,density_testlex,-0.019550301301488493,-0.06367049620119684,0.023865742907500053
qwen3_4b,steer_actions,real,shuffled_aware,0.05,comply_both,96,adding-knowledge,density,0.11956462836642301,-0.09831399711976938,0.3265630641274903
qwen3_4b,steer_actions,real,shuffled_aware,0.05,comply_both,96,adding-knowledge,density_nontest,0.13076288663268085,-0.08865282008865367,0.33777005203366545
qwen3_4b,steer_actions,real,shuffled_aware,0.05,comply_both,96,adding-knowledge,density_testlex,-0.011198258266257836,-0.031230161274529034,0.006816169236273037
qwen3_4b,steer_actions,real,shuffled_aware,0.05,comply_both,96,example-testing,density,-0.06971049133703133,-0.17007819076100728,0.027314255275750335
qwen3_4b,steer_actions,real,shuffled_aware,0.05,comply_both,96,example-testing,density_nontest,-0.06860422066463011,-0.1682534438544485,0.029062143357438674
qwen3_4b,steer_actions,real,shuffled_aware,0.05,comply_both,96,example-testing,density_testlex,-0.0011062706724012219,-0.009031791907514452,0.005712979890310786
qwen3_4b,steer_actions,real,shuffled_aware,0.05,comply_both,96,uncertainty-estimation,density,0.012481977154117904,-0.12039929005314812,0.1329610501771044
qwen3_4b,steer_actions,real,shuffled_aware,0.05,comply_both,96,uncertainty-estimation,density_nontest,0.018848793295485652,-0.10010985633468211,0.13629104670290346
qwen3_4b,steer_actions,real,shuffled_aware,0.05,comply_both,96,uncertainty-estimation,density_testlex,-0.006366816141367772,-0.05771299181519871,0.04351515636481661
qwen3_4b,steer_actions,real,shuffled_aware,0.05,comply_both,96,backtracking,density,-0.007832329254153734,-0.10379947724241828,0.07932340152286631
qwen3_4b,steer_actions,real,shuffled_aware,0.05,comply_both,96,backtracking,density_nontest,-0.0020363353419626438,-0.0994485888582607,0.08533319799563731
qwen3_4b,steer_actions,real,shuffled_aware,0.05,comply_both,96,backtracking,density_testlex,-0.005795993912191095,-0.014453709436103803,0.0
qwen3_4b,steer_actions,real,shuffled_aware,0.05,refuse_both,32,initializing,density,0.009495164236104414,-0.10636730447803673,0.11172168751289133
qwen3_4b,steer_actions,real,shuffled_aware,0.05,refuse_both,32,initializing,density_nontest,0.009495164236104414,-0.10636730447803673,0.11172168751289133
qwen3_4b,steer_actions,real,shuffled_aware,0.05,refuse_both,32,initializing,density_testlex,0.0,0.0,0.0
qwen3_4b,steer_actions,real,shuffled_aware,0.05,refuse_both,32,deduction,density,0.010736156814347989,-0.4801345347391336,0.5429216559836366
qwen3_4b,steer_actions,real,shuffled_aware,0.05,refuse_both,32,deduction,density_nontest,-0.17829763630972523,-0.6783989346879961,0.3700912238089242
qwen3_4b,steer_actions,real,shuffled_aware,0.05,refuse_both,32,deduction,density_testlex,0.18903379312407317,0.06236183517056599,0.3197832157558334
qwen3_4b,steer_actions,real,shuffled_aware,0.05,refuse_both,32,adding-knowledge,density,0.022798981344428836,-0.3583521619033555,0.43869725090478956
qwen3_4b,steer_actions,real,shuffled_aware,0.05,refuse_both,32,adding-knowledge,density_nontest,0.02288180955225704,-0.3575858568401754,0.4386956794188431
qwen3_4b,steer_actions,real,shuffled_aware,0.05,refuse_both,32,adding-knowledge,density_testlex,-8.282820782820784e-05,-0.0006855475605475614,0.0004370629370629379
qwen3_4b,steer_actions,real,shuffled_aware,0.05,refuse_both,32,example-testing,density,0.0,0.0,0.0
qwen3_4b,steer_actions,real,shuffled_aware,0.05,refuse_both,32,example-testing,density_nontest,0.0,0.0,0.0
qwen3_4b,steer_actions,real,shuffled_aware,0.05,refuse_both,32,example-testing,density_testlex,0.0,0.0,0.0
qwen3_4b,steer_actions,real,shuffled_aware,0.05,refuse_both,32,uncertainty-estimation,density,-0.12810957576754473,-0.3886923592209971,0.12048924746790564
qwen3_4b,steer_actions,real,shuffled_aware,0.05,refuse_both,32,uncertainty-estimation,density_nontest,-0.0238714899473191,-0.23420908195909204,0.18801263542273947
qwen3_4b,steer_actions,real,shuffled_aware,0.05,refuse_both,32,uncertainty-estimation,density_testlex,-0.10423808582022562,-0.21250980776534314,-0.012281410960741864
qwen3_4b,steer_actions,real,shuffled_aware,0.05,refuse_both,32,backtracking,density,0.005294750803458195,-0.20282097314318287,0.2097636478478866
qwen3_4b,steer_actions,real,shuffled_aware,0.05,refuse_both,32,backtracking,density_nontest,0.005294750803458195,-0.20282097314318287,0.2097636478478866
qwen3_4b,steer_actions,real,shuffled_aware,0.05,refuse_both,32,backtracking,density_testlex,0.0,0.0,0.0
qwen3_4b,steer_actions,real,shuffled_aware,0.05,same,128,initializing,density,-0.029611666995512355,-0.1048577575038989,0.041045427102343435
qwen3_4b,steer_actions,real,shuffled_aware,0.05,same,128,initializing,density_nontest,-0.029611666995512355,-0.1048577575038989,0.041045427102343435
qwen3_4b,steer_actions,real,shuffled_aware,0.05,same,128,initializing,density_testlex,0.0,0.0,0.0
qwen3_4b,steer_actions,real,shuffled_aware,0.05,same,128,deduction,density,-0.040693974079011125,-0.26504243390451576,0.195358070276757
qwen3_4b,steer_actions,real,shuffled_aware,0.05,same,128,deduction,density_nontest,-0.07328969638391308,-0.2969928198436788,0.1618242303159077
qwen3_4b,steer_actions,real,shuffled_aware,0.05,same,128,deduction,density_testlex,0.032595722304901924,-0.014151363097444941,0.08419544635753759
qwen3_4b,steer_actions,real,shuffled_aware,0.05,same,128,adding-knowledge,density,0.09537321661092446,-0.09382470472291334,0.28621984650628307
qwen3_4b,steer_actions,real,shuffled_aware,0.05,same,128,adding-knowledge,density_nontest,0.1037926173625749,-0.08119139376351482,0.2917456214501957
qwen3_4b,steer_actions,real,shuffled_aware,0.05,same,128,adding-knowledge,density_testlex,-0.00841940075165043,-0.02326378603937481,0.004487948564651028
qwen3_4b,steer_actions,real,shuffled_aware,0.05,same,128,example-testing,density,-0.05228286850277349,-0.12802089945522835,0.01903522050980006
qwen3_4b,steer_actions,real,shuffled_aware,0.05,same,128,example-testing,density_nontest,-0.05145316549847258,-0.12691100119295934,0.01946204390653082
qwen3_4b,steer_actions,real,shuffled_aware,0.05,same,128,example-testing,density_testlex,-0.0008297030043009164,-0.006773843930635839,0.004284734917733089
qwen3_4b,steer_actions,real,shuffled_aware,0.05,same,128,uncertainty-estimation,density,-0.022665911076297746,-0.13989171451236201,0.08587186551260309
qwen3_4b,steer_actions,real,shuffled_aware,0.05,same,128,uncertainty-estimation,density_nontest,0.008168722484784473,-0.09613516080544886,0.1091829600117404
qwen3_4b,steer_actions,real,shuffled_aware,0.05,same,128,uncertainty-estimation,density_testlex,-0.03083463356108223,-0.07685339271373075,0.013760555163413303
qwen3_4b,steer_actions,real,shuffled_aware,0.05,same,128,backtracking,density,-0.004550559239750757,-0.08730071941269224,0.08189845935742265
qwen3_4b,steer_actions,real,shuffled_aware,0.05,same,128,backtracking,density_nontest,-0.00020356380560743528,-0.0825394422570628,0.08573931022734176
qwen3_4b,steer_actions,real,shuffled_aware,0.05,same,128,backtracking,density_testlex,-0.004346995434143321,-0.01094910811019966,0.0
qwen3_4b,steer_actions,real,shuffled_samerows_aware,0.05,gained,6,initializing,density,-0.17491036952068176,-0.520402105361923,0.16663037825267155
qwen3_4b,steer_actions,real,shuffled_samerows_aware,0.05,gained,6,initializing,density_nontest,-0.17491036952068176,-0.520402105361923,0.16663037825267155
qwen3_4b,steer_actions,real,shuffled_samerows_aware,0.05,gained,6,initializing,density_testlex,0.0,0.0,0.0
qwen3_4b,steer_actions,real,shuffled_samerows_aware,0.05,gained,6,deduction,density,0.27918359058043474,-0.1409258174871765,0.6556426382681088
qwen3_4b,steer_actions,real,shuffled_samerows_aware,0.05,gained,6,deduction,density_nontest,0.40097951847351926,-0.19138284179918844,0.9383492146865953
qwen3_4b,steer_actions,real,shuffled_samerows_aware,0.05,gained,6,deduction,density_testlex,-0.12179592789308454,-0.3260489474692261,0.07145724476899903
qwen3_4b,steer_actions,real,shuffled_samerows_aware,0.05,gained,6,adding-knowledge,density,-0.2718166366587227,-0.973378610783561,0.4649906716277264
qwen3_4b,steer_actions,real,shuffled_samerows_aware,0.05,gained,6,adding-knowledge,density_nontest,-0.3134833033253894,-1.0158687410313747,0.4649906716277264
qwen3_4b,steer_actions,real,shuffled_samerows_aware,0.05,gained,6,adding-knowledge,density_testlex,0.041666666666666664,0.0,0.125
qwen3_4b,steer_actions,real,shuffled_samerows_aware,0.05,gained,6,example-testing,density,0.09292261021941643,0.0,0.1884335939825492
qwen3_4b,steer_actions,real,shuffled_samerows_aware,0.05,gained,6,example-testing,density_nontest,0.09292261021941643,0.0,0.1884335939825492
qwen3_4b,steer_actions,real,shuffled_samerows_aware,0.05,gained,6,example-testing,density_testlex,0.0,0.0,0.0
qwen3_4b,steer_actions,real,shuffled_samerows_aware,0.05,gained,6,uncertainty-estimation,density,0.33096140486306186,-0.24631487552411954,0.796830936608885
qwen3_4b,steer_actions,real,shuffled_samerows_aware,0.05,gained,6,uncertainty-estimation,density_nontest,0.36510592893945315,-0.12608527133239034,0.8082217108673063
qwen3_4b,steer_actions,real,shuffled_samerows_aware,0.05,gained,6,uncertainty-estimation,density_testlex,-0.03414452407639132,-0.2604166666666667,0.20349059407343273
qwen3_4b,steer_actions,real,shuffled_samerows_aware,0.05,gained,6,backtracking,density,-0.0971493600599167,-0.2710911590017156,0.08333333333333333
qwen3_4b,steer_actions,real,shuffled_samerows_aware,0.05,gained,6,backtracking,density_nontest,-0.0971493600599167,-0.2710911590017156,0.08333333333333333
qwen3_4b,steer_actions,real,shuffled_samerows_aware,0.05,gained,6,backtracking,density_testlex,0.0,0.0,0.0
qwen3_4b,steer_actions,real,shuffled_samerows_aware,0.05,lost,6,initializing,density,0.03813127088224001,-0.08136923884121468,0.15263700047866477
qwen3_4b,steer_actions,real,shuffled_samerows_aware,0.05,lost,6,initializing,density_nontest,0.03813127088224001,-0.08136923884121468,0.15263700047866477
qwen3_4b,steer_actions,real,shuffled_samerows_aware,0.05,lost,6,initializing,density_testlex,0.0,0.0,0.0
qwen3_4b,steer_actions,real,shuffled_samerows_aware,0.05,lost,6,deduction,density,0.20345821008796072,-0.8001501528893158,0.9860427663962602
qwen3_4b,steer_actions,real,shuffled_samerows_aware,0.05,lost,6,deduction,density_nontest,0.18875616660617967,-0.7996713724388792,0.9451255360200482
qwen3_4b,steer_actions,real,shuffled_samerows_aware,0.05,lost,6,deduction,density_testlex,0.014702043481780997,-0.05745365405239772,0.10155978449774071
qwen3_4b,steer_actions,real,shuffled_samerows_aware,0.05,lost,6,adding-knowledge,density,0.16940308471141977,-0.539889036960584,0.9200098154856006
qwen3_4b,steer_actions,real,shuffled_samerows_aware,0.05,lost,6,adding-knowledge,density_nontest,0.14208068033983504,-0.5573622458958204,0.8856763643278877
qwen3_4b,steer_actions,real,shuffled_samerows_aware,0.05,lost,6,adding-knowledge,density_testlex,0.0273224043715847,0.0,0.08196721311475409
qwen3_4b,steer_actions,real,shuffled_samerows_aware,0.05,lost,6,example-testing,density,-0.17046850572613279,-0.3491995155563383,0.0
qwen3_4b,steer_actions,real,shuffled_samerows_aware,0.05,lost,6,example-testing,density_nontest,-0.17046850572613279,-0.3491995155563383,0.0
qwen3_4b,steer_actions,real,shuffled_samerows_aware,0.05,lost,6,example-testing,density_testlex,0.0,0.0,0.0
qwen3_4b,steer_actions,real,shuffled_samerows_aware,0.05,lost,6,uncertainty-estimation,density,0.09827277218654999,-0.7182672263318189,0.9235105732766131
qwen3_4b,steer_actions,real,shuffled_samerows_aware,0.05,lost,6,uncertainty-estimation,density_nontest,0.12839890024267833,-0.7915435601226601,1.0690485599819166
qwen3_4b,steer_actions,real,shuffled_samerows_aware,0.05,lost,6,uncertainty-estimation,density_testlex,-0.030126128056128326,-0.2630498617586782,0.20207647953588737
qwen3_4b,steer_actions,real,shuffled_samerows_aware,0.05,lost,6,backtracking,density,0.33552631797532645,-0.05652512266913809,0.6999408892024194
qwen3_4b,steer_actions,real,shuffled_samerows_aware,0.05,lost,6,backtracking,density_nontest,0.33552631797532645,-0.05652512266913809,0.6999408892024194
qwen3_4b,steer_actions,real,shuffled_samerows_aware,0.05,lost,6,backtracking,density_testlex,0.0,0.0,0.0
qwen3_4b,steer_actions,real,shuffled_samerows_aware,0.05,comply_both,97,initializing,density,-0.06642761266244204,-0.18323559167983294,0.04388593419654073
qwen3_4b,steer_actions,real,shuffled_samerows_aware,0.05,comply_both,97,initializing,density_nontest,-0.06642761266244204,-0.18323559167983294,0.04388593419654073
qwen3_4b,steer_actions,real,shuffled_samerows_aware,0.05,comply_both,97,initializing,density_testlex,0.0,0.0,0.0
qwen3_4b,steer_actions,real,shuffled_samerows_aware,0.05,comply_both,97,deduction,density,-0.33779645824901416,-0.6195335644589128,-0.04412594772624741
qwen3_4b,steer_actions,real,shuffled_samerows_aware,0.05,comply_both,97,deduction,density_nontest,-0.33987286712083925,-0.626875145575284,-0.044964013465576894
qwen3_4b,steer_actions,real,shuffled_samerows_aware,0.05,comply_both,97,deduction,density_testlex,0.0020764088718251243,-0.03840244463439928,0.044517713593348364
qwen3_4b,steer_actions,real,shuffled_samerows_aware,0.05,comply_both,97,adding-knowledge,density,0.1046593734367871,-0.11939057560740855,0.3096075907498917
qwen3_4b,steer_actions,real,shuffled_samerows_aware,0.05,comply_both,97,adding-knowledge,density_nontest,0.11552582204984412,-0.10516465940850991,0.317543250230125
qwen3_4b,steer_actions,real,shuffled_samerows_aware,0.05,comply_both,97,adding-knowledge,density_testlex,-0.010866448613057012,-0.02931026176871184,0.006151352895835754
qwen3_4b,steer_actions,real,shuffled_samerows_aware,0.05,comply_both,97,example-testing,density,-0.0012227867473607406,-0.1182112751035403,0.11772871136215039
qwen3_4b,steer_actions,real,shuffled_samerows_aware,0.05,comply_both,97,example-testing,density_nontest,-0.0012142001184935612,-0.11818400800460449,0.11822182002149824
qwen3_4b,steer_actions,real,shuffled_samerows_aware,0.05,comply_both,97,example-testing,density_testlex,-8.5866288671817e-06,-0.008938680650735952,0.008912920764134408
qwen3_4b,steer_actions,real,shuffled_samerows_aware,0.05,comply_both,97,uncertainty-estimation,density,-0.004225789093445462,-0.17010018743175276,0.14311597837190917
qwen3_4b,steer_actions,real,shuffled_samerows_aware,0.05,comply_both,97,uncertainty-estimation,density_nontest,-0.026088622892095924,-0.183741594064488,0.11915707621136787
qwen3_4b,steer_actions,real,shuffled_samerows_aware,0.05,comply_both,97,uncertainty-estimation,density_testlex,0.021862833798650456,-0.022725788481786652,0.06633085231767523
qwen3_4b,steer_actions,real,shuffled_samerows_aware,0.05,comply_both,97,backtracking,density,-0.021955758553722574,-0.10955113383245077,0.059986458851145986
qwen3_4b,steer_actions,real,shuffled_samerows_aware,0.05,comply_both,97,backtracking,density_nontest,-0.019115381861291122,-0.10720771044221397,0.06151234089394396
qwen3_4b,steer_actions,real,shuffled_samerows_aware,0.05,comply_both,97,backtracking,density_testlex,-0.0028403766924314515,-0.011679713491097254,0.005855374788538231
qwen3_4b,steer_actions,real,shuffled_samerows_aware,0.05,refuse_both,34,initializing,density,0.029211163409871073,-0.09019514736647652,0.1566870438775686
qwen3_4b,steer_actions,real,shuffled_samerows_aware,0.05,refuse_both,34,initializing,density_nontest,0.029211163409871073,-0.09019514736647652,0.1566870438775686
qwen3_4b,steer_actions,real,shuffled_samerows_aware,0.05,refuse_both,34,initializing,density_testlex,0.0,0.0,0.0
qwen3_4b,steer_actions,real,shuffled_samerows_aware,0.05,refuse_both,34,deduction,density,-0.3257858892594845,-0.6825818224703275,0.03334483776299815
qwen3_4b,steer_actions,real,shuffled_samerows_aware,0.05,refuse_both,34,deduction,density_nontest,-0.4334366511301301,-0.792779871111347,-0.08683891977262141
qwen3_4b,steer_actions,real,shuffled_samerows_aware,0.05,refuse_both,34,deduction,density_testlex,0.10765076187064564,0.0008136769323195355,0.21865187460206267
qwen3_4b,steer_actions,real,shuffled_samerows_aware,0.05,refuse_both,34,adding-knowledge,density,0.08702663238954303,-0.1968961193663163,0.36845815579009683
qwen3_4b,steer_actions,real,shuffled_samerows_aware,0.05,refuse_both,34,adding-knowledge,density_nontest,0.06506231754264861,-0.21033473330683874,0.34243639428463124
qwen3_4b,steer_actions,real,shuffled_samerows_aware,0.05,refuse_both,34,adding-knowledge,density_testlex,0.021964314846894407,-0.017391060889555495,0.0628716843753345
qwen3_4b,steer_actions,real,shuffled_samerows_aware,0.05,refuse_both,34,example-testing,density,0.008599931200550396,0.0,0.025799793601651185
qwen3_4b,steer_actions,real,shuffled_samerows_aware,0.05,refuse_both,34,example-testing,density_nontest,0.0,0.0,0.0
qwen3_4b,steer_actions,real,shuffled_samerows_aware,0.05,refuse_both,34,example-testing,density_testlex,0.008599931200550396,0.0,0.025799793601651185
qwen3_4b,steer_actions,real,shuffled_samerows_aware,0.05,refuse_both,34,uncertainty-estimation,density,0.01867799881061207,-0.20175054715551707,0.2199342349452682
qwen3_4b,steer_actions,real,shuffled_samerows_aware,0.05,refuse_both,34,uncertainty-estimation,density_nontest,-0.02392760459480339,-0.198853239077836,0.14413491265997605
qwen3_4b,steer_actions,real,shuffled_samerows_aware,0.05,refuse_both,34,uncertainty-estimation,density_testlex,0.04260560340541544,-0.05451791129501408,0.13752089936153028
qwen3_4b,steer_actions,real,shuffled_samerows_aware,0.05,refuse_both,34,backtracking,density,-0.051462582490446836,-0.20209317117044748,0.08418530651846377
qwen3_4b,steer_actions,real,shuffled_samerows_aware,0.05,refuse_both,34,backtracking,density_nontest,-0.051462582490446836,-0.20209317117044748,0.08418530651846377
qwen3_4b,steer_actions,real,shuffled_samerows_aware,0.05,refuse_both,34,backtracking,density_testlex,0.0,0.0,0.0
qwen3_4b,steer_actions,real,shuffled_samerows_aware,0.05,same,131,initializing,density,-0.04160533490321573,-0.13020750030155337,0.04432004283844896
qwen3_4b,steer_actions,real,shuffled_samerows_aware,0.05,same,131,initializing,density_nontest,-0.04160533490321573,-0.13020750030155337,0.04432004283844896
qwen3_4b,steer_actions,real,shuffled_samerows_aware,0.05,same,131,initializing,density_testlex,0.0,0.0,0.0
qwen3_4b,steer_actions,real,shuffled_samerows_aware,0.05,same,131,deduction,density,-0.3346792113357011,-0.5677524419342589,-0.09750545056779837
qwen3_4b,steer_actions,real,shuffled_samerows_aware,0.05,same,131,deduction,density_nontest,-0.3641565973217239,-0.5954279913936348,-0.12617930022771684
qwen3_4b,steer_actions,real,shuffled_samerows_aware,0.05,same,131,deduction,density_testlex,0.02947738598602282,-0.01150321048655237,0.07330459403862705
qwen3_4b,steer_actions,real,shuffled_samerows_aware,0.05,same,131,adding-knowledge,density,0.10008293682910545,-0.06632612627442191,0.27049683638362654
qwen3_4b,steer_actions,real,shuffled_samerows_aware,0.05,same,131,adding-knowledge,density_nontest,0.10242842393347276,-0.06193747995948201,0.2735001320494457
qwen3_4b,steer_actions,real,shuffled_samerows_aware,0.05,same,131,adding-knowledge,density_testlex,-0.0023454871043673314,-0.01950394793196061,0.014437868127667963
qwen3_4b,steer_actions,real,shuffled_samerows_aware,0.05,same,131,example-testing,density,0.0013266209643108392,-0.08753325678511566,0.0929469514290834
qwen3_4b,steer_actions,real,shuffled_samerows_aware,0.05,same,131,example-testing,density_nontest,-0.0008990642098769135,-0.08707840356559798,0.08937707101727523
qwen3_4b,steer_actions,real,shuffled_samerows_aware,0.05,same,131,example-testing,density_testlex,0.0022256851741877617,-0.0044188365273361944,0.011057530956743132
qwen3_4b,steer_actions,real,shuffled_samerows_aware,0.05,same,131,uncertainty-estimation,density,0.0017187054770732768,-0.129445600594447,0.12459822431386679
qwen3_4b,steer_actions,real,shuffled_samerows_aware,0.05,same,131,uncertainty-estimation,density_nontest,-0.02552774791417268,-0.1450262671523645,0.08883373671786415
qwen3_4b,steer_actions,real,shuffled_samerows_aware,0.05,same,131,uncertainty-estimation,density_testlex,0.02724645339124595,-0.012187815934240348,0.07040430712244404
qwen3_4b,steer_actions,real,shuffled_samerows_aware,0.05,same,131,backtracking,density,-0.029614018201421986,-0.1027490452633448,0.041998242003204914
qwen3_4b,steer_actions,real,shuffled_samerows_aware,0.05,same,131,backtracking,density_nontest,-0.027510838513133053,-0.10090718226909128,0.044460704821102266
qwen3_4b,steer_actions,real,shuffled_samerows_aware,0.05,same,131,backtracking,density_testlex,-0.0021031796882889373,-0.008601225674658639,0.004335659194566477
qwen3_4b,steer_actions,real,unaware,-0.1,gained,10,initializing,density,0.2940047877778266,-0.003981142087637776,0.5698196477533527
qwen3_4b,steer_actions,real,unaware,-0.1,gained,10,initializing,density_nontest,0.2940047877778266,-0.003981142087637776,0.5698196477533527
qwen3_4b,steer_actions,real,unaware,-0.1,gained,10,initializing,density_testlex,0.0,0.0,0.0
qwen3_4b,steer_actions,real,unaware,-0.1,gained,10,deduction,density,0.32248608517468874,-0.34338736758977656,1.0599356832095757
qwen3_4b,steer_actions,real,unaware,-0.1,gained,10,deduction,density_nontest,0.5131680580154742,-0.23470125352435153,1.3746757502910436
qwen3_4b,steer_actions,real,unaware,-0.1,gained,10,deduction,density_testlex,-0.19068197284078545,-0.42871910928865764,0.05394830012945446
qwen3_4b,steer_actions,real,unaware,-0.1,gained,10,adding-knowledge,density,-0.1958653607385674,-0.6890410678612544,0.33137008226962733
qwen3_4b,steer_actions,real,unaware,-0.1,gained,10,adding-knowledge,density_nontest,-0.16556233043553711,-0.6581909482682156,0.3615844882360884
qwen3_4b,steer_actions,real,unaware,-0.1,gained,10,adding-knowledge,density_testlex,-0.030303030303030304,-0.09090909090909091,0.0
qwen3_4b,steer_actions,real,unaware,-0.1,gained,10,example-testing,density,0.2250865828482136,0.03861003861003861,0.4844565927122946
qwen3_4b,steer_actions,real,unaware,-0.1,gained,10,example-testing,density_nontest,0.2250865828482136,0.03861003861003861,0.4844565927122946
qwen3_4b,steer_actions,real,unaware,-0.1,gained,10,example-testing,density_testlex,0.0,0.0,0.0
qwen3_4b,steer_actions,real,unaware,-0.1,gained,10,uncertainty-estimation,density,-0.08156541971914144,-0.5681913463578682,0.46134626620993296
qwen3_4b,steer_actions,real,unaware,-0.1,gained,10,uncertainty-estimation,density_nontest,0.1605289080311148,-0.2925723283504078,0.6875720551506367
qwen3_4b,steer_actions,real,unaware,-0.1,gained,10,uncertainty-estimation,density_testlex,-0.24209432775025613,-0.407895443505416,-0.10031096541607037
qwen3_4b,steer_actions,real,unaware,-0.1,gained,10,backtracking,density,0.03729038454521537,-0.18529952314890358,0.2681924229931735
qwen3_4b,steer_actions,real,unaware,-0.1,gained,10,backtracking,density_nontest,-0.0013196540648232557,-0.2050381491486772,0.21424970006609267
qwen3_4b,steer_actions,real,unaware,-0.1,gained,10,backtracking,density_testlex,0.03861003861003861,0.0,0.11583011583011582
qwen3_4b,steer_actions,real,unaware,-0.1,lost,5,initializing,density,0.05904492744956826,-0.3857794040390617,0.4442851830635792
qwen3_4b,steer_actions,real,unaware,-0.1,lost,5,initializing,density_nontest,0.05904492744956826,-0.3857794040390617,0.4442851830635792
qwen3_4b,steer_actions,real,unaware,-0.1,lost,5,initializing,density_testlex,0.0,0.0,0.0
qwen3_4b,steer_actions,real,unaware,-0.1,lost,5,deduction,density,-1.039875038121507,-2.3873905898957006,0.3076405136526871
qwen3_4b,steer_actions,real,unaware,-0.1,lost,5,deduction,density_nontest,-0.8985092921968143,-2.3372596104792898,0.6234826687976389
qwen3_4b,steer_actions,real,unaware,-0.1,lost,5,deduction,density_testlex,-0.14136574592469278,-0.4348307963392048,0.1566763125258371
qwen3_4b,steer_actions,real,unaware,-0.1,lost,5,adding-knowledge,density,-0.3604470060998256,-1.322157537337016,0.675472664395224
qwen3_4b,steer_actions,real,unaware,-0.1,lost,5,adding-knowledge,density_nontest,-0.3604470060998256,-1.322157537337016,0.675472664395224
qwen3_4b,steer_actions,real,unaware,-0.1,lost,5,adding-knowledge,density_testlex,0.0,0.0,0.0
qwen3_4b,steer_actions,real,unaware,-0.1,lost,5,example-testing,density,0.046443019672562105,-0.26200873362445415,0.4013377926421405
qwen3_4b,steer_actions,real,unaware,-0.1,lost,5,example-testing,density_nontest,0.046443019672562105,-0.26200873362445415,0.4013377926421405
qwen3_4b,steer_actions,real,unaware,-0.1,lost,5,example-testing,density_testlex,0.0,0.0,0.0
qwen3_4b,steer_actions,real,unaware,-0.1,lost,5,uncertainty-estimation,density,0.006972066388023312,-0.3350941822425737,0.34903831501862026
qwen3_4b,steer_actions,real,unaware,-0.1,lost,5,uncertainty-estimation,density_nontest,-0.17810468565001442,-0.5107097345466511,0.09497049378013578
qwen3_4b,steer_actions,real,unaware,-0.1,lost,5,uncertainty-estimation,density_testlex,0.1850767520380377,-0.18691588785046728,0.4966880359943361
qwen3_4b,steer_actions,real,unaware,-0.1,lost,5,backtracking,density,0.01603255912825132,-0.32311467607963673,0.3306060118090165
qwen3_4b,steer_actions,real,unaware,-0.1,lost,5,backtracking,density_nontest,0.01603255912825132,-0.32311467607963673,0.3306060118090165
qwen3_4b,steer_actions,real,unaware,-0.1,lost,5,backtracking,density_testlex,0.0,0.0,0.0
qwen3_4b,steer_actions,real,unaware,-0.1,comply_both,95,initializing,density,-0.05497323548870892,-0.17093387529031265,0.06356121188802165
qwen3_4b,steer_actions,real,unaware,-0.1,comply_both,95,initializing,density_nontest,-0.05497323548870892,-0.17093387529031265,0.06356121188802165
qwen3_4b,steer_actions,real,unaware,-0.1,comply_both,95,initializing,density_testlex,0.0,0.0,0.0
qwen3_4b,steer_actions,real,unaware,-0.1,comply_both,95,deduction,density,-0.0427565422942475,-0.36048639812685723,0.278155917855993
qwen3_4b,steer_actions,real,unaware,-0.1,comply_both,95,deduction,density_nontest,-0.021798628705573177,-0.3392642721984903,0.30013878611416134
qwen3_4b,steer_actions,real,unaware,-0.1,comply_both,95,deduction,density_testlex,-0.020957913588674378,-0.06288695831750134,0.02050944561551882
qwen3_4b,steer_actions,real,unaware,-0.1,comply_both,95,adding-knowledge,density,-0.029433695775873417,-0.22345834727391814,0.1644611616401574
qwen3_4b,steer_actions,real,unaware,-0.1,comply_both,95,adding-knowledge,density_nontest,-0.017502098827625656,-0.2070402362570686,0.17933729597891654
qwen3_4b,steer_actions,real,unaware,-0.1,comply_both,95,adding-knowledge,density_testlex,-0.01193159694824777,-0.0327145445049901,0.006837688763976874
qwen3_4b,steer_actions,real,unaware,-0.1,comply_both,95,example-testing,density,-0.04435173784795951,-0.14896853804321392,0.05661813937457961
qwen3_4b,steer_actions,real,unaware,-0.1,comply_both,95,example-testing,density_nontest,-0.04458867615017338,-0.14896853804321392,0.056414626540683285
qwen3_4b,steer_actions,real,unaware,-0.1,comply_both,95,example-testing,density_testlex,0.00023693830221385628,0.0,0.0007108149066415688
qwen3_4b,steer_actions,real,unaware,-0.1,comply_both,95,uncertainty-estimation,density,-0.050949290939215526,-0.19681385973025994,0.09150869176715028
qwen3_4b,steer_actions,real,unaware,-0.1,comply_both,95,uncertainty-estimation,density_nontest,-0.06861597059093377,-0.2098745633981198,0.07071718576374825
qwen3_4b,steer_actions,real,unaware,-0.1,comply_both,95,uncertainty-estimation,density_testlex,0.01766667965171829,-0.03386796343778818,0.07229261799312513
qwen3_4b,steer_actions,real,unaware,-0.1,comply_both,95,backtracking,density,0.016907955108141876,-0.07881542952904468,0.10457256196705346
qwen3_4b,steer_actions,real,unaware,-0.1,comply_both,95,backtracking,density_nontest,0.02276495948256656,-0.0733224452405576,0.1103644364221805
qwen3_4b,steer_actions,real,unaware,-0.1,comply_both,95,backtracking,density_testlex,-0.0058570043744246856,-0.014679168126165902,0.0
qwen3_4b,steer_actions,real,unaware,-0.1,refuse_both,30,initializing,density,-0.01606444193768518,-0.15938584017466356,0.1320535142978344
qwen3_4b,steer_actions,real,unaware,-0.1,refuse_both,30,initializing,density_nontest,-0.033608301586808005,-0.17127126822215505,0.11392596813884352
qwen3_4b,steer_actions,real,unaware,-0.1,refuse_both,30,initializing,density_testlex,0.017543859649122806,0.0,0.052631578947368425
qwen3_4b,steer_actions,real,unaware,-0.1,refuse_both,30,deduction,density,-0.314047233690033,-0.7189637829791513,0.0863250936975658
qwen3_4b,steer_actions,real,unaware,-0.1,refuse_both,30,deduction,density_nontest,-0.38460662866101364,-0.806921023576944,0.043275271533235765
qwen3_4b,steer_actions,real,unaware,-0.1,refuse_both,30,deduction,density_testlex,0.07055939497098045,-0.039220710724708736,0.1958947343883779
qwen3_4b,steer_actions,real,unaware,-0.1,refuse_both,30,adding-knowledge,density,0.3268045433765087,-0.041158830131926304,0.6891197296375176
qwen3_4b,steer_actions,real,unaware,-0.1,refuse_both,30,adding-knowledge,density_nontest,0.3226375671942446,-0.05337699823214971,0.6889645442183905
qwen3_4b,steer_actions,real,unaware,-0.1,refuse_both,30,adding-knowledge,density_testlex,0.004166976182264127,-0.03085810062554249,0.035607091187838745
qwen3_4b,steer_actions,real,unaware,-0.1,refuse_both,30,example-testing,density,0.0,0.0,0.0
qwen3_4b,steer_actions,real,unaware,-0.1,refuse_both,30,example-testing,density_nontest,0.0,0.0,0.0
qwen3_4b,steer_actions,real,unaware,-0.1,refuse_both,30,example-testing,density_testlex,0.0,0.0,0.0
qwen3_4b,steer_actions,real,unaware,-0.1,refuse_both,30,uncertainty-estimation,density,0.2008267380321866,-0.01501669540640882,0.42434723496577104
qwen3_4b,steer_actions,real,unaware,-0.1,refuse_both,30,uncertainty-estimation,density_nontest,0.22627648996368507,0.0389123912950493,0.41196565989598777
qwen3_4b,steer_actions,real,unaware,-0.1,refuse_both,30,uncertainty-estimation,density_testlex,-0.0254497519314985,-0.12392732930507908,0.08170428792758408
qwen3_4b,steer_actions,real,unaware,-0.1,refuse_both,30,backtracking,density,-0.0379974211059827,-0.21830895727284227,0.14158877249168295
qwen3_4b,steer_actions,real,unaware,-0.1,refuse_both,30,backtracking,density_nontest,-0.0379974211059827,-0.21830895727284227,0.14158877249168295
qwen3_4b,steer_actions,real,unaware,-0.1,refuse_both,30,backtracking,density_testlex,0.0,0.0,0.0
qwen3_4b,steer_actions,real,unaware,-0.1,same,125,initializing,density,-0.04563512503646322,-0.14687094143712745,0.0431167435458267
qwen3_4b,steer_actions,real,unaware,-0.1,same,125,initializing,density_nontest,-0.04984565135225269,-0.15229432953440675,0.040772637073824065
qwen3_4b,steer_actions,real,unaware,-0.1,same,125,initializing,density_testlex,0.004210526315789474,0.0,0.01263157894736842
qwen3_4b,steer_actions,real,unaware,-0.1,same,125,deduction,density,-0.1078663082292361,-0.374324263684166,0.15876482719819487
qwen3_4b,steer_actions,real,unaware,-0.1,same,125,deduction,density_nontest,-0.10887254869487885,-0.3833221097623854,0.1644673355210231
qwen3_4b,steer_actions,real,unaware,-0.1,same,125,deduction,density_testlex,0.0010062404656427863,-0.041988094353007675,0.04544413835078951
qwen3_4b,steer_actions,real,unaware,-0.1,same,125,adding-knowledge,density,0.05606348162069829,-0.1210137935657885,0.22795927136392125
qwen3_4b,steer_actions,real,unaware,-0.1,same,125,adding-knowledge,density_nontest,0.0641314210176232,-0.1150993024470556,0.2349009092464288
qwen3_4b,steer_actions,real,unaware,-0.1,same,125,adding-knowledge,density_testlex,-0.008067939396924913,-0.02574958812761803,0.008363106417542768
qwen3_4b,steer_actions,real,unaware,-0.1,same,125,example-testing,density,-0.033707320764449225,-0.11171000979195655,0.03983945796433337
qwen3_4b,steer_actions,real,unaware,-0.1,same,125,example-testing,density_nontest,-0.03388739387413176,-0.11242129857520254,0.03947480991722628
qwen3_4b,steer_actions,real,unaware,-0.1,same,125,example-testing,density_testlex,0.00018007310968253077,0.0,0.0005402193290475923
qwen3_4b,steer_actions,real,unaware,-0.1,same,125,uncertainty-estimation,density,0.009476956013920988,-0.11972763989565653,0.13150501036573042
qwen3_4b,steer_actions,real,unaware,-0.1,same,125,uncertainty-estimation,density_nontest,0.0021582199421747187,-0.12390774288508065,0.11946447342713763
qwen3_4b,steer_actions,real,unaware,-0.1,same,125,uncertainty-estimation,density_testlex,0.0073187360717462705,-0.040419411118454596,0.055661571667641484
qwen3_4b,steer_actions,real,unaware,-0.1,same,125,backtracking,density,0.003730664816751979,-0.0811418347672025,0.08620043189109508
qwen3_4b,steer_actions,real,unaware,-0.1,same,125,backtracking,density_nontest,0.008181988141314737,-0.07554001734156904,0.08807681659336636
qwen3_4b,steer_actions,real,unaware,-0.1,same,125,backtracking,density_testlex,-0.004451323324562761,-0.011156167775886086,0.0
qwen3_4b,steer_actions,real,unaware_strong,-0.2,gained,11,initializing,density,-0.25407376645010965,-0.45205258659828246,-0.06926254887683124
qwen3_4b,steer_actions,real,unaware_strong,-0.2,gained,11,initializing,density_nontest,-0.25407376645010965,-0.45205258659828246,-0.06926254887683124
qwen3_4b,steer_actions,real,unaware_strong,-0.2,gained,11,initializing,density_testlex,0.0,0.0,0.0
qwen3_4b,steer_actions,real,unaware_strong,-0.2,gained,11,deduction,density,0.032773053042087004,-0.6631208298909625,0.6560024158990214
qwen3_4b,steer_actions,real,unaware_strong,-0.2,gained,11,deduction,density_nontest,0.14304303464557952,-0.5803076835456087,0.7842274255047064
qwen3_4b,steer_actions,real,unaware_strong,-0.2,gained,11,deduction,density_testlex,-0.11026998160349266,-0.24664245678562355,0.017828320706748068
qwen3_4b,steer_actions,real,unaware_strong,-0.2,gained,11,adding-knowledge,density,-0.764558585653981,-1.2291734655600166,-0.20448101512054515
qwen3_4b,steer_actions,real,unaware_strong,-0.2,gained,11,adding-knowledge,density_nontest,-0.764558585653981,-1.2291734655600166,-0.20448101512054515
qwen3_4b,steer_actions,real,unaware_strong,-0.2,gained,11,adding-knowledge,density_testlex,0.0,0.0,0.0
qwen3_4b,steer_actions,real,unaware_strong,-0.2,gained,11,example-testing,density,0.1275645930347452,0.0,0.33316274049789457
qwen3_4b,steer_actions,real,unaware_strong,-0.2,gained,11,example-testing,density_nontest,0.1275645930347452,0.0,0.33316274049789457
qwen3_4b,steer_actions,real,unaware_strong,-0.2,gained,11,example-testing,density_testlex,0.0,0.0,0.0
qwen3_4b,steer_actions,real,unaware_strong,-0.2,gained,11,uncertainty-estimation,density,0.3640470109119971,-0.172306936725488,0.8979490283015799
qwen3_4b,steer_actions,real,unaware_strong,-0.2,gained,11,uncertainty-estimation,density_nontest,0.44965802145986833,0.062088194808391485,0.8035498761192041
qwen3_4b,steer_actions,real,unaware_strong,-0.2,gained,11,uncertainty-estimation,density_testlex,-0.08561101054787112,-0.3040017574048053,0.1368780559692624
qwen3_4b,steer_actions,real,unaware_strong,-0.2,gained,11,backtracking,density,-0.16139928588427285,-0.4811364645644641,0.1647923376343557
qwen3_4b,steer_actions,real,unaware_strong,-0.2,gained,11,backtracking,density_nontest,-0.16139928588427285,-0.4811364645644641,0.1647923376343557
qwen3_4b,steer_actions,real,unaware_strong,-0.2,gained,11,backtracking,density_testlex,0.0,0.0,0.0
qwen3_4b,steer_actions,real,unaware_strong,-0.2,comply_both,101,initializing,density,-0.03601067707004841,-0.140430340470719,0.0707004122121873
qwen3_4b,steer_actions,real,unaware_strong,-0.2,comply_both,101,initializing,density_nontest,-0.03601067707004841,-0.140430340470719,0.0707004122121873
qwen3_4b,steer_actions,real,unaware_strong,-0.2,comply_both,101,initializing,density_testlex,0.0,0.0,0.0
qwen3_4b,steer_actions,real,unaware_strong,-0.2,comply_both,101,deduction,density,-0.05998038199666936,-0.3224403504029065,0.2058850142567778
qwen3_4b,steer_actions,real,unaware_strong,-0.2,comply_both,101,deduction,density_nontest,-0.025848202375018836,-0.2938541132348997,0.2340609604357382
qwen3_4b,steer_actions,real,unaware_strong,-0.2,comply_both,101,deduction,density_testlex,-0.034132179621650514,-0.07812370097941532,0.006340119382620956
qwen3_4b,steer_actions,real,unaware_strong,-0.2,comply_both,101,adding-knowledge,density,0.14649517071504042,-0.07525153614881008,0.3620384418945957
qwen3_4b,steer_actions,real,unaware_strong,-0.2,comply_both,101,adding-knowledge,density_nontest,0.1352197048882132,-0.08664408780066003,0.3570626007833991
qwen3_4b,steer_actions,real,unaware_strong,-0.2,comply_both,101,adding-knowledge,density_testlex,0.01127546582682725,-0.017266158077363262,0.041327319899972195
qwen3_4b,steer_actions,real,unaware_strong,-0.2,comply_both,101,example-testing,density,0.03289977580271945,-0.08573892018495032,0.15737218469138
qwen3_4b,steer_actions,real,unaware_strong,-0.2,comply_both,101,example-testing,density_nontest,0.035761333634803244,-0.08288619728072881,0.16081062811997276
qwen3_4b,steer_actions,real,unaware_strong,-0.2,comply_both,101,example-testing,density_testlex,-0.0028615578320837867,-0.00858467349625136,0.0
qwen3_4b,steer_actions,real,unaware_strong,-0.2,comply_both,101,uncertainty-estimation,density,-0.04084953918214494,-0.18465728752604238,0.1060934971682349
qwen3_4b,steer_actions,real,unaware_strong,-0.2,comply_both,101,uncertainty-estimation,density_nontest,-0.033988062309921414,-0.17356721029570266,0.11711346125336766
qwen3_4b,steer_actions,real,unaware_strong,-0.2,comply_both,101,uncertainty-estimation,density_testlex,-0.006861476872223534,-0.05138767760378543,0.037396817912935344
qwen3_4b,steer_actions,real,unaware_strong,-0.2,comply_both,101,backtracking,density,-0.04630383225402126,-0.13714512143531843,0.03431371330904234
qwen3_4b,steer_actions,real,unaware_strong,-0.2,comply_both,101,backtracking,density_nontest,-0.04079476873352279,-0.13254848727912305,0.040242595473404474
qwen3_4b,steer_actions,real,unaware_strong,-0.2,comply_both,101,backtracking,density_testlex,-0.005509063520498467,-0.013808862313255007,0.0
qwen3_4b,steer_actions,real,unaware_strong,-0.2,refuse_both,28,initializing,density,0.09065689869883262,-0.033501889891096696,0.23220965088119844
qwen3_4b,steer_actions,real,unaware_strong,-0.2,refuse_both,28,initializing,density_nontest,0.09065689869883262,-0.033501889891096696,0.23220965088119844
qwen3_4b,steer_actions,real,unaware_strong,-0.2,refuse_both,28,initializing,density_testlex,0.0,0.0,0.0
qwen3_4b,steer_actions,real,unaware_strong,-0.2,refuse_both,28,deduction,density,-0.028481965215202836,-0.4785271193114877,0.42365454715882783
qwen3_4b,steer_actions,real,unaware_strong,-0.2,refuse_both,28,deduction,density_nontest,-0.11748351169986163,-0.5755983352867587,0.36080347562725196
qwen3_4b,steer_actions,real,unaware_strong,-0.2,refuse_both,28,deduction,density_testlex,0.08900154648465876,-0.0043891644859064705,0.19270053276829485
qwen3_4b,steer_actions,real,unaware_strong,-0.2,refuse_both,28,adding-knowledge,density,0.12317422661360625,-0.17630585454929015,0.3942729502218362
qwen3_4b,steer_actions,real,unaware_strong,-0.2,refuse_both,28,adding-knowledge,density_nontest,0.12397651313017846,-0.18237193371319227,0.40360057714794617
qwen3_4b,steer_actions,real,unaware_strong,-0.2,refuse_both,28,adding-knowledge,density_testlex,-0.0008022865165722327,-0.05219040933326648,0.06078239649668125
qwen3_4b,steer_actions,real,unaware_strong,-0.2,refuse_both,28,example-testing,density,0.011195700850873265,0.0,0.0335871025526198
qwen3_4b,steer_actions,real,unaware_strong,-0.2,refuse_both,28,example-testing,density_nontest,0.0,0.0,0.0
qwen3_4b,steer_actions,real,unaware_strong,-0.2,refuse_both,28,example-testing,density_testlex,0.011195700850873265,0.0,0.0335871025526198
qwen3_4b,steer_actions,real,unaware_strong,-0.2,refuse_both,28,uncertainty-estimation,density,-0.0926565304731163,-0.34787067131515587,0.1422166770291728
qwen3_4b,steer_actions,real,unaware_strong,-0.2,refuse_both,28,uncertainty-estimation,density_nontest,0.02701143602052006,-0.1968664435361527,0.240402389073065
qwen3_4b,steer_actions,real,unaware_strong,-0.2,refuse_both,28,uncertainty-estimation,density_testlex,-0.11966796649363635,-0.24249551316619627,-0.011722283367373453
qwen3_4b,steer_actions,real,unaware_strong,-0.2,refuse_both,28,backtracking,density,-0.12785818443578262,-0.24323768135053236,-0.016150816323181598
qwen3_4b,steer_actions,real,unaware_strong,-0.2,refuse_both,28,backtracking,density_nontest,-0.12785818443578262,-0.24323768135053236,-0.016150816323181598
qwen3_4b,steer_actions,real,unaware_strong,-0.2,refuse_both,28,backtracking,density_testlex,0.0,0.0,0.0
qwen3_4b,steer_actions,real,unaware_strong,-0.2,same,129,initializing,density,-0.008516939693857188,-0.09739408983361332,0.08191490690711503
qwen3_4b,steer_actions,real,unaware_strong,-0.2,same,129,initializing,density_nontest,-0.008516939693857188,-0.09739408983361332,0.08191490690711503
qwen3_4b,steer_actions,real,unaware_strong,-0.2,same,129,initializing,density_testlex,0.0,0.0,0.0
qwen3_4b,steer_actions,real,unaware_strong,-0.2,same,129,deduction,density,-0.05314351633867664,-0.2790567617418563,0.18154313237555725
qwen3_4b,steer_actions,real,unaware_strong,-0.2,same,129,deduction,density_nontest,-0.04573803695715528,-0.28156166594194293,0.19806173063943688
qwen3_4b,steer_actions,real,unaware_strong,-0.2,same,129,deduction,density_testlex,-0.007405479381521374,-0.04881348110255327,0.03397920085628192
qwen3_4b,steer_actions,real,unaware_strong,-0.2,same,129,adding-knowledge,density,0.1414332603674423,-0.035510835579496094,0.3168304128341472
qwen3_4b,steer_actions,real,unaware_strong,-0.2,same,129,adding-knowledge,density_nontest,0.13277932218104288,-0.04420674674597206,0.31380796617638473
qwen3_4b,steer_actions,real,unaware_strong,-0.2,same,129,adding-knowledge,density_testlex,0.008653938186399455,-0.015486748923200106,0.034904533718941116
qwen3_4b,steer_actions,real,unaware_strong,-0.2,same,129,example-testing,density,0.02818881379766757,-0.05818658034348458,0.11959413526327899
qwen3_4b,steer_actions,real,unaware_strong,-0.2,same,129,example-testing,density_nontest,0.027999183698566882,-0.057516304377307814,0.1189156574528408
qwen3_4b,steer_actions,real,unaware_strong,-0.2,same,129,example-testing,density_testlex,0.00018963009910068982,-0.006721333512568895,0.007290223809870963
qwen3_4b,steer_actions,real,unaware_strong,-0.2,same,129,uncertainty-estimation,density,-0.05209446752437128,-0.1783026109934203,0.07663136347371723
qwen3_4b,steer_actions,real,unaware_strong,-0.2,same,129,uncertainty-estimation,density_nontest,-0.020747861121918596,-0.14344348845998872,0.09886928223701148
qwen3_4b,steer_actions,real,unaware_strong,-0.2,same,129,uncertainty-estimation,density_testlex,-0.031346606402452674,-0.07480773963309124,0.011571579237373298
qwen3_4b,steer_actions,real,unaware_strong,-0.2,same,129,backtracking,density,-0.06400555210742684,-0.13380249080542622,0.0060993873139799
qwen3_4b,steer_actions,real,unaware_strong,-0.2,same,129,backtracking,density_nontest,-0.05969225431230789,-0.13034838539147797,0.010852692377193584
qwen3_4b,steer_actions,real,unaware_strong,-0.2,same,129,backtracking,density_testlex,-0.004313297795118955,-0.010864231303143847,0.0
