model,family,framing,arm,signed_alpha,n_pairs,metric,behaviour,base_mean,arm_mean,delta,ci_lo,ci_hi,p_paired_t,p_wilcoxon
qwen3_4b,steer_actions,fake,aware,0.05,149,density,initializing,0.6555156727806019,0.6078584893135098,-0.0476571834670921,-0.14035067289509234,0.046261124587148456,0.3283731184596023,0.3575365932761235
qwen3_4b,steer_actions,fake,aware,0.05,149,density,deduction,3.8434546154919462,3.9872295221162117,0.14377490662426617,-0.10788324795625753,0.3800150999162483,0.2545475915933528,0.4802358132197021
qwen3_4b,steer_actions,fake,aware,0.05,149,density,adding-knowledge,1.7057856412103216,1.6013081584336593,-0.10447748277666233,-0.2894595107268686,0.08703995663512676,0.2995312619401926,0.19631113168530379
qwen3_4b,steer_actions,fake,aware,0.05,149,density,example-testing,0.31224159286841713,0.2689121793093387,-0.04332941355907843,-0.1230439556564006,0.0383296295602136,0.28774899211615146,0.45939606665674604
qwen3_4b,steer_actions,fake,aware,0.05,149,density,uncertainty-estimation,0.6064632283561479,0.6158776288006426,0.009414400444494798,-0.12569008810518884,0.14826779229359288,0.8952772818806811,0.7499749309109154
qwen3_4b,steer_actions,fake,aware,0.05,149,density,backtracking,0.27885655324822356,0.3387738720305554,0.059917318782331815,-0.01539064426748365,0.13521176359272044,0.1303929479946128,0.41862822909336195
qwen3_4b,steer_actions,fake,aware,0.05,149,coverage,initializing,0.11856491824365388,0.10735219993925589,-0.011212718304397984,-0.02324054288610036,0.0008762558706583313,0.07649912097989878,0.21345147795407038
qwen3_4b,steer_actions,fake,aware,0.05,149,coverage,deduction,0.47543687958404696,0.4940218815455547,0.018585001961507763,-0.009167913812543846,0.04627054602896757,0.2031438920653527,0.20655984734941313
qwen3_4b,steer_actions,fake,aware,0.05,149,coverage,adding-knowledge,0.23276136044242732,0.22576199251127715,-0.00699936793115013,-0.03271906706920711,0.019184167691546107,0.5922333672937262,0.5376336944637383
qwen3_4b,steer_actions,fake,aware,0.05,149,coverage,example-testing,0.048402524728624455,0.03643485808093605,-0.011967666647688396,-0.02472891755665765,0.0008976269457549074,0.06341722245849751,0.16746736497727266
qwen3_4b,steer_actions,fake,aware,0.05,149,coverage,uncertainty-estimation,0.07994356445142115,0.08310297591086066,0.0031594114594395125,-0.01670040030903324,0.022902669219832594,0.7564172504217574,0.8491116735370731
qwen3_4b,steer_actions,fake,aware,0.05,149,coverage,backtracking,0.04489075254982626,0.053326092012115515,0.008435339462289249,-0.004965761692619736,0.02177293308474858,0.23343628268655947,0.6732891679685808
qwen3_4b,steer_actions,fake,aware,0.05,149,any,initializing,1.0,1.0,0.0,0.0,0.0,,
qwen3_4b,steer_actions,fake,aware,0.05,149,any,deduction,1.0,1.0,0.0,0.0,0.0,,
qwen3_4b,steer_actions,fake,aware,0.05,149,any,adding-knowledge,0.9798657718120806,0.9731543624161074,-0.006711409395973154,-0.040268456375838924,0.020134228187919462,0.6562419878969388,1.0
qwen3_4b,steer_actions,fake,aware,0.05,149,any,example-testing,0.436241610738255,0.436241610738255,0.0,-0.10067114093959731,0.10067114093959731,1.0,1.0
qwen3_4b,steer_actions,fake,aware,0.05,149,any,uncertainty-estimation,0.6711409395973155,0.6912751677852349,0.020134228187919462,-0.08053691275167785,0.11409395973154363,0.6817176713910635,0.6802795473344503
qwen3_4b,steer_actions,fake,aware,0.05,149,any,backtracking,0.5637583892617449,0.5771812080536913,0.013422818791946308,-0.09395973154362416,0.11409395973154363,0.8092945186357839,0.8083651559145103
qwen3_4b,steer_actions,fake,aware,0.05,149,density_testlex,initializing,0.004428353302235407,0.007181046818506436,0.0027526935162710295,-1.1786878618841574e-05,0.007664956751090106,0.21881413594841898,
qwen3_4b,steer_actions,fake,aware,0.05,149,density_testlex,deduction,0.1314254104559466,0.14536113223341315,0.013935721777466568,-0.03208719726372375,0.055462681281616216,0.5317399365737607,0.26084264156930415
qwen3_4b,steer_actions,fake,aware,0.05,149,density_testlex,adding-knowledge,0.015523357859370266,0.015280810117655504,-0.00024254774171476133,-0.01823586706221428,0.020785194638346178,0.9804296542433756,1.0
qwen3_4b,steer_actions,fake,aware,0.05,149,density_testlex,example-testing,0.0035794183445190158,0.004112544546035579,0.0005331262015165634,-0.004136868742435912,0.0057362473469856025,0.8219607020726388,
qwen3_4b,steer_actions,fake,aware,0.05,149,density_testlex,uncertainty-estimation,0.061559992636428106,0.07305352752639732,0.011493534889969225,-0.02123144780551232,0.044595683747544794,0.4977350389715292,0.49630124474189474
qwen3_4b,steer_actions,fake,aware,0.05,149,density_testlex,backtracking,0.004066969719375313,0.002787637022322369,-0.0012793326970529447,-0.00506893957143802,0.0017615247758459723,0.4698028554054254,
qwen3_4b,steer_actions,fake,aware,0.05,149,density_nontest,initializing,0.6510873194783665,0.6006774424950034,-0.050409876983363126,-0.143315158599253,0.043709443631721794,0.3011403191008078,0.3164916560039511
qwen3_4b,steer_actions,fake,aware,0.05,149,density_nontest,deduction,3.7120292050359995,3.8418683898827988,0.12983918484679965,-0.12008468756596459,0.3592285621286865,0.2924714138840882,0.5373311515397878
qwen3_4b,steer_actions,fake,aware,0.05,149,density_nontest,adding-knowledge,1.6902622833509513,1.586027348316004,-0.10423493503494756,-0.29409030690645754,0.08757347934126447,0.2995250295699684,0.22930071298904964
qwen3_4b,steer_actions,fake,aware,0.05,149,density_nontest,example-testing,0.3086621745238981,0.2647996347633031,-0.04386253976059499,-0.1230486383326881,0.038895222472922514,0.2840929294050915,0.4546836751351412
qwen3_4b,steer_actions,fake,aware,0.05,149,density_nontest,uncertainty-estimation,0.5449032357197199,0.5428241012742453,-0.0020791344454744376,-0.1352189301867311,0.139408183832848,0.9761820465505843,0.39621151160683754
qwen3_4b,steer_actions,fake,aware,0.05,149,density_nontest,backtracking,0.27478958352884825,0.335986235008233,0.061196651479384766,-0.01266373294052655,0.13610399534460615,0.12023294062527017,0.4058901994298082
qwen3_4b,steer_actions,fake,aware,0.05,149,words,,345.2281879194631,365.93288590604027,20.70469798657718,-29.283389261744965,70.74261744966437,0.4162278010031163,0.6485516091751327
qwen3_4b,steer_actions,fake,aware,0.05,149,n_spans_counted,,24.06040268456376,25.644295302013422,1.5838926174496644,-1.7786912751677852,4.886744966442948,0.3506454966408917,0.6378624155854156
qwen3_4b,steer_actions,fake,aware_strong,0.2,149,density,initializing,0.6555156727806019,0.5424595790317612,-0.11305609374884061,-0.20490522549084633,-0.020518053953302334,0.018088476112211812,0.01902800382570824
qwen3_4b,steer_actions,fake,aware_strong,0.2,149,density,deduction,3.8434546154919462,3.880113731103971,0.03665911561202554,-0.190136885039749,0.27833302597086107,0.7575992867153485,0.947870795438625
qwen3_4b,steer_actions,fake,aware_strong,0.2,149,density,adding-knowledge,1.7057856412103216,1.558337356909539,-0.1474482843007828,-0.3131843078693022,0.021362405920458787,0.0840676276427829,0.10493456458864263
qwen3_4b,steer_actions,fake,aware_strong,0.2,149,density,example-testing,0.31224159286841713,0.3290543098285098,0.0168127169600926,-0.06455597326289114,0.10925317331059299,0.7138954511531567,0.5937111795136514
qwen3_4b,steer_actions,fake,aware_strong,0.2,149,density,uncertainty-estimation,0.6064632283561479,0.7514892284609793,0.14502600010483144,0.031205708246699184,0.26898077771524675,0.015800620472991425,0.00741962394949801
qwen3_4b,steer_actions,fake,aware_strong,0.2,149,density,backtracking,0.27885655324822356,0.27510504232381805,-0.003751510924405485,-0.06931971754281427,0.06113037693887478,0.9131755889921628,0.7853432116230679
qwen3_4b,steer_actions,fake,aware_strong,0.2,149,coverage,initializing,0.11856491824365388,0.0993987405786662,-0.01916617766498769,-0.03098279089416824,-0.00611892407872759,0.002506497070672476,0.02093388715890811
qwen3_4b,steer_actions,fake,aware_strong,0.2,149,coverage,deduction,0.47543687958404696,0.49332398014255796,0.017887100558511067,-0.007996581827899266,0.042133614609928996,0.15657964617343534,0.16508894646235006
qwen3_4b,steer_actions,fake,aware_strong,0.2,149,coverage,adding-knowledge,0.23276136044242732,0.2208194210146037,-0.011941939427823609,-0.0339665114601923,0.012319465472131001,0.3089340050460175,0.3030171456848746
qwen3_4b,steer_actions,fake,aware_strong,0.2,149,coverage,example-testing,0.048402524728624455,0.04247226956367781,-0.005930255164946642,-0.017021032538644627,0.004941888784748851,0.3083157209137795,0.47610341518873944
qwen3_4b,steer_actions,fake,aware_strong,0.2,149,coverage,uncertainty-estimation,0.07994356445142115,0.10160979720871892,0.021666232757297774,0.003939731895346257,0.03981566939970689,0.018201402126858335,0.004418242966536983
qwen3_4b,steer_actions,fake,aware_strong,0.2,149,coverage,backtracking,0.04489075254982626,0.04237579149177537,-0.0025149610580508914,-0.013426037786238045,0.007651165932639722,0.654195630642425,0.6790342672179113
qwen3_4b,steer_actions,fake,aware_strong,0.2,149,any,initializing,1.0,1.0,0.0,0.0,0.0,,
qwen3_4b,steer_actions,fake,aware_strong,0.2,149,any,deduction,1.0,1.0,0.0,0.0,0.0,,
qwen3_4b,steer_actions,fake,aware_strong,0.2,149,any,adding-knowledge,0.9798657718120806,0.9865771812080537,0.006711409395973154,-0.020134228187919462,0.03355704697986577,0.6562419878969388,1.0
qwen3_4b,steer_actions,fake,aware_strong,0.2,149,any,example-testing,0.436241610738255,0.48322147651006714,0.04697986577181208,-0.040268456375838924,0.1342281879194631,0.30882522074267327,0.30722840973069676
qwen3_4b,steer_actions,fake,aware_strong,0.2,149,any,uncertainty-estimation,0.6711409395973155,0.7516778523489933,0.08053691275167785,-0.006711409395973154,0.174496644295302,0.07677073150788662,0.07684324403365637
qwen3_4b,steer_actions,fake,aware_strong,0.2,149,any,backtracking,0.5637583892617449,0.5838926174496645,0.020134228187919462,-0.087248322147651,0.12751677852348994,0.7192847982820424,0.7179816667337766
qwen3_4b,steer_actions,fake,aware_strong,0.2,149,density_testlex,initializing,0.004428353302235407,0.0037942938306682163,-0.0006340594715671904,-0.004185970663059238,0.0025635360745818246,0.7059787490582017,
qwen3_4b,steer_actions,fake,aware_strong,0.2,149,density_testlex,deduction,0.1314254104559466,0.09705953503624137,-0.03436587541970523,-0.07947142330264015,0.010525190901091032,0.13477464143842124,0.1392014003800864
qwen3_4b,steer_actions,fake,aware_strong,0.2,149,density_testlex,adding-knowledge,0.015523357859370266,0.02353064920251205,0.008007291343141786,-0.012773199094722205,0.030768439658727,0.47526174235479424,0.5320471843202862
qwen3_4b,steer_actions,fake,aware_strong,0.2,149,density_testlex,example-testing,0.0035794183445190158,0.0,-0.0035794183445190158,-0.010738255033557048,0.0,0.31894268036747386,
qwen3_4b,steer_actions,fake,aware_strong,0.2,149,density_testlex,uncertainty-estimation,0.061559992636428106,0.10542131773756179,0.04386132510113369,0.007060533601451792,0.08292113982060871,0.03225890443798033,0.04354543410541452
qwen3_4b,steer_actions,fake,aware_strong,0.2,149,density_testlex,backtracking,0.004066969719375313,0.0026632576968147435,-0.0014037120225605696,-0.008159049181848595,0.005737622286426393,0.6971901128961125,
qwen3_4b,steer_actions,fake,aware_strong,0.2,149,density_nontest,initializing,0.6510873194783665,0.538665285201093,-0.11242203427727342,-0.20445428586634012,-0.020558182875675658,0.01861702896071983,0.017020080629481252
qwen3_4b,steer_actions,fake,aware_strong,0.2,149,density_nontest,deduction,3.7120292050359995,3.783054196067729,0.07102499103173081,-0.1645999408259209,0.3158784580541141,0.5499223975919499,0.7682326430432084
qwen3_4b,steer_actions,fake,aware_strong,0.2,149,density_nontest,adding-knowledge,1.6902622833509513,1.5348067077070269,-0.15545557564392457,-0.3262477610563007,0.011418433714528328,0.07189393097071596,0.08457107417718028
qwen3_4b,steer_actions,fake,aware_strong,0.2,149,density_nontest,example-testing,0.3086621745238981,0.3290543098285098,0.020392135304611616,-0.061068596550592366,0.1122135808713331,0.6589646787482006,0.5513299735601335
qwen3_4b,steer_actions,fake,aware_strong,0.2,149,density_nontest,uncertainty-estimation,0.5449032357197199,0.6460679107234174,0.10116467500369779,-0.007276383380473137,0.22212994308140693,0.08245263048080347,0.06458300268577907
qwen3_4b,steer_actions,fake,aware_strong,0.2,149,density_nontest,backtracking,0.27478958352884825,0.27244178462700336,-0.0023477989018449133,-0.06721183924399957,0.061076360136184595,0.9451762620714232,0.7893730141081321
qwen3_4b,steer_actions,fake,aware_strong,0.2,149,words,,345.2281879194631,398.46308724832215,53.23489932885906,8.988590604026847,97.53372483221472,0.01616617837796967,0.006467828234206214
qwen3_4b,steer_actions,fake,aware_strong,0.2,149,n_spans_counted,,24.06040268456376,27.825503355704697,3.7651006711409396,0.7380872483221477,6.732046979865769,0.011380168425255948,0.00347625298652006
qwen3_4b,steer_actions,fake,baseline_seed1,0.0,149,density,initializing,0.6555156727806019,0.6981156399725649,0.04259996719196304,-0.05813177336509114,0.15224390963021478,0.4362390150563615,0.3733928739853499
qwen3_4b,steer_actions,fake,baseline_seed1,0.0,149,density,deduction,3.8434546154919462,4.111430661144452,0.2679760456525074,0.030215678662436296,0.5106191748387368,0.02848857975652198,0.033399690831779884
qwen3_4b,steer_actions,fake,baseline_seed1,0.0,149,density,adding-knowledge,1.7057856412103216,1.6502635210253909,-0.055522120184930863,-0.23360223166403554,0.11877158954612291,0.5297559827355484,0.6989911045055317
qwen3_4b,steer_actions,fake,baseline_seed1,0.0,149,density,example-testing,0.31224159286841713,0.2862640238618894,-0.025977569006527677,-0.12100683468477864,0.0676353836494554,0.6057711850333538,0.5595997923728147
qwen3_4b,steer_actions,fake,baseline_seed1,0.0,149,density,uncertainty-estimation,0.6064632283561479,0.6188092260029103,0.012345997646762447,-0.10093823087824538,0.13354798066909873,0.8335521792272781,0.8095221945326928
qwen3_4b,steer_actions,fake,baseline_seed1,0.0,149,density,backtracking,0.27885655324822356,0.26912054982059597,-0.009736003427627603,-0.07463878012918444,0.051216663184602974,0.7625815955774224,0.4928918375241349
qwen3_4b,steer_actions,fake,baseline_seed1,0.0,149,coverage,initializing,0.11856491824365388,0.11733955127787783,-0.001225366965776045,-0.013104674796061278,0.012142187448898042,0.8561555777205593,0.8722519033647032
qwen3_4b,steer_actions,fake,baseline_seed1,0.0,149,coverage,deduction,0.47543687958404696,0.4946888150911627,0.019251935507115844,-0.00531631952790612,0.045056649612187964,0.14017144647576102,0.1416573540045181
qwen3_4b,steer_actions,fake,baseline_seed1,0.0,149,coverage,adding-knowledge,0.23276136044242732,0.22359419158676705,-0.00916716885566031,-0.032542827011036994,0.013881319632693852,0.4410940090952183,0.8227808811337464
qwen3_4b,steer_actions,fake,baseline_seed1,0.0,149,coverage,example-testing,0.048402524728624455,0.0393896547411528,-0.009012869987471648,-0.02164758130268665,0.003850243711671459,0.18652488512770127,0.25231710047620093
qwen3_4b,steer_actions,fake,baseline_seed1,0.0,149,coverage,uncertainty-estimation,0.07994356445142115,0.08076927752291374,0.0008257130714925916,-0.015398746798976399,0.017083215579329965,0.9195782647658348,0.5947276615871422
qwen3_4b,steer_actions,fake,baseline_seed1,0.0,149,coverage,backtracking,0.04489075254982626,0.044218509780125835,-0.0006722427697004257,-0.011581027564552681,0.010080125584279797,0.905744151171676,0.515133505454844
qwen3_4b,steer_actions,fake,baseline_seed1,0.0,149,any,initializing,1.0,1.0,0.0,0.0,0.0,,
qwen3_4b,steer_actions,fake,baseline_seed1,0.0,149,any,deduction,1.0,1.0,0.0,0.0,0.0,,
qwen3_4b,steer_actions,fake,baseline_seed1,0.0,149,any,adding-knowledge,0.9798657718120806,0.9865771812080537,0.006711409395973154,-0.013422818791946308,0.03355704697986577,0.5654534272810476,
qwen3_4b,steer_actions,fake,baseline_seed1,0.0,149,any,example-testing,0.436241610738255,0.40939597315436244,-0.026845637583892617,-0.12080536912751678,0.06711409395973154,0.5879180922519671,0.58621368107314
qwen3_4b,steer_actions,fake,baseline_seed1,0.0,149,any,uncertainty-estimation,0.6711409395973155,0.6778523489932886,0.006711409395973154,-0.087248322147651,0.10067114093959731,0.8891922503090613,0.8886378608950078
qwen3_4b,steer_actions,fake,baseline_seed1,0.0,149,any,backtracking,0.5637583892617449,0.5167785234899329,-0.04697986577181208,-0.14093959731543623,0.04697986577181208,0.3286527890721246,0.32698934959801507
qwen3_4b,steer_actions,fake,baseline_seed1,0.0,149,density_testlex,initializing,0.004428353302235407,0.0068241141214015425,0.0023957608191661358,-0.001996998226423644,0.007795870873168023,0.32382963956644545,
qwen3_4b,steer_actions,fake,baseline_seed1,0.0,149,density_testlex,deduction,0.1314254104559466,0.11498948500935781,-0.016435925446588822,-0.0632284383545467,0.027224794607334568,0.48952501915000773,0.5677813567104609
qwen3_4b,steer_actions,fake,baseline_seed1,0.0,149,density_testlex,adding-knowledge,0.015523357859370266,0.008521064918702663,-0.007002292940667601,-0.02213212821240587,0.007960005057059672,0.38881036078402237,0.4609375
qwen3_4b,steer_actions,fake,baseline_seed1,0.0,149,density_testlex,example-testing,0.0035794183445190158,0.0,-0.0035794183445190158,-0.010738255033557048,0.0,0.31894268036747386,
qwen3_4b,steer_actions,fake,baseline_seed1,0.0,149,density_testlex,uncertainty-estimation,0.061559992636428106,0.09298259359789879,0.03142260096147069,-0.002635181699422106,0.07055362614676482,0.10824825664835215,0.09023483133668324
qwen3_4b,steer_actions,fake,baseline_seed1,0.0,149,density_testlex,backtracking,0.004066969719375313,0.0032777390601481026,-0.0007892306592272108,-0.0076463880638943296,0.005658874649763929,0.8144766723474424,1.0
qwen3_4b,steer_actions,fake,baseline_seed1,0.0,149,density_nontest,initializing,0.6510873194783665,0.6912915258511634,0.04020420637279689,-0.05902927752773774,0.1502555413186143,0.4589015283637889,0.3959227170657177
qwen3_4b,steer_actions,fake,baseline_seed1,0.0,149,density_nontest,deduction,3.7120292050359995,3.9964411761350953,0.2844119710990962,0.04506981036506915,0.5198801125585877,0.021805517076785224,0.031857308119138866
qwen3_4b,steer_actions,fake,baseline_seed1,0.0,149,density_nontest,adding-knowledge,1.6902622833509513,1.6417424561066882,-0.04851982724426326,-0.22809960630406362,0.12376941433467405,0.5845347509023222,0.7405169321684448
qwen3_4b,steer_actions,fake,baseline_seed1,0.0,149,density_nontest,example-testing,0.3086621745238981,0.2862640238618894,-0.02239815066200866,-0.11745830289540653,0.07228264374078806,0.6581961077836119,0.6292067681923794
qwen3_4b,steer_actions,fake,baseline_seed1,0.0,149,density_nontest,uncertainty-estimation,0.5449032357197199,0.5258266324050115,-0.019076603314708254,-0.12932356224433403,0.0948711357984666,0.7401299242530388,0.7635893277169716
qwen3_4b,steer_actions,fake,baseline_seed1,0.0,149,density_nontest,backtracking,0.27478958352884825,0.2658428107604478,-0.008946772768400392,-0.07314550174824797,0.051983403441270615,0.778736831658663,0.5382993784403112
qwen3_4b,steer_actions,fake,baseline_seed1,0.0,149,words,,345.2281879194631,331.66442953020135,-13.563758389261745,-60.59781879194631,31.52231543624158,0.5838627361006388,0.3832288950047247
qwen3_4b,steer_actions,fake,baseline_seed1,0.0,149,n_spans_counted,,24.06040268456376,23.812080536912752,-0.2483221476510067,-3.362751677852349,2.77214765100671,0.879306089804753,0.5872529243209609
qwen3_4b,steer_actions,fake,random_aware,0.05,149,density,initializing,0.6555156727806019,0.5745817135868908,-0.08093395919371117,-0.1752313732662071,0.009678341249514257,0.08704133111791441,0.34869422419592533
qwen3_4b,steer_actions,fake,random_aware,0.05,149,density,deduction,3.8434546154919462,3.9961167797231316,0.15266216423118542,-0.0798805356018326,0.36963838633862006,0.19074194422725252,0.1697532159788281
qwen3_4b,steer_actions,fake,random_aware,0.05,149,density,adding-knowledge,1.7057856412103216,1.5239159163632359,-0.18186972484708588,-0.3557700354048829,-0.01030617510059374,0.03467002528183,0.03895070153713991
qwen3_4b,steer_actions,fake,random_aware,0.05,149,density,example-testing,0.31224159286841713,0.2940880653033347,-0.018153527565082483,-0.10947649894529524,0.07717268656649337,0.7021668013380961,0.5906191354319394
qwen3_4b,steer_actions,fake,random_aware,0.05,149,density,uncertainty-estimation,0.6064632283561479,0.6940525256150937,0.08758929725894586,-0.03382569182858415,0.21109955510819012,0.1606222076093286,0.18538160612852495
qwen3_4b,steer_actions,fake,random_aware,0.05,149,density,backtracking,0.27885655324822356,0.2995541190470193,0.020697565798795715,-0.04394442980845327,0.0874505462631546,0.5390833998386046,0.6105324710162294
qwen3_4b,steer_actions,fake,random_aware,0.05,149,coverage,initializing,0.11856491824365388,0.10625058999481839,-0.012314328248835486,-0.023710261569393338,-0.00011167698371493763,0.05009256819989923,0.23887543382086807
qwen3_4b,steer_actions,fake,random_aware,0.05,149,coverage,deduction,0.47543687958404696,0.5013600331234489,0.025923153539402107,-0.002736488698663258,0.05326897806084303,0.06248550052051587,0.03895070153713991
qwen3_4b,steer_actions,fake,random_aware,0.05,149,coverage,adding-knowledge,0.23276136044242732,0.21310117955563546,-0.019660180886791872,-0.04188859710076636,0.0027170048685343433,0.07800649687532696,0.1527600491963259
qwen3_4b,steer_actions,fake,random_aware,0.05,149,coverage,example-testing,0.048402524728624455,0.03978588250180666,-0.008616642226817788,-0.021593452578702346,0.004775713398302223,0.21654936089003674,0.2329419944091733
qwen3_4b,steer_actions,fake,random_aware,0.05,149,coverage,uncertainty-estimation,0.07994356445142115,0.09296455152286351,0.013020987071442376,-0.0036753190439643164,0.030825298098174317,0.14134039608125123,0.08390781668932709
qwen3_4b,steer_actions,fake,random_aware,0.05,149,coverage,backtracking,0.04489075254982626,0.046537763301426935,0.0016470107516006675,-0.009312700085401259,0.012508014300746679,0.7691318135250624,0.8692158950001073
qwen3_4b,steer_actions,fake,random_aware,0.05,149,any,initializing,1.0,1.0,0.0,0.0,0.0,,
qwen3_4b,steer_actions,fake,random_aware,0.05,149,any,deduction,1.0,1.0,0.0,0.0,0.0,,
qwen3_4b,steer_actions,fake,random_aware,0.05,149,any,adding-knowledge,0.9798657718120806,1.0,0.020134228187919462,0.0,0.04697986577181208,0.08325742990436816,
qwen3_4b,steer_actions,fake,random_aware,0.05,149,any,example-testing,0.436241610738255,0.4228187919463087,-0.013422818791946308,-0.11409395973154363,0.09395973154362416,0.8064825235074418,0.8055405886674938
qwen3_4b,steer_actions,fake,random_aware,0.05,149,any,uncertainty-estimation,0.6711409395973155,0.7114093959731543,0.040268456375838924,-0.04697986577181208,0.12751677852348994,0.3674756444027323,0.36571229628151325
qwen3_4b,steer_actions,fake,random_aware,0.05,149,any,backtracking,0.5637583892617449,0.5838926174496645,0.020134228187919462,-0.08053691275167785,0.12080536912751678,0.6975006667893852,0.6961175195434555
qwen3_4b,steer_actions,fake,random_aware,0.05,149,density_testlex,initializing,0.004428353302235407,0.002065049044914817,-0.0023633042573205903,-0.005792017811566056,0.0,0.1433645709965661,
qwen3_4b,steer_actions,fake,random_aware,0.05,149,density_testlex,deduction,0.1314254104559466,0.10830486089103204,-0.023120549564914546,-0.0721179954991272,0.02622628303559904,0.3419802233288039,0.24457436508397346
qwen3_4b,steer_actions,fake,random_aware,0.05,149,density_testlex,adding-knowledge,0.015523357859370266,0.0021861268390792033,-0.013337231020291062,-0.027570444572025194,-0.0006238962972110016,0.06088442631607072,0.109375
qwen3_4b,steer_actions,fake,random_aware,0.05,149,density_testlex,example-testing,0.0035794183445190158,0.0,-0.0035794183445190158,-0.010738255033557048,0.0,0.31894268036747386,
qwen3_4b,steer_actions,fake,random_aware,0.05,149,density_testlex,uncertainty-estimation,0.061559992636428106,0.07655628639462829,0.0149962937582002,-0.015961778372255753,0.04637114656632611,0.34663806718925577,0.40943036135835287
qwen3_4b,steer_actions,fake,random_aware,0.05,149,density_testlex,backtracking,0.004066969719375313,0.0028099128563309744,-0.0012570568630443399,-0.00798533386316121,0.004983630902599368,0.6887451748765689,1.0
qwen3_4b,steer_actions,fake,random_aware,0.05,149,density_nontest,initializing,0.6510873194783665,0.572516664541976,-0.07857065493639057,-0.17268229947747615,0.012568750460009498,0.09765194562575896,0.37768635023454555
qwen3_4b,steer_actions,fake,random_aware,0.05,149,density_nontest,deduction,3.7120292050359995,3.887811918832099,0.17578271379610003,-0.05928426275461291,0.3980191534530417,0.1376610959366754,0.0936965575617226
qwen3_4b,steer_actions,fake,random_aware,0.05,149,density_nontest,adding-knowledge,1.6902622833509513,1.5217297895241566,-0.16853249382679478,-0.34485300807384617,0.004166582559847564,0.049994712470081665,0.06478029941913392
qwen3_4b,steer_actions,fake,random_aware,0.05,149,density_nontest,example-testing,0.3086621745238981,0.2940880653033347,-0.014574109220563469,-0.10553937688875575,0.08004960827803836,0.7591156829944958,0.643811925169786
qwen3_4b,steer_actions,fake,random_aware,0.05,149,density_nontest,uncertainty-estimation,0.5449032357197199,0.6174962392204655,0.07259300350074568,-0.04270503667433447,0.1920910483916866,0.23338238054896693,0.29433009218345807
qwen3_4b,steer_actions,fake,random_aware,0.05,149,density_nontest,backtracking,0.27478958352884825,0.2967442061906883,0.02195462266184005,-0.04255010511638361,0.0870736855826191,0.5100283360042865,0.5786475355898533
qwen3_4b,steer_actions,fake,random_aware,0.05,149,words,,345.2281879194631,376.67785234899327,31.449664429530202,-16.9239932885906,79.98909395973152,0.20190537502478684,0.06988045773661213
qwen3_4b,steer_actions,fake,random_aware,0.05,149,n_spans_counted,,24.06040268456376,26.040268456375838,1.9798657718120805,-1.087751677852349,5.053691275167785,0.2104315417575672,0.16402556605646845
qwen3_4b,steer_actions,fake,random_samerows_aware,0.05,149,density,initializing,0.6555156727806019,0.6609439056474941,0.005428232866892262,-0.09571527271947854,0.11301360630729033,0.919465313840042,0.7702870436376388
qwen3_4b,steer_actions,fake,random_samerows_aware,0.05,149,density,deduction,3.8434546154919462,3.9186573700406075,0.0752027545486621,-0.15951821115459575,0.30917950549963985,0.5215872295300669,0.6569624381833046
qwen3_4b,steer_actions,fake,random_samerows_aware,0.05,149,density,adding-knowledge,1.7057856412103216,1.630103630711454,-0.07568201049886758,-0.2510705803755911,0.10274418225650779,0.42783965761998133,0.45891516293961687
qwen3_4b,steer_actions,fake,random_samerows_aware,0.05,149,density,example-testing,0.31224159286841713,0.32061402968210173,0.008372436813684547,-0.09081421218686393,0.1026827974522721,0.8685710912556218,0.7560773357937104
qwen3_4b,steer_actions,fake,random_samerows_aware,0.05,149,density,uncertainty-estimation,0.6064632283561479,0.6089022066669224,0.0024389783107745876,-0.11793959322573104,0.11527284351489622,0.9671160589265049,0.5940237202835111
qwen3_4b,steer_actions,fake,random_samerows_aware,0.05,149,density,backtracking,0.27885655324822356,0.2722324139266275,-0.006624139321596067,-0.0710482813525303,0.05567362476522088,0.8411872894799881,0.8942820271590917
qwen3_4b,steer_actions,fake,random_samerows_aware,0.05,149,coverage,initializing,0.11856491824365388,0.11677431048328527,-0.0017906077603686245,-0.01716227366359738,0.01640396534505985,0.8395787033898975,0.4126107332640917
qwen3_4b,steer_actions,fake,random_samerows_aware,0.05,149,coverage,deduction,0.47543687958404696,0.48278652569960195,0.007349646115554967,-0.01807245872707255,0.033355401726346996,0.5761537234723896,0.4427114060969508
qwen3_4b,steer_actions,fake,random_samerows_aware,0.05,149,coverage,adding-knowledge,0.23276136044242732,0.22386858678527013,-0.008892773657157209,-0.031787826208593314,0.014784875663369267,0.4665721795500368,0.7275418229598766
qwen3_4b,steer_actions,fake,random_samerows_aware,0.05,149,coverage,example-testing,0.048402524728624455,0.04740271064511217,-0.0009998140835122782,-0.015322007948278418,0.014160441517842555,0.8943378279758252,0.8834538457101592
qwen3_4b,steer_actions,fake,random_samerows_aware,0.05,149,coverage,uncertainty-estimation,0.07994356445142115,0.08398101479809834,0.004037450346677185,-0.013908888996989466,0.021853122172246234,0.662162180402916,0.45138101984133905
qwen3_4b,steer_actions,fake,random_samerows_aware,0.05,149,coverage,backtracking,0.04489075254982626,0.045186851588632226,0.00029609903880596037,-0.010942822544963586,0.011080591018071915,0.9582316680126675,0.9672981025134988
qwen3_4b,steer_actions,fake,random_samerows_aware,0.05,149,any,initializing,1.0,1.0,0.0,0.0,0.0,,
qwen3_4b,steer_actions,fake,random_samerows_aware,0.05,149,any,deduction,1.0,0.9932885906040269,-0.006711409395973154,-0.020134228187919462,0.0,0.31894268036747375,
qwen3_4b,steer_actions,fake,random_samerows_aware,0.05,149,any,adding-knowledge,0.9798657718120806,0.9798657718120806,0.0,-0.03355704697986577,0.03355704697986577,1.0,1.0
qwen3_4b,steer_actions,fake,random_samerows_aware,0.05,149,any,example-testing,0.436241610738255,0.4697986577181208,0.03355704697986577,-0.0738255033557047,0.1343959731543615,0.530540024171702,0.5287333251214301
qwen3_4b,steer_actions,fake,random_samerows_aware,0.05,149,any,uncertainty-estimation,0.6711409395973155,0.6778523489932886,0.006711409395973154,-0.08053691275167785,0.09395973154362416,0.8734109208383342,0.8727801237939118
qwen3_4b,steer_actions,fake,random_samerows_aware,0.05,149,any,backtracking,0.5637583892617449,0.5302013422818792,-0.03355704697986577,-0.14093959731543623,0.06711409395973154,0.5430895255372289,0.5413007280472231
qwen3_4b,steer_actions,fake,random_samerows_aware,0.05,149,density_testlex,initializing,0.004428353302235407,0.0033038509003379766,-0.0011245024018974308,-0.003915999394806656,0.0010802653778942642,0.40997226878217713,
qwen3_4b,steer_actions,fake,random_samerows_aware,0.05,149,density_testlex,deduction,0.1314254104559466,0.09933128431599517,-0.03209412613995145,-0.07524703665881323,0.009720157257661448,0.15062541416575026,0.11947421097186048
qwen3_4b,steer_actions,fake,random_samerows_aware,0.05,149,density_testlex,adding-knowledge,0.015523357859370266,0.025954240364682253,0.010430882505311984,-0.012134486329543295,0.03697641578465164,0.40866347858723506,0.482421875
qwen3_4b,steer_actions,fake,random_samerows_aware,0.05,149,density_testlex,example-testing,0.0035794183445190158,0.005117851064513021,0.001538432719994006,-0.005018303843807199,0.009633602003789217,0.6723853337928125,
qwen3_4b,steer_actions,fake,random_samerows_aware,0.05,149,density_testlex,uncertainty-estimation,0.061559992636428106,0.08512163343101117,0.023561640794583064,-0.012393986833912412,0.061429866864693754,0.22082162889372953,0.18068384422669947
qwen3_4b,steer_actions,fake,random_samerows_aware,0.05,149,density_testlex,backtracking,0.004066969719375313,0.004610931166832164,0.0005439614474568499,-0.004320785049283058,0.005635991079529009,0.8287911970563285,0.625
qwen3_4b,steer_actions,fake,random_samerows_aware,0.05,149,density_nontest,initializing,0.6510873194783665,0.6576400547471563,0.006552735268789692,-0.09406522735663332,0.11364589292129793,0.9027899205854818,0.7496717275860625
qwen3_4b,steer_actions,fake,random_samerows_aware,0.05,149,density_nontest,deduction,3.7120292050359995,3.819326085724613,0.10729688068861358,-0.12683423681305844,0.33768900566963383,0.3567595177217806,0.4919420463870364
qwen3_4b,steer_actions,fake,random_samerows_aware,0.05,149,density_nontest,adding-knowledge,1.6902622833509513,1.6041493903467718,-0.08611289300417957,-0.25903131235099025,0.09180922352220316,0.36148263704937117,0.3863094946575907
qwen3_4b,steer_actions,fake,random_samerows_aware,0.05,149,density_nontest,example-testing,0.3086621745238981,0.31549617861758866,0.006834004093690544,-0.08928614073924261,0.10228303331483311,0.8919599273469284,0.7164428444879753
qwen3_4b,steer_actions,fake,random_samerows_aware,0.05,149,density_nontest,uncertainty-estimation,0.5449032357197199,0.5237805732359112,-0.021122662483808483,-0.13428458968691237,0.08886461919538015,0.7082742132857477,0.8772393726442468
qwen3_4b,steer_actions,fake,random_samerows_aware,0.05,149,density_nontest,backtracking,0.27478958352884825,0.26762148275979536,-0.007168100769052914,-0.0719442766261783,0.0558626385854937,0.8270745523262643,0.9292325880514616
qwen3_4b,steer_actions,fake,random_samerows_aware,0.05,149,words,,345.2281879194631,361.5234899328859,16.29530201342282,-28.53204697986577,60.42567114093958,0.4699592972815966,0.6522969453037601
qwen3_4b,steer_actions,fake,random_samerows_aware,0.05,149,n_spans_counted,,24.06040268456376,24.906040268456376,0.8456375838926175,-1.9531879194630872,3.523657718120804,0.5413155271188607,0.4573025324046892
qwen3_4b,steer_actions,fake,shuffled_aware,0.05,149,density,initializing,0.6555156727806019,0.6602828858641098,0.00476721308350786,-0.08281818842090574,0.09804586887746722,0.9213887777719049,0.8677307710607678
qwen3_4b,steer_actions,fake,shuffled_aware,0.05,149,density,deduction,3.8434546154919462,3.9802139537322616,0.13675933824031583,-0.1162196143329259,0.40006310280513774,0.2890677292545943,0.26605586025494576
qwen3_4b,steer_actions,fake,shuffled_aware,0.05,149,density,adding-knowledge,1.7057856412103216,1.5894959764111045,-0.11628966479921721,-0.29239527796343034,0.048552903324606045,0.18426856211165493,0.3030673917719173
qwen3_4b,steer_actions,fake,shuffled_aware,0.05,149,density,example-testing,0.31224159286841713,0.2855715249321829,-0.026670067936234273,-0.11972952993355888,0.061372831929775454,0.5668694310311679,0.5213066014641465
qwen3_4b,steer_actions,fake,shuffled_aware,0.05,149,density,uncertainty-estimation,0.6064632283561479,0.7168925418186609,0.11042931346251307,-0.03131735556853536,0.25055629428976467,0.13411679245067878,0.13042763839615107
qwen3_4b,steer_actions,fake,shuffled_aware,0.05,149,density,backtracking,0.27885655324822356,0.3143827923518385,0.03552623910361497,-0.03515537246271205,0.10594503861431302,0.3238016437243203,0.4431230033566994
qwen3_4b,steer_actions,fake,shuffled_aware,0.05,149,coverage,initializing,0.11856491824365388,0.10858207866174087,-0.009982839581913004,-0.021666261795910996,0.0015333742786643601,0.10055553923437499,0.2148098979723151
qwen3_4b,steer_actions,fake,shuffled_aware,0.05,149,coverage,deduction,0.47543687958404696,0.4876550024551821,0.012218122871135204,-0.013693041097433089,0.03800504184793364,0.3445486732648954,0.2677051341733423
qwen3_4b,steer_actions,fake,shuffled_aware,0.05,149,coverage,adding-knowledge,0.23276136044242732,0.2190071644076142,-0.013754196034813152,-0.03767727866665925,0.008862240790148194,0.23952278616938058,0.2603385493139969
qwen3_4b,steer_actions,fake,shuffled_aware,0.05,149,coverage,example-testing,0.048402524728624455,0.03820001127517957,-0.010202513453444886,-0.023072086898424667,0.0023008785916712867,0.11845208916436863,0.1520036843684051
qwen3_4b,steer_actions,fake,shuffled_aware,0.05,149,coverage,uncertainty-estimation,0.07994356445142115,0.095587265881926,0.01564370143050485,-0.003974184515929586,0.034956940485791406,0.12601840848413287,0.081974979334928
qwen3_4b,steer_actions,fake,shuffled_aware,0.05,149,coverage,backtracking,0.04489075254982626,0.05096847731835725,0.006077724768530991,-0.006409824411254988,0.01835689939780428,0.3360046716769538,0.5539413834075395
qwen3_4b,steer_actions,fake,shuffled_aware,0.05,149,any,initializing,1.0,1.0,0.0,0.0,0.0,,
qwen3_4b,steer_actions,fake,shuffled_aware,0.05,149,any,deduction,1.0,1.0,0.0,0.0,0.0,,
qwen3_4b,steer_actions,fake,shuffled_aware,0.05,149,any,adding-knowledge,0.9798657718120806,0.9932885906040269,0.013422818791946308,-0.013422818791946308,0.040268456375838924,0.31894268036747386,
qwen3_4b,steer_actions,fake,shuffled_aware,0.05,149,any,example-testing,0.436241610738255,0.46308724832214765,0.026845637583892617,-0.06728187919463087,0.12751677852348994,0.6011001822432496,0.5994262792958636
qwen3_4b,steer_actions,fake,shuffled_aware,0.05,149,any,uncertainty-estimation,0.6711409395973155,0.7114093959731543,0.040268456375838924,-0.04043624161073824,0.12751677852348994,0.3674756444027323,0.36571229628151325
qwen3_4b,steer_actions,fake,shuffled_aware,0.05,149,any,backtracking,0.5637583892617449,0.6308724832214765,0.06711409395973154,-0.040268456375838924,0.174496644295302,0.21950727497333866,0.21835469056590162
qwen3_4b,steer_actions,fake,shuffled_aware,0.05,149,density_testlex,initializing,0.004428353302235407,0.005257050128619755,0.000828696826384348,-0.0027861881314003565,0.00491689928768495,0.6581894809770192,
qwen3_4b,steer_actions,fake,shuffled_aware,0.05,149,density_testlex,deduction,0.1314254104559466,0.11861238208177964,-0.012813028374166974,-0.05481278862487552,0.03044288141258003,0.5597712404763763,0.647348228958539
qwen3_4b,steer_actions,fake,shuffled_aware,0.05,149,density_testlex,adding-knowledge,0.015523357859370266,0.023533449118221826,0.00801009125885156,-0.012512441814845402,0.031587952192235716,0.47546896227971713,0.587890625
qwen3_4b,steer_actions,fake,shuffled_aware,0.05,149,density_testlex,example-testing,0.0035794183445190158,0.0047701402438177125,0.0011907218992986968,-0.0083997848607441,0.009726680284019065,0.8096458319418746,
qwen3_4b,steer_actions,fake,shuffled_aware,0.05,149,density_testlex,uncertainty-estimation,0.061559992636428106,0.06635426617959764,0.004794273543169533,-0.02402193421609273,0.034649663793862764,0.7532171312699161,0.7022569535579484
qwen3_4b,steer_actions,fake,shuffled_aware,0.05,149,density_testlex,backtracking,0.004066969719375313,0.007136785660275592,0.003069815940900279,-0.0034549590659505814,0.011583763843121491,0.45843910042009706,0.625
qwen3_4b,steer_actions,fake,shuffled_aware,0.05,149,density_nontest,initializing,0.6510873194783665,0.65502583573549,0.003938516257123509,-0.08445968674874055,0.09739704919126956,0.9349272413961526,0.8892671966896379
qwen3_4b,steer_actions,fake,shuffled_aware,0.05,149,density_nontest,deduction,3.7120292050359995,3.861601571650482,0.14957236661448284,-0.10077238141634347,0.4113708108065842,0.24058590367609695,0.20643870627939598
qwen3_4b,steer_actions,fake,shuffled_aware,0.05,149,density_nontest,adding-knowledge,1.6902622833509513,1.5659625272928828,-0.12429975605806877,-0.3002208259303777,0.04359673067079914,0.15632846288775434,0.25872076352998064
qwen3_4b,steer_actions,fake,shuffled_aware,0.05,149,density_nontest,example-testing,0.3086621745238981,0.28080138468836513,-0.02786078983553297,-0.11982725807648104,0.06029621458756268,0.5508099679656107,0.5052322037108519
qwen3_4b,steer_actions,fake,shuffled_aware,0.05,149,density_nontest,uncertainty-estimation,0.5449032357197199,0.6505382756390633,0.1056350399193435,-0.03506677209435278,0.24764988005007474,0.1588034279150692,0.22230466777360147
qwen3_4b,steer_actions,fake,shuffled_aware,0.05,149,density_nontest,backtracking,0.27478958352884825,0.307246006691563,0.0324564231627147,-0.038046067114369864,0.10140534449009223,0.3560851153090067,0.4562289118986881
qwen3_4b,steer_actions,fake,shuffled_aware,0.05,149,words,,345.2281879194631,358.9127516778523,13.684563758389261,-29.651510067114092,55.827684563758375,0.5441735758727049,0.5325889056276578
qwen3_4b,steer_actions,fake,shuffled_aware,0.05,149,n_spans_counted,,24.06040268456376,25.409395973154364,1.348993288590604,-1.6310402684563758,4.229697986577173,0.3657076251546182,0.18489554865862345
qwen3_4b,steer_actions,fake,shuffled_samerows_aware,0.05,149,density,initializing,0.6555156727806019,0.7156245268172833,0.06010885403668134,-0.037152846080045106,0.1623376346310071,0.24122412133794424,0.6012554497780178
qwen3_4b,steer_actions,fake,shuffled_samerows_aware,0.05,149,density,deduction,3.8434546154919462,3.9945090333838507,0.1510544178919043,-0.10610321901708683,0.4029393554169662,0.22241070885826694,0.2496207854944975
qwen3_4b,steer_actions,fake,shuffled_samerows_aware,0.05,149,density,adding-knowledge,1.7057856412103216,1.6256957092029207,-0.08008993200740099,-0.25506989621424314,0.09310223202879087,0.3757580814824002,0.395352523946395
qwen3_4b,steer_actions,fake,shuffled_samerows_aware,0.05,149,density,example-testing,0.31224159286841713,0.2773796266590097,-0.03486196620940741,-0.11123848924528662,0.03946743459730706,0.38241152038513077,0.5180285117212264
qwen3_4b,steer_actions,fake,shuffled_samerows_aware,0.05,149,density,uncertainty-estimation,0.6064632283561479,0.612064782882399,0.005601554526251095,-0.10933168951387592,0.11831074591410276,0.9235698323473,0.7921827575744317
qwen3_4b,steer_actions,fake,shuffled_samerows_aware,0.05,149,density,backtracking,0.27885655324822356,0.2838081699944464,0.004951616746222827,-0.06342038350738176,0.0710673232082411,0.8865263323834808,0.9398316660531518
qwen3_4b,steer_actions,fake,shuffled_samerows_aware,0.05,149,coverage,initializing,0.11856491824365388,0.12368117622833583,0.005116257984681943,-0.007781875499404324,0.01788171089483448,0.4344669591766501,0.3428770764865684
qwen3_4b,steer_actions,fake,shuffled_samerows_aware,0.05,149,coverage,deduction,0.47543687958404696,0.48504646690868936,0.009609587324642456,-0.016220520929088093,0.034216107459957824,0.45349241204640445,0.35654719438605076
qwen3_4b,steer_actions,fake,shuffled_samerows_aware,0.05,149,coverage,adding-knowledge,0.23276136044242732,0.22286908136680844,-0.009892279075618873,-0.03342876293546314,0.01331309666372858,0.4074516640523668,0.5587917019087866
qwen3_4b,steer_actions,fake,shuffled_samerows_aware,0.05,149,coverage,example-testing,0.048402524728624455,0.0390793919161795,-0.009323132812444951,-0.020700880857693275,0.0021927909930833096,0.13404145964061873,0.2654275179421206
qwen3_4b,steer_actions,fake,shuffled_samerows_aware,0.05,149,coverage,uncertainty-estimation,0.07994356445142115,0.08264264155979292,0.002699077108371783,-0.014630670413243983,0.020364302045578188,0.7680294385608606,0.642365951939281
qwen3_4b,steer_actions,fake,shuffled_samerows_aware,0.05,149,coverage,backtracking,0.04489075254982626,0.046681242020193914,0.0017904894703676482,-0.010350827686117644,0.013017470752423665,0.7691609149226688,0.7704667048027322
qwen3_4b,steer_actions,fake,shuffled_samerows_aware,0.05,149,any,initializing,1.0,1.0,0.0,0.0,0.0,,
qwen3_4b,steer_actions,fake,shuffled_samerows_aware,0.05,149,any,deduction,1.0,1.0,0.0,0.0,0.0,,
qwen3_4b,steer_actions,fake,shuffled_samerows_aware,0.05,149,any,adding-knowledge,0.9798657718120806,1.0,0.020134228187919462,0.0,0.04697986577181208,0.08325742990436816,
qwen3_4b,steer_actions,fake,shuffled_samerows_aware,0.05,149,any,example-testing,0.436241610738255,0.44966442953020136,0.013422818791946308,-0.08053691275167785,0.10738255033557047,0.7825580911885169,0.7815112949987133
qwen3_4b,steer_actions,fake,shuffled_samerows_aware,0.05,149,any,uncertainty-estimation,0.6711409395973155,0.6711409395973155,0.0,-0.10067114093959731,0.10067114093959731,1.0,1.0
qwen3_4b,steer_actions,fake,shuffled_samerows_aware,0.05,149,any,backtracking,0.5637583892617449,0.5167785234899329,-0.04697986577181208,-0.1476510067114094,0.053691275167785234,0.3796083199719733,0.3778216371000638
qwen3_4b,steer_actions,fake,shuffled_samerows_aware,0.05,149,density_testlex,initializing,0.004428353302235407,0.004963855521709863,0.0005355022194744565,-0.004052003345999523,0.005992644300894651,0.840476896904935,
qwen3_4b,steer_actions,fake,shuffled_samerows_aware,0.05,149,density_testlex,deduction,0.1314254104559466,0.1352910868285228,0.003865676372576223,-0.04439288550459744,0.052155739130107605,0.8761546925610684,0.8882252800990682
qwen3_4b,steer_actions,fake,shuffled_samerows_aware,0.05,149,density_testlex,adding-knowledge,0.015523357859370266,0.011207813572494198,-0.0043155442868760665,-0.020374589103609994,0.011664208432744228,0.6145624473494001,0.7001953125
qwen3_4b,steer_actions,fake,shuffled_samerows_aware,0.05,149,density_testlex,example-testing,0.0035794183445190158,0.006893741833026257,0.0033143234885072417,-0.005082572958298771,0.015025543423820497,0.5325637977203712,
qwen3_4b,steer_actions,fake,shuffled_samerows_aware,0.05,149,density_testlex,uncertainty-estimation,0.061559992636428106,0.06752622098960236,0.0059662283531742456,-0.024085681949249576,0.03836229291979234,0.7134890474529317,0.6636639096868748
qwen3_4b,steer_actions,fake,shuffled_samerows_aware,0.05,149,density_testlex,backtracking,0.004066969719375313,0.003326251213421562,-0.0007407185059537523,-0.004549916206209412,0.0028820477100042715,0.700967195679988,0.8125
qwen3_4b,steer_actions,fake,shuffled_samerows_aware,0.05,149,density_nontest,initializing,0.6510873194783665,0.7106606712955733,0.05957335181720688,-0.037484964679254155,0.16264475822179614,0.2453499849116279,0.6133007232785461
qwen3_4b,steer_actions,fake,shuffled_samerows_aware,0.05,149,density_nontest,deduction,3.7120292050359995,3.8592179465553276,0.14718874151932806,-0.1135312085898499,0.40060150181633447,0.2358679166243881,0.2712870945706185
qwen3_4b,steer_actions,fake,shuffled_samerows_aware,0.05,149,density_nontest,adding-knowledge,1.6902622833509513,1.6144878956304263,-0.0757743877205249,-0.2542614438092001,0.09521956049656385,0.40044988468665954,0.39852113765550856
qwen3_4b,steer_actions,fake,shuffled_samerows_aware,0.05,149,density_nontest,example-testing,0.3086621745238981,0.27048588482598346,-0.03817628969791466,-0.11454206067178872,0.03261660939350994,0.3353656563431666,0.44494078960804917
qwen3_4b,steer_actions,fake,shuffled_samerows_aware,0.05,149,density_nontest,uncertainty-estimation,0.5449032357197199,0.5445385618927967,-0.0003646738269231354,-0.11213988042274525,0.1131050571504679,0.994887697994178,0.8875389994876579
qwen3_4b,steer_actions,fake,shuffled_samerows_aware,0.05,149,density_nontest,backtracking,0.27478958352884825,0.28048191878102485,0.0056923352521765815,-0.06274715583209284,0.07116403435951318,0.8690604370761129,0.9421416909804197
qwen3_4b,steer_actions,fake,shuffled_samerows_aware,0.05,149,words,,345.2281879194631,329.08053691275165,-16.14765100671141,-63.6751677852349,31.842114093959715,0.5048556571288201,0.6905026637446038
qwen3_4b,steer_actions,fake,shuffled_samerows_aware,0.05,149,n_spans_counted,,24.06040268456376,23.322147651006713,-0.738255033557047,-3.859228187919463,2.2885906040268456,0.6356769665387594,0.7209393175043973
qwen3_4b,steer_actions,fake,unaware,-0.1,149,density,initializing,0.6555156727806019,0.6272832168590013,-0.02823245592160048,-0.11962031111412806,0.06936474477726201,0.5744860150891311,0.1679926697781201
qwen3_4b,steer_actions,fake,unaware,-0.1,149,density,deduction,3.8434546154919462,3.950888029667313,0.10743341417536705,-0.14704891370008108,0.34825311821071964,0.39095628767826673,0.2907324723987761
qwen3_4b,steer_actions,fake,unaware,-0.1,149,density,adding-knowledge,1.7057856412103216,1.5057756447973591,-0.20000999641296255,-0.3689420458007646,-0.03802395630588354,0.022520935904863044,0.028948793944667806
qwen3_4b,steer_actions,fake,unaware,-0.1,149,density,example-testing,0.31224159286841713,0.3211716701003677,0.008930077231950611,-0.08059511730100836,0.10272151226466143,0.8509073406732836,0.858639776754746
qwen3_4b,steer_actions,fake,unaware,-0.1,149,density,uncertainty-estimation,0.6064632283561479,0.7199383997447284,0.11347517138858053,-0.010900198889251683,0.2383425619401855,0.07452601106001668,0.03336978624460304
qwen3_4b,steer_actions,fake,unaware,-0.1,149,density,backtracking,0.27885655324822356,0.2874723370544484,0.008615783806224771,-0.06708176597951701,0.07820337889236144,0.8171846835487754,0.7935402637766201
qwen3_4b,steer_actions,fake,unaware,-0.1,149,coverage,initializing,0.11856491824365388,0.10671096719373248,-0.011853951049921388,-0.024627278848853504,0.0009281979590944282,0.0768407669472655,0.027859500503443806
qwen3_4b,steer_actions,fake,unaware,-0.1,149,coverage,deduction,0.47543687958404696,0.48881328647237465,0.013376406888327828,-0.017402309293065164,0.04038164719650481,0.354410474345393,0.460429394914862
qwen3_4b,steer_actions,fake,unaware,-0.1,149,coverage,adding-knowledge,0.23276136044242732,0.21126282569716492,-0.02149853474526242,-0.04455737459028754,0.0014450536925854956,0.07092763476011922,0.15886373267671317
qwen3_4b,steer_actions,fake,unaware,-0.1,149,coverage,example-testing,0.048402524728624455,0.04358977106676145,-0.004812753661862996,-0.018263088448208346,0.008636749117737806,0.4830937103914048,0.5317419384653348
qwen3_4b,steer_actions,fake,unaware,-0.1,149,coverage,uncertainty-estimation,0.07994356445142115,0.10146060830514389,0.021517043853722752,0.0034505595717439956,0.039557423721918145,0.021300617069019968,0.007875757830958835
qwen3_4b,steer_actions,fake,unaware,-0.1,149,coverage,backtracking,0.04489075254982626,0.0481625412648225,0.003271788714996234,-0.009562092372987989,0.015232277635427987,0.61002987731856,0.7223034208047091
qwen3_4b,steer_actions,fake,unaware,-0.1,149,any,initializing,1.0,1.0,0.0,0.0,0.0,,
qwen3_4b,steer_actions,fake,unaware,-0.1,149,any,deduction,1.0,1.0,0.0,0.0,0.0,,
qwen3_4b,steer_actions,fake,unaware,-0.1,149,any,adding-knowledge,0.9798657718120806,0.9798657718120806,0.0,-0.026845637583892617,0.026845637583892617,1.0,
qwen3_4b,steer_actions,fake,unaware,-0.1,149,any,example-testing,0.436241610738255,0.4429530201342282,0.006711409395973154,-0.087248322147651,0.10738255033557047,0.8891922503090613,0.8886378608950078
qwen3_4b,steer_actions,fake,unaware,-0.1,149,any,uncertainty-estimation,0.6711409395973155,0.7315436241610739,0.06040268456375839,-0.020134228187919462,0.1476510067114094,0.16057304712827333,0.15985367483762747
qwen3_4b,steer_actions,fake,unaware,-0.1,149,any,backtracking,0.5637583892617449,0.5637583892617449,0.0,-0.10738255033557047,0.10067114093959731,1.0,1.0
qwen3_4b,steer_actions,fake,unaware,-0.1,149,density_testlex,initializing,0.004428353302235407,0.0038981830636338954,-0.0005301702386015118,-0.0034450303288565574,0.0019213237358818235,0.6867287771188423,
qwen3_4b,steer_actions,fake,unaware,-0.1,149,density_testlex,deduction,0.1314254104559466,0.12842991946823734,-0.0029954909877092416,-0.05050594812163239,0.04376132617324904,0.903765510282854,0.7945373171143546
qwen3_4b,steer_actions,fake,unaware,-0.1,149,density_testlex,adding-knowledge,0.015523357859370266,0.009873947978299236,-0.00564940988107103,-0.02112026406292658,0.00903177511929755,0.4577485318448903,0.546875
qwen3_4b,steer_actions,fake,unaware,-0.1,149,density_testlex,example-testing,0.0035794183445190158,0.006017333164437346,0.002437914819918331,-0.001811100118541494,0.008612353984754496,0.349778302474503,
qwen3_4b,steer_actions,fake,unaware,-0.1,149,density_testlex,uncertainty-estimation,0.061559992636428106,0.08202243513008832,0.02046244249366021,-0.012837540693889857,0.05587254430299851,0.2602597136116031,0.24650748403064138
qwen3_4b,steer_actions,fake,unaware,-0.1,149,density_testlex,backtracking,0.004066969719375313,0.0016250385946666233,-0.00244193112470869,-0.008298952464475927,0.0032500771893332467,0.4023409489030359,
qwen3_4b,steer_actions,fake,unaware,-0.1,149,density_nontest,initializing,0.6510873194783665,0.6233850337953675,-0.02770228568299897,-0.11951909324265536,0.06910754159064332,0.5818513347606309,0.17532077887243058
qwen3_4b,steer_actions,fake,unaware,-0.1,149,density_nontest,deduction,3.7120292050359995,3.8224581101990753,0.11042890516307625,-0.1398557346863738,0.3503076908227394,0.37517820220687537,0.2511829825572899
qwen3_4b,steer_actions,fake,unaware,-0.1,149,density_nontest,adding-knowledge,1.6902622833509513,1.49590169681906,-0.1943605865318915,-0.36185179366354303,-0.031754874624000735,0.02741006881854184,0.030827085496397056
qwen3_4b,steer_actions,fake,unaware,-0.1,149,density_nontest,example-testing,0.3086621745238981,0.3151543369359304,0.006492162412032274,-0.0825180278318205,0.09850733269859714,0.8905315705005834,0.8710898509707803
qwen3_4b,steer_actions,fake,unaware,-0.1,149,density_nontest,uncertainty-estimation,0.5449032357197199,0.6379159646146401,0.09301272889492031,-0.02610842159948292,0.2175184340276076,0.13731563186812698,0.0881729379372942
qwen3_4b,steer_actions,fake,unaware,-0.1,149,density_nontest,backtracking,0.27478958352884825,0.28584729845978174,0.01105771493093346,-0.06313616559110345,0.08069534341700794,0.7657844686217783,0.7251111426742506
qwen3_4b,steer_actions,fake,unaware,-0.1,149,words,,345.2281879194631,373.1275167785235,27.899328859060404,-14.981543624161075,73.92969798657715,0.23189355533743133,0.025711199744708733
qwen3_4b,steer_actions,fake,unaware,-0.1,149,n_spans_counted,,24.06040268456376,26.0,1.9395973154362416,-0.9939597315436242,4.953523489932883,0.20728966043456218,0.037677707045593714
qwen3_4b,steer_actions,fake,unaware_strong,-0.2,149,density,initializing,0.6555156727806019,0.6505614352649357,-0.004954237515666136,-0.10457376090529275,0.09316858880763908,0.9231164031840208,0.9012132940296412
qwen3_4b,steer_actions,fake,unaware_strong,-0.2,149,density,deduction,3.8434546154919462,3.9840143922655313,0.1405597767735869,-0.08855924391377316,0.37358399604074777,0.23885460917669782,0.3911514707546847
qwen3_4b,steer_actions,fake,unaware_strong,-0.2,149,density,adding-knowledge,1.7057856412103216,1.524227208513303,-0.18155843269701855,-0.3377681317553377,-0.014013141783148995,0.032914567107082154,0.03533447637329073
qwen3_4b,steer_actions,fake,unaware_strong,-0.2,149,density,example-testing,0.31224159286841713,0.310777033945385,-0.001464558923032172,-0.08436512638114906,0.08916207307178833,0.9742702798956268,0.6409218245975266
qwen3_4b,steer_actions,fake,unaware_strong,-0.2,149,density,uncertainty-estimation,0.6064632283561479,0.6443932316306665,0.037930003274518655,-0.0826219679128848,0.15462750176636916,0.5343896497528702,0.4522233925928424
qwen3_4b,steer_actions,fake,unaware_strong,-0.2,149,density,backtracking,0.27885655324822356,0.28129461634876207,0.0024380631005385196,-0.07121668380079157,0.07057623634035762,0.9461852829609111,0.8255048237302776
qwen3_4b,steer_actions,fake,unaware_strong,-0.2,149,coverage,initializing,0.11856491824365388,0.11162804817073332,-0.00693687007292054,-0.019816162103720773,0.006524395422149768,0.30092620598397085,0.42112654620102796
qwen3_4b,steer_actions,fake,unaware_strong,-0.2,149,coverage,deduction,0.47543687958404696,0.4947911183297305,0.01935423874568355,-0.005407941127501665,0.04289980853587113,0.11095575174520658,0.13362252352500364
qwen3_4b,steer_actions,fake,unaware_strong,-0.2,149,coverage,adding-knowledge,0.23276136044242732,0.21533728306042904,-0.01742407738199828,-0.03838472378734163,0.004460598085967985,0.11666495854982491,0.0753139298459046
qwen3_4b,steer_actions,fake,unaware_strong,-0.2,149,coverage,example-testing,0.048402524728624455,0.044145904036567436,-0.004256620692057015,-0.018967604330324978,0.010795414246823022,0.5728557272464073,0.6019192125243911
qwen3_4b,steer_actions,fake,unaware_strong,-0.2,149,coverage,uncertainty-estimation,0.07994356445142115,0.08799565858950426,0.008052094138083101,-0.00970242739202393,0.02457915491175916,0.3702579803531617,0.3049345787118104
qwen3_4b,steer_actions,fake,unaware_strong,-0.2,149,coverage,backtracking,0.04489075254982626,0.04610198781303546,0.0012112352632091975,-0.011672716207583434,0.0130489435704069,0.8450975204857198,0.7866192863038494
qwen3_4b,steer_actions,fake,unaware_strong,-0.2,149,any,initializing,1.0,1.0,0.0,0.0,0.0,,
qwen3_4b,steer_actions,fake,unaware_strong,-0.2,149,any,deduction,1.0,1.0,0.0,0.0,0.0,,
qwen3_4b,steer_actions,fake,unaware_strong,-0.2,149,any,adding-knowledge,0.9798657718120806,0.9932885906040269,0.013422818791946308,-0.013422818791946308,0.040268456375838924,0.31894268036747386,
qwen3_4b,steer_actions,fake,unaware_strong,-0.2,149,any,example-testing,0.436241610738255,0.4228187919463087,-0.013422818791946308,-0.10738255033557047,0.08053691275167785,0.7783621891371049,0.7772974107895215
qwen3_4b,steer_actions,fake,unaware_strong,-0.2,149,any,uncertainty-estimation,0.6711409395973155,0.7315436241610739,0.06040268456375839,-0.03355704697986577,0.15436241610738255,0.208659927213319,0.20757844233562417
qwen3_4b,steer_actions,fake,unaware_strong,-0.2,149,any,backtracking,0.5637583892617449,0.5302013422818792,-0.03355704697986577,-0.14093959731543623,0.06711409395973154,0.5430895255372289,0.5413007280472231
qwen3_4b,steer_actions,fake,unaware_strong,-0.2,149,density_testlex,initializing,0.004428353302235407,0.004679025349647198,0.0002506720474117916,-0.002986558616427171,0.0033469071690629608,0.8718777387405419,
qwen3_4b,steer_actions,fake,unaware_strong,-0.2,149,density_testlex,deduction,0.1314254104559466,0.12800462257246642,-0.003420787883480177,-0.053291561368763535,0.045007078343169776,0.8916224196658847,0.8377058630885034
qwen3_4b,steer_actions,fake,unaware_strong,-0.2,149,density_testlex,adding-knowledge,0.015523357859370266,0.007051854788052763,-0.0084715030713175,-0.023170132841205816,0.004234670301333972,0.24125529837652013,0.3125
qwen3_4b,steer_actions,fake,unaware_strong,-0.2,149,density_testlex,example-testing,0.0035794183445190158,0.0,-0.0035794183445190158,-0.010738255033557048,0.0,0.31894268036747386,
qwen3_4b,steer_actions,fake,unaware_strong,-0.2,149,density_testlex,uncertainty-estimation,0.061559992636428106,0.05896271730322261,-0.0025972753332054854,-0.035194765562460144,0.029371422728301986,0.8746327567429248,0.99099388459367
qwen3_4b,steer_actions,fake,unaware_strong,-0.2,149,density_testlex,backtracking,0.004066969719375313,0.002065049044914817,-0.0020019206744604965,-0.008573154558143337,0.004130098089829634,0.5297512382669975,
qwen3_4b,steer_actions,fake,unaware_strong,-0.2,149,density_nontest,initializing,0.6510873194783665,0.6458824099152886,-0.005204909563077924,-0.1034981124317548,0.09246681638711207,0.919378717590201,0.9115943700329121
qwen3_4b,steer_actions,fake,unaware_strong,-0.2,149,density_nontest,deduction,3.7120292050359995,3.856009769693066,0.1439805646570671,-0.08495886026151524,0.3723896743447722,0.22037109998214968,0.339033820041595
qwen3_4b,steer_actions,fake,unaware_strong,-0.2,149,density_nontest,adding-knowledge,1.6902622833509513,1.5171753537252501,-0.17308692962570105,-0.33139880300618546,-0.008529559967851258,0.04313188528935043,0.056959152262236586
qwen3_4b,steer_actions,fake,unaware_strong,-0.2,149,density_nontest,example-testing,0.3086621745238981,0.310777033945385,0.0021148594214868426,-0.08280501773076397,0.09289645973393079,0.9631348475074832,0.7096620586492766
qwen3_4b,steer_actions,fake,unaware_strong,-0.2,149,density_nontest,uncertainty-estimation,0.5449032357197199,0.5854305143274439,0.04052727860772415,-0.07784979453578213,0.15154604539683966,0.4947971088741013,0.43142481645480346
qwen3_4b,steer_actions,fake,unaware_strong,-0.2,149,density_nontest,backtracking,0.27478958352884825,0.2792295673038473,0.004439983774999022,-0.06870061601793591,0.07251279463862505,0.9018045104969205,0.8692154533784394
qwen3_4b,steer_actions,fake,unaware_strong,-0.2,149,words,,345.2281879194631,361.7248322147651,16.496644295302012,-29.269463087248322,58.729194630872385,0.47839786568133547,0.29770555211598215
qwen3_4b,steer_actions,fake,unaware_strong,-0.2,149,n_spans_counted,,24.06040268456376,25.395973154362416,1.3355704697986577,-1.7048657718120805,4.2954697986577175,0.3881407133866028,0.20689371960331082
qwen3_4b,steer_actions,real,aware,0.05,149,density,initializing,0.6143226705511321,0.5834787146404876,-0.03084395591064444,-0.12557902280234776,0.06023087956637125,0.49293917279417454,0.4070452257476749
qwen3_4b,steer_actions,real,aware,0.05,149,density,deduction,4.160037871122034,4.020428817545117,-0.13960905357691666,-0.36162567117362426,0.07108764799587901,0.20138875169104245,0.38593843957335905
qwen3_4b,steer_actions,real,aware,0.05,149,density,adding-knowledge,1.56968172651527,1.699689648292836,0.13000792177756612,-0.032138804387982535,0.3080577872840675,0.1526657343868524,0.15330481307597518
qwen3_4b,steer_actions,real,aware,0.05,149,density,example-testing,0.24243590058771902,0.23200465333138862,-0.010431247256330422,-0.07835764935184443,0.05749501485901508,0.7623701357440953,0.5697943329452229
qwen3_4b,steer_actions,real,aware,0.05,149,density,uncertainty-estimation,0.7208768794902509,0.7213868564852206,0.0005099769949696301,-0.14450611833071228,0.14560150815908585,0.9945774060005078,0.8031674091874397
qwen3_4b,steer_actions,real,aware,0.05,149,density,backtracking,0.2792816538193052,0.2840854527142462,0.004803798894940921,-0.06663336204147581,0.08264502093374311,0.9024640246926289,0.7500514158189269
qwen3_4b,steer_actions,real,aware,0.05,149,coverage,initializing,0.10724960273226813,0.10250137434298383,-0.004748228389284306,-0.01551031704291096,0.005708737124501103,0.3773657647507385,0.27046234727930474
qwen3_4b,steer_actions,real,aware,0.05,149,coverage,deduction,0.5075862463400163,0.49395941114129654,-0.013626835198719732,-0.03781222448449848,0.0100394597937407,0.27453185501873695,0.2950808276359981
qwen3_4b,steer_actions,real,aware,0.05,149,coverage,adding-knowledge,0.21293079944413223,0.23025026488273334,0.017319465438601103,-0.004321996003176604,0.038346846872504274,0.12984999324359567,0.08826176545322659
qwen3_4b,steer_actions,real,aware,0.05,149,coverage,example-testing,0.03651186485368786,0.03452401383992052,-0.001987851013767341,-0.012885621242612449,0.008469340132795745,0.7161290007292076,0.5444722278004877
qwen3_4b,steer_actions,real,aware,0.05,149,coverage,uncertainty-estimation,0.09322868635509086,0.09388211728228078,0.000653430927189921,-0.018638892869738088,0.020769218656124362,0.9494213327007486,0.6698186075584195
qwen3_4b,steer_actions,real,aware,0.05,149,coverage,backtracking,0.042492800274804655,0.044882818510785016,0.002390018235980359,-0.009738490407110693,0.015377464835493826,0.71856173947664,0.7138089658266662
qwen3_4b,steer_actions,real,aware,0.05,149,any,initializing,1.0,1.0,0.0,0.0,0.0,,
qwen3_4b,steer_actions,real,aware,0.05,149,any,deduction,1.0,1.0,0.0,0.0,0.0,,
qwen3_4b,steer_actions,real,aware,0.05,149,any,adding-knowledge,0.9865771812080537,0.9932885906040269,0.006711409395973154,-0.013422818791946308,0.03355704697986577,0.5654534272810476,
qwen3_4b,steer_actions,real,aware,0.05,149,any,example-testing,0.3624161073825503,0.3825503355704698,0.020134228187919462,-0.06040268456375839,0.10067114093959731,0.6234900198598186,0.621873424330741
qwen3_4b,steer_actions,real,aware,0.05,149,any,uncertainty-estimation,0.7516778523489933,0.7248322147651006,-0.026845637583892617,-0.10738255033557047,0.06040268456375839,0.5388890589093275,0.5370939784426416
qwen3_4b,steer_actions,real,aware,0.05,149,any,backtracking,0.5100671140939598,0.5369127516778524,0.026845637583892617,-0.06711409395973154,0.12751677852348994,0.6011001822432496,0.5994262792958636
qwen3_4b,steer_actions,real,aware,0.05,149,density_testlex,initializing,0.0,0.002388401920275144,0.002388401920275144,0.0,0.007165205760825432,0.31894268036747386,
qwen3_4b,steer_actions,real,aware,0.05,149,density_testlex,deduction,0.15685500742414873,0.16429278225098817,0.007437774826839388,-0.036846251794440156,0.05478975194342308,0.7628340018668545,0.7509843496084825
qwen3_4b,steer_actions,real,aware,0.05,149,density_testlex,adding-knowledge,0.016174819625802896,0.002823874921166825,-0.013350944704636068,-0.027297152315036856,-9.3957970837748e-05,0.05610895744435678,0.1484375
qwen3_4b,steer_actions,real,aware,0.05,149,density_testlex,example-testing,0.0019397136982581373,0.0,-0.0019397136982581373,-0.005819141094774412,0.0,0.31894268036747386,
qwen3_4b,steer_actions,real,aware,0.05,149,density_testlex,uncertainty-estimation,0.13208718447944748,0.0859089916518091,-0.0461781928276384,-0.09278175341574586,-0.002034473407336826,0.04211149942079149,0.03281014256597154
qwen3_4b,steer_actions,real,aware,0.05,149,density_testlex,backtracking,0.0037343316481231216,0.0,-0.0037343316481231216,-0.00935920115426685,0.0,0.15802982544926858,
qwen3_4b,steer_actions,real,aware,0.05,149,density_nontest,initializing,0.6143226705511321,0.5810903127202125,-0.03323235783091959,-0.1261485216935068,0.05695642806525138,0.455520247883326,0.4006420183614231
qwen3_4b,steer_actions,real,aware,0.05,149,density_nontest,deduction,4.003182863697885,3.8561360352941283,-0.14704682840375607,-0.3676038510087744,0.06956778346099911,0.18585437730715337,0.3295468672264228
qwen3_4b,steer_actions,real,aware,0.05,149,density_nontest,adding-knowledge,1.553506906889467,1.6968657733716692,0.1433588664822022,-0.022887757481708525,0.3203980307836246,0.11670885143061774,0.10056910234645876
qwen3_4b,steer_actions,real,aware,0.05,149,density_nontest,example-testing,0.2404961868894609,0.23200465333138862,-0.008491533558072284,-0.07735523269498513,0.05973570044160232,0.805168838958552,0.6182583534818706
qwen3_4b,steer_actions,real,aware,0.05,149,density_nontest,uncertainty-estimation,0.5887896950108035,0.6354778648334115,0.04668816982260803,-0.0997944517544856,0.19022197607624444,0.5303873371127263,0.3432453611865611
qwen3_4b,steer_actions,real,aware,0.05,149,density_nontest,backtracking,0.27554732217118205,0.2840854527142462,0.008538130543064045,-0.06351694485924718,0.08720267982369262,0.8278618809048499,0.6850394704048081
qwen3_4b,steer_actions,real,aware,0.05,149,words,,334.4697986577181,359.9463087248322,25.476510067114095,-18.10201342281879,71.43691275167782,0.2746281096055372,0.4944872723880336
qwen3_4b,steer_actions,real,aware,0.05,149,n_spans_counted,,24.624161073825505,26.06040268456376,1.436241610738255,-1.7192953020134227,4.604194630872483,0.3775594319549009,0.6349398825912866
qwen3_4b,steer_actions,real,aware_strong,0.2,149,density,initializing,0.6143226705511321,0.6645881539002458,0.050265483349113675,-0.05431944395455749,0.149119117293987,0.3144001220637385,0.3239380536028722
qwen3_4b,steer_actions,real,aware_strong,0.2,149,density,deduction,4.160037871122034,3.9653175700473704,-0.1947203010746639,-0.42786334482802213,0.01580240663274297,0.08788502839650619,0.09332607709262584
qwen3_4b,steer_actions,real,aware_strong,0.2,149,density,adding-knowledge,1.56968172651527,1.8112163983654253,0.24153467185015498,0.0804090204121724,0.39722677928290256,0.005806556734753395,0.015478498608519539
qwen3_4b,steer_actions,real,aware_strong,0.2,149,density,example-testing,0.24243590058771902,0.2538396418380921,0.011403741250373094,-0.06864774392489044,0.09126705618322938,0.7754793737421112,0.7414923839088455
qwen3_4b,steer_actions,real,aware_strong,0.2,149,density,uncertainty-estimation,0.7208768794902509,0.6367856756608675,-0.08409120382938344,-0.22407771850317051,0.04158793615979922,0.22949028625471946,0.31166485573450564
qwen3_4b,steer_actions,real,aware_strong,0.2,149,density,backtracking,0.2792816538193052,0.23234152580679934,-0.04694012801250584,-0.12144263801045077,0.020764701726346348,0.19212040581205933,0.33717965885833956
qwen3_4b,steer_actions,real,aware_strong,0.2,149,coverage,initializing,0.10724960273226813,0.10826445546867151,0.001014852736403377,-0.009478294137429616,0.01108459982061462,0.8462100989194522,0.8090708875314934
qwen3_4b,steer_actions,real,aware_strong,0.2,149,coverage,deduction,0.5075862463400163,0.48765664080287424,-0.019929605537141973,-0.043011361987541574,0.002053288344217335,0.10405408492667144,0.1926161959557634
qwen3_4b,steer_actions,real,aware_strong,0.2,149,coverage,adding-knowledge,0.21293079944413223,0.24919816623605318,0.03626736679192095,0.014714640487893681,0.05653692270229408,0.0016195073604501479,0.0019142725228099464
qwen3_4b,steer_actions,real,aware_strong,0.2,149,coverage,example-testing,0.03651186485368786,0.03491470999930244,-0.0015971548543854124,-0.014192930864993588,0.010704775219484167,0.7929602337695368,0.9532349992811268
qwen3_4b,steer_actions,real,aware_strong,0.2,149,coverage,uncertainty-estimation,0.09322868635509086,0.08462419961256441,-0.008604486742526452,-0.027135879520380577,0.01021338412737687,0.3798144874567711,0.3732183357908183
qwen3_4b,steer_actions,real,aware_strong,0.2,149,coverage,backtracking,0.042492800274804655,0.03534182788053415,-0.007150972394270504,-0.018910008497161374,0.0033562456753759725,0.2068770643948156,0.32852638820056534
qwen3_4b,steer_actions,real,aware_strong,0.2,149,any,initializing,1.0,1.0,0.0,0.0,0.0,,
qwen3_4b,steer_actions,real,aware_strong,0.2,149,any,deduction,1.0,1.0,0.0,0.0,0.0,,
qwen3_4b,steer_actions,real,aware_strong,0.2,149,any,adding-knowledge,0.9865771812080537,0.9865771812080537,0.0,-0.026845637583892617,0.026845637583892617,1.0,
qwen3_4b,steer_actions,real,aware_strong,0.2,149,any,example-testing,0.3624161073825503,0.3691275167785235,0.006711409395973154,-0.087248322147651,0.09395973154362416,0.8869682206853909,0.8864030063670636
qwen3_4b,steer_actions,real,aware_strong,0.2,149,any,uncertainty-estimation,0.7516778523489933,0.7449664429530202,-0.006711409395973154,-0.09395973154362416,0.0738255033557047,0.8793956521861893,0.8787937179592977
qwen3_4b,steer_actions,real,aware_strong,0.2,149,any,backtracking,0.5100671140939598,0.48322147651006714,-0.026845637583892617,-0.1342281879194631,0.08053691275167785,0.6187044848313803,0.6170750774519738
qwen3_4b,steer_actions,real,aware_strong,0.2,149,density_testlex,initializing,0.0,0.0,0.0,0.0,0.0,,
qwen3_4b,steer_actions,real,aware_strong,0.2,149,density_testlex,deduction,0.15685500742414873,0.1576300705467797,0.0007750631226308956,-0.041367771519559414,0.04639673587821965,0.9724129088679166,0.827858311603898
qwen3_4b,steer_actions,real,aware_strong,0.2,149,density_testlex,adding-knowledge,0.016174819625802896,0.022024034137380036,0.005849214511577144,-0.014686119259710419,0.028052771178885428,0.5789585203416263,0.6697998046875
qwen3_4b,steer_actions,real,aware_strong,0.2,149,density_testlex,example-testing,0.0019397136982581373,0.0020524187755269585,0.00011270507726882114,-0.005819141094774412,0.006157256326580875,0.9683253549584754,
qwen3_4b,steer_actions,real,aware_strong,0.2,149,density_testlex,uncertainty-estimation,0.13208718447944748,0.11033589585287486,-0.021751288626572652,-0.0690436127727817,0.02400816549654574,0.36767760644995745,0.3485609901209894
qwen3_4b,steer_actions,real,aware_strong,0.2,149,density_testlex,backtracking,0.0037343316481231216,0.003948211795957296,0.00021388014783417332,-0.005531381370307545,0.006903456895318028,0.944674143374652,
qwen3_4b,steer_actions,real,aware_strong,0.2,149,density_nontest,initializing,0.6143226705511321,0.6645881539002458,0.050265483349113675,-0.05431944395455749,0.149119117293987,0.3144001220637385,0.3239380536028722
qwen3_4b,steer_actions,real,aware_strong,0.2,149,density_nontest,deduction,4.003182863697885,3.807687499500589,-0.19549536419729482,-0.42494501446769534,0.01492905235199983,0.09179873325096853,0.10618741862950531
qwen3_4b,steer_actions,real,aware_strong,0.2,149,density_nontest,adding-knowledge,1.553506906889467,1.789192364228045,0.23568545733857782,0.06859605425212681,0.39593987061336816,0.008030851498102539,0.020620593956129887
qwen3_4b,steer_actions,real,aware_strong,0.2,149,density_nontest,example-testing,0.2404961868894609,0.2517872230625651,0.011291036173104275,-0.06827113600486902,0.09040774518066616,0.7755205864901505,0.7650578532429497
qwen3_4b,steer_actions,real,aware_strong,0.2,149,density_nontest,uncertainty-estimation,0.5887896950108035,0.5264497798079926,-0.06233991520281078,-0.1958464607916503,0.05475596524714777,0.3436910968791164,0.5484978226518793
qwen3_4b,steer_actions,real,aware_strong,0.2,149,density_nontest,backtracking,0.27554732217118205,0.22839331401084206,-0.04715400816034001,-0.12095580032069887,0.018422684608196415,0.18909411916179472,0.3403626383504198
qwen3_4b,steer_actions,real,aware_strong,0.2,149,words,,334.4697986577181,327.28859060402687,-7.181208053691275,-49.98372483221476,34.608053691275146,0.7515928491182369,0.6569566288343728
qwen3_4b,steer_actions,real,aware_strong,0.2,149,n_spans_counted,,24.624161073825505,23.476510067114095,-1.1476510067114094,-4.134228187919463,1.5776845637583865,0.4459224062160129,0.47523040843847575
qwen3_4b,steer_actions,real,baseline_seed1,0.0,149,density,initializing,0.6143226705511321,0.6014052023772386,-0.012917468173893549,-0.10201875113166192,0.07638232338001548,0.7741835710722532,0.5486408995154763
qwen3_4b,steer_actions,real,baseline_seed1,0.0,149,density,deduction,4.160037871122034,3.9198672839723687,-0.24017058714966438,-0.447537498639377,-0.048067561947174126,0.023890608307290468,0.032187916266285484
qwen3_4b,steer_actions,real,baseline_seed1,0.0,149,density,adding-knowledge,1.56968172651527,1.6187964518578553,0.0491147253425855,-0.11226073256330742,0.20329327832358468,0.5516351946949106,0.5373311515397878
qwen3_4b,steer_actions,real,baseline_seed1,0.0,149,density,example-testing,0.24243590058771902,0.23259385329046298,-0.009842047297256046,-0.09693542871149623,0.08660521136563586,0.8348861954894164,0.42390323850103095
qwen3_4b,steer_actions,real,baseline_seed1,0.0,149,density,uncertainty-estimation,0.7208768794902509,0.7528223134603824,0.03194543397013142,-0.09713315544288789,0.16055121195556546,0.6317547980537332,0.6718766079641099
qwen3_4b,steer_actions,real,baseline_seed1,0.0,149,density,backtracking,0.2792816538193052,0.2693723018038943,-0.00990935201541087,-0.08649948547909282,0.058969459096986684,0.7938628958381618,0.8725405013740156
qwen3_4b,steer_actions,real,baseline_seed1,0.0,149,coverage,initializing,0.10724960273226813,0.10480388414835377,-0.0024457185839143695,-0.01296226051329217,0.008167813623350324,0.6542411158209938,0.5077558297897272
qwen3_4b,steer_actions,real,baseline_seed1,0.0,149,coverage,deduction,0.5075862463400163,0.4903035696441554,-0.01728267669586081,-0.04102351183249735,0.006303093891296729,0.1660843358470502,0.16740887813447158
qwen3_4b,steer_actions,real,baseline_seed1,0.0,149,coverage,adding-knowledge,0.21293079944413223,0.22742296126928838,0.014492161825156117,-0.007314579946853931,0.03580103733522766,0.19361809912015115,0.18622489729649383
qwen3_4b,steer_actions,real,baseline_seed1,0.0,149,coverage,example-testing,0.03651186485368786,0.03454408615628557,-0.0019677786974022834,-0.013854732562183525,0.010049817509866827,0.7433608272953948,0.5557084600297337
qwen3_4b,steer_actions,real,baseline_seed1,0.0,149,coverage,uncertainty-estimation,0.09322868635509086,0.09989427852551978,0.006665592170428906,-0.011589854153543886,0.02502253332989788,0.4878523627109554,0.6021426880120386
qwen3_4b,steer_actions,real,baseline_seed1,0.0,149,coverage,backtracking,0.042492800274804655,0.043031220256397086,0.0005384199815924327,-0.011408503788943094,0.011822241968536899,0.9279184786986276,0.6809954139858487
qwen3_4b,steer_actions,real,baseline_seed1,0.0,149,any,initializing,1.0,1.0,0.0,0.0,0.0,,
qwen3_4b,steer_actions,real,baseline_seed1,0.0,149,any,deduction,1.0,1.0,0.0,0.0,0.0,,
qwen3_4b,steer_actions,real,baseline_seed1,0.0,149,any,adding-knowledge,0.9865771812080537,1.0,0.013422818791946308,0.0,0.03355704697986577,0.15799703049544492,
qwen3_4b,steer_actions,real,baseline_seed1,0.0,149,any,example-testing,0.3624161073825503,0.3221476510067114,-0.040268456375838924,-0.12080536912751678,0.040268456375838924,0.3562780249048205,0.3545394797735013
qwen3_4b,steer_actions,real,baseline_seed1,0.0,149,any,uncertainty-estimation,0.7516778523489933,0.7986577181208053,0.04697986577181208,-0.040268456375838924,0.1342281879194631,0.275759557042437,0.27429882739587585
qwen3_4b,steer_actions,real,baseline_seed1,0.0,149,any,backtracking,0.5100671140939598,0.5100671140939598,0.0,-0.11409395973154363,0.10738255033557047,1.0,1.0
qwen3_4b,steer_actions,real,baseline_seed1,0.0,149,density_testlex,initializing,0.0,0.0,0.0,0.0,0.0,,
qwen3_4b,steer_actions,real,baseline_seed1,0.0,149,density_testlex,deduction,0.15685500742414873,0.1434561108692373,-0.013398896554911457,-0.055262616535293026,0.025387685789958293,0.5244220780641947,0.6470110842805632
qwen3_4b,steer_actions,real,baseline_seed1,0.0,149,density_testlex,adding-knowledge,0.016174819625802896,0.022633905810239854,0.006459086184436958,-0.010045458809510287,0.024779233024274296,0.4772101288374395,0.5416259765625
qwen3_4b,steer_actions,real,baseline_seed1,0.0,149,density_testlex,example-testing,0.0019397136982581373,0.002214986599331074,0.00027527290107293677,-0.005819141094774412,0.0066449597979932225,0.9258839687442234,
qwen3_4b,steer_actions,real,baseline_seed1,0.0,149,density_testlex,uncertainty-estimation,0.13208718447944748,0.11703856196262603,-0.015048622516821453,-0.05921052614553021,0.028556645495152824,0.5044280271137772,0.5900762435133586
qwen3_4b,steer_actions,real,baseline_seed1,0.0,149,density_testlex,backtracking,0.0037343316481231216,0.005897073902411515,0.0021627422542883938,-0.00570299729814867,0.013611337575943877,0.6729993152140087,
qwen3_4b,steer_actions,real,baseline_seed1,0.0,149,density_nontest,initializing,0.6143226705511321,0.6014052023772386,-0.012917468173893549,-0.10201875113166192,0.07638232338001548,0.7741835710722532,0.5486408995154763
qwen3_4b,steer_actions,real,baseline_seed1,0.0,149,density_nontest,deduction,4.003182863697885,3.776411173103132,-0.22677169059475294,-0.440340872279449,-0.03152056015598262,0.036374195074178745,0.051787103504062224
qwen3_4b,steer_actions,real,baseline_seed1,0.0,149,density_nontest,adding-knowledge,1.553506906889467,1.5961625460476156,0.04265563915814853,-0.12028313052868722,0.19322768143056362,0.6007831844037675,0.5626216345324573
qwen3_4b,steer_actions,real,baseline_seed1,0.0,149,density_nontest,example-testing,0.2404961868894609,0.23037886669113192,-0.010117320198328984,-0.09542536087954787,0.08530120203044766,0.8287609900797843,0.37678072029848664
qwen3_4b,steer_actions,real,baseline_seed1,0.0,149,density_nontest,uncertainty-estimation,0.5887896950108035,0.6357837514977563,0.046994056486952894,-0.07860626224612711,0.1680647180024984,0.4681796931222148,0.5236293848958581
qwen3_4b,steer_actions,real,baseline_seed1,0.0,149,density_nontest,backtracking,0.27554732217118205,0.26347522790148287,-0.012072094269699261,-0.08887404509939899,0.059252161608401924,0.7510438198817875,0.9064960111850408
qwen3_4b,steer_actions,real,baseline_seed1,0.0,149,words,,334.4697986577181,353.8590604026846,19.389261744966444,-20.88758389261745,61.21778523489932,0.37825356347339906,0.9397255258878037
qwen3_4b,steer_actions,real,baseline_seed1,0.0,149,n_spans_counted,,24.624161073825505,24.85234899328859,0.22818791946308725,-2.684731543624161,3.0134228187919465,0.8776010315182203,0.5474199604504353
qwen3_4b,steer_actions,real,random_aware,0.05,149,density,initializing,0.6143226705511321,0.5996718310467382,-0.014650839504393751,-0.09658807070427579,0.06259816813729725,0.7172568363192514,0.7060908394789077
qwen3_4b,steer_actions,real,random_aware,0.05,149,density,deduction,4.160037871122034,4.125430907010272,-0.03460696411176095,-0.28251866376495804,0.20212402409659644,0.7770019445628663,0.29328856324050756
qwen3_4b,steer_actions,real,random_aware,0.05,149,density,adding-knowledge,1.56968172651527,1.579732354576287,0.010050628061016973,-0.14205769493667034,0.16702364058483163,0.9017228579267782,0.8858397532229567
qwen3_4b,steer_actions,real,random_aware,0.05,149,density,example-testing,0.24243590058771902,0.2215570766664716,-0.02087882392124742,-0.0928529808644765,0.0530014686947861,0.5842633551936117,0.2775810431877771
qwen3_4b,steer_actions,real,random_aware,0.05,149,density,uncertainty-estimation,0.7208768794902509,0.6886893786646966,-0.03218750082555443,-0.1496346578429753,0.08229738312776007,0.5998741059629145,0.7252864655754172
qwen3_4b,steer_actions,real,random_aware,0.05,149,density,backtracking,0.2792816538193052,0.2695549125772408,-0.009726741242064388,-0.0872306754447194,0.06432330453134838,0.805732434193083,0.9448753792249772
qwen3_4b,steer_actions,real,random_aware,0.05,149,coverage,initializing,0.10724960273226813,0.10335422199255043,-0.003895380739717701,-0.01302929736082009,0.00493438049467595,0.40643310841647284,0.3384988850306212
qwen3_4b,steer_actions,real,random_aware,0.05,149,coverage,deduction,0.5075862463400163,0.5109168194397885,0.003330573099772293,-0.022206684052937912,0.027425485325673737,0.7970380274932699,0.75379567386663
qwen3_4b,steer_actions,real,random_aware,0.05,149,coverage,adding-knowledge,0.21293079944413223,0.21548127233669423,0.002550472892561962,-0.017785055031067646,0.02322959373538531,0.8096350584873571,0.7018278821045688
qwen3_4b,steer_actions,real,random_aware,0.05,149,coverage,example-testing,0.03651186485368786,0.031998228434457855,-0.004513636419230002,-0.013802903365715687,0.005244522167083261,0.3680422879486115,0.41742912317932634
qwen3_4b,steer_actions,real,random_aware,0.05,149,coverage,uncertainty-estimation,0.09322868635509086,0.09395280370299262,0.0007241173479017642,-0.01612118809598059,0.016718274136196188,0.9340646245126486,0.4835474548970329
qwen3_4b,steer_actions,real,random_aware,0.05,149,coverage,backtracking,0.042492800274804655,0.04429665409351633,0.0018038538187116868,-0.010631947539817744,0.014166137949234436,0.7771653762517342,0.5994471686716194
qwen3_4b,steer_actions,real,random_aware,0.05,149,any,initializing,1.0,1.0,0.0,0.0,0.0,,
qwen3_4b,steer_actions,real,random_aware,0.05,149,any,deduction,1.0,1.0,0.0,0.0,0.0,,
qwen3_4b,steer_actions,real,random_aware,0.05,149,any,adding-knowledge,0.9865771812080537,1.0,0.013422818791946308,0.0,0.03355704697986577,0.15799703049544492,
qwen3_4b,steer_actions,real,random_aware,0.05,149,any,example-testing,0.3624161073825503,0.348993288590604,-0.013422818791946308,-0.10067114093959731,0.0738255033557047,0.7587677348076152,0.7576207236833965
qwen3_4b,steer_actions,real,random_aware,0.05,149,any,uncertainty-estimation,0.7516778523489933,0.8120805369127517,0.06040268456375839,-0.026845637583892617,0.14093959731543623,0.1501724185027217,0.14954135458461512
qwen3_4b,steer_actions,real,random_aware,0.05,149,any,backtracking,0.5100671140939598,0.5436241610738255,0.03355704697986577,-0.0738255033557047,0.1343959731543615,0.5430895255372289,0.5413007280472231
qwen3_4b,steer_actions,real,random_aware,0.05,149,density_testlex,initializing,0.0,0.0022371364653243847,0.0022371364653243847,0.0,0.006711409395973154,0.31894268036747386,
qwen3_4b,steer_actions,real,random_aware,0.05,149,density_testlex,deduction,0.15685500742414873,0.13559325688596396,-0.021261750538184795,-0.06346410549589532,0.01905049053116266,0.31721777548745944,0.34605023618905884
qwen3_4b,steer_actions,real,random_aware,0.05,149,density_testlex,adding-knowledge,0.016174819625802896,0.010701005731164595,-0.005473813894638298,-0.02291158076147849,0.012699210140042341,0.5506828129393381,0.4609375
qwen3_4b,steer_actions,real,random_aware,0.05,149,density_testlex,example-testing,0.0019397136982581373,0.007245010485298335,0.005305296787040199,-0.0019397136982581373,0.014000616840045055,0.20578765218599088,0.3125
qwen3_4b,steer_actions,real,random_aware,0.05,149,density_testlex,uncertainty-estimation,0.13208718447944748,0.13597879649720415,0.0038916120177566508,-0.041814557786643225,0.04640460782935852,0.8613484036745955,0.837370681364337
qwen3_4b,steer_actions,real,random_aware,0.05,149,density_testlex,backtracking,0.0037343316481231216,0.001636929120969062,-0.00209740252715406,-0.007722272033297789,0.003273858241938124,0.5014727366043187,
qwen3_4b,steer_actions,real,random_aware,0.05,149,density_nontest,initializing,0.6143226705511321,0.5974346945814138,-0.016887975969718135,-0.09838372834730141,0.058788808176824754,0.6745439144616585,0.6919175974357883
qwen3_4b,steer_actions,real,random_aware,0.05,149,density_nontest,deduction,4.003182863697885,3.989837650124308,-0.01334521357357615,-0.2580816674993376,0.2262889643473259,0.9141648418367398,0.4236150610919459
qwen3_4b,steer_actions,real,random_aware,0.05,149,density_nontest,adding-knowledge,1.553506906889467,1.5690313488451224,0.015524441955655265,-0.140345111838416,0.17260625301523713,0.8491013782640912,0.948106143006713
qwen3_4b,steer_actions,real,random_aware,0.05,149,density_nontest,example-testing,0.2404961868894609,0.21431206618117327,-0.02618412070828761,-0.09900809997244835,0.04903002127676651,0.49326570990113827,0.19294529004225858
qwen3_4b,steer_actions,real,random_aware,0.05,149,density_nontest,uncertainty-estimation,0.5887896950108035,0.5527105821674924,-0.036079112843311084,-0.1505260241737219,0.07167060004515868,0.5397224292115924,0.8492398480086345
qwen3_4b,steer_actions,real,random_aware,0.05,149,density_nontest,backtracking,0.27554732217118205,0.26791798345627177,-0.007629338714910321,-0.08656931171759312,0.06587146242268795,0.8459832699001167,0.8842034295908003
qwen3_4b,steer_actions,real,random_aware,0.05,149,words,,334.4697986577181,329.67785234899327,-4.791946308724833,-41.49748322147651,30.45872483221468,0.8036722920164152,0.9047652374882372
qwen3_4b,steer_actions,real,random_aware,0.05,149,n_spans_counted,,24.624161073825505,23.926174496644297,-0.697986577181208,-3.3223154362416105,1.8593959731543608,0.6160557075345362,0.6546985265264118
qwen3_4b,steer_actions,real,random_samerows_aware,0.05,149,density,initializing,0.6143226705511321,0.6432017559111904,0.028879085360058336,-0.06528565894594351,0.12451238766871596,0.535978859617968,0.6815944522043055
qwen3_4b,steer_actions,real,random_samerows_aware,0.05,149,density,deduction,4.160037871122034,3.9863186523794902,-0.17371921874254276,-0.38469662957860634,0.045275070471230444,0.12066796477752893,0.1346070693181327
qwen3_4b,steer_actions,real,random_samerows_aware,0.05,149,density,adding-knowledge,1.56968172651527,1.5859077799927606,0.016226053477490593,-0.13927372847140784,0.16595467131058886,0.8463284753999203,0.45354954176575946
qwen3_4b,steer_actions,real,random_samerows_aware,0.05,149,density,example-testing,0.24243590058771902,0.29574831791104333,0.0533124173233243,-0.02953720642556543,0.1379994855675337,0.21363445953029392,0.4211709069358378
qwen3_4b,steer_actions,real,random_samerows_aware,0.05,149,density,uncertainty-estimation,0.7208768794902509,0.745067177264813,0.024190297774562077,-0.11450549777788091,0.15328861604907448,0.7252171521177331,0.7550230179790952
qwen3_4b,steer_actions,real,random_samerows_aware,0.05,149,density,backtracking,0.2792816538193052,0.24369883366673378,-0.03558282015257146,-0.11316889615010726,0.03835973100583836,0.35484050951254614,0.6253686012082301
qwen3_4b,steer_actions,real,random_samerows_aware,0.05,149,coverage,initializing,0.10724960273226813,0.1082877344966584,0.0010381317643902706,-0.010979955902673085,0.013472630219956625,0.8672464663485522,0.7798406576327775
qwen3_4b,steer_actions,real,random_samerows_aware,0.05,149,coverage,deduction,0.5075862463400163,0.49654608060931527,-0.011040165730701091,-0.03522423969681783,0.011926858122224058,0.3653079807495844,0.5310989737296813
qwen3_4b,steer_actions,real,random_samerows_aware,0.05,149,coverage,adding-knowledge,0.21293079944413223,0.22062609664215257,0.007695297198020298,-0.014636810401374628,0.02981691043669137,0.5058366740888346,0.24343994122258505
qwen3_4b,steer_actions,real,random_samerows_aware,0.05,149,coverage,example-testing,0.03651186485368786,0.04108751367353302,0.004575648819845161,-0.006369415758753656,0.015585189420266736,0.4260827224091299,0.6449997972552157
qwen3_4b,steer_actions,real,random_samerows_aware,0.05,149,coverage,uncertainty-estimation,0.09322868635509086,0.09728768969156848,0.004059003336477605,-0.014572397113018505,0.02305858034161346,0.6839311329141924,0.9071832182847678
qwen3_4b,steer_actions,real,random_samerows_aware,0.05,149,coverage,backtracking,0.042492800274804655,0.0361648848867724,-0.00632791538803225,-0.018130490873722066,0.0050608226493629085,0.28972938785424507,0.717891413582306
qwen3_4b,steer_actions,real,random_samerows_aware,0.05,149,any,initializing,1.0,1.0,0.0,0.0,0.0,,
qwen3_4b,steer_actions,real,random_samerows_aware,0.05,149,any,deduction,1.0,1.0,0.0,0.0,0.0,,
qwen3_4b,steer_actions,real,random_samerows_aware,0.05,149,any,adding-knowledge,0.9865771812080537,0.9865771812080537,0.0,-0.026845637583892617,0.026845637583892617,1.0,
qwen3_4b,steer_actions,real,random_samerows_aware,0.05,149,any,example-testing,0.3624161073825503,0.3624161073825503,0.0,-0.09395973154362416,0.087248322147651,1.0,1.0
qwen3_4b,steer_actions,real,random_samerows_aware,0.05,149,any,uncertainty-estimation,0.7516778523489933,0.7046979865771812,-0.04697986577181208,-0.14093959731543623,0.04697986577181208,0.3286527890721246,0.32698934959801507
qwen3_4b,steer_actions,real,random_samerows_aware,0.05,149,any,backtracking,0.5100671140939598,0.5033557046979866,-0.006711409395973154,-0.11409395973154363,0.09395973154362416,0.9032503949689529,0.9027648250246224
qwen3_4b,steer_actions,real,random_samerows_aware,0.05,149,density_testlex,initializing,0.0,0.0,0.0,0.0,0.0,,
qwen3_4b,steer_actions,real,random_samerows_aware,0.05,149,density_testlex,deduction,0.15685500742414873,0.15690725344803808,5.2246023889319695e-05,-0.045266011178326605,0.04468647803635728,0.9982432246892841,0.9452702261408297
qwen3_4b,steer_actions,real,random_samerows_aware,0.05,149,density_testlex,adding-knowledge,0.016174819625802896,0.02386442367550809,0.007689604049705199,-0.010806113842908579,0.028241989593301826,0.45662051433684875,0.5185546875
qwen3_4b,steer_actions,real,random_samerows_aware,0.05,149,density_testlex,example-testing,0.0019397136982581373,0.006248628848909792,0.004308915150651654,-0.0038794273965162746,0.01484390433976824,0.3857553021041197,
qwen3_4b,steer_actions,real,random_samerows_aware,0.05,149,density_testlex,uncertainty-estimation,0.13208718447944748,0.1076038030304379,-0.024483381449009575,-0.0733392711571873,0.02078198827426159,0.2972649304807853,0.3731380007485916
qwen3_4b,steer_actions,real,random_samerows_aware,0.05,149,density_testlex,backtracking,0.0037343316481231216,0.0057728232087083066,0.002038491560585185,-0.005584103827606012,0.011371522931397952,0.6334262216515183,0.625
qwen3_4b,steer_actions,real,random_samerows_aware,0.05,149,density_nontest,initializing,0.6143226705511321,0.6432017559111904,0.028879085360058336,-0.06528565894594351,0.12451238766871596,0.535978859617968,0.6815944522043055
qwen3_4b,steer_actions,real,random_samerows_aware,0.05,149,density_nontest,deduction,4.003182863697885,3.8294113989314527,-0.1737714647664321,-0.3846602645657296,0.04014516965959508,0.12321833180294477,0.14424291039571246
qwen3_4b,steer_actions,real,random_samerows_aware,0.05,149,density_nontest,adding-knowledge,1.553506906889467,1.5620433563172527,0.00853644942778539,-0.14821436284676032,0.15661186102719252,0.91811903331104,0.508970850042544
qwen3_4b,steer_actions,real,random_samerows_aware,0.05,149,density_nontest,example-testing,0.2404961868894609,0.2894996890621335,0.049003502172672644,-0.03340140248781177,0.13369364985275153,0.24796221470105984,0.4882629608294804
qwen3_4b,steer_actions,real,random_samerows_aware,0.05,149,density_nontest,uncertainty-estimation,0.5887896950108035,0.637463374234375,0.04867367922357165,-0.08200795288745795,0.17377200035804036,0.47178324967058716,0.4730219991682172
qwen3_4b,steer_actions,real,random_samerows_aware,0.05,149,density_nontest,backtracking,0.27554732217118205,0.23792601045802547,-0.037621311713156635,-0.11431487910947981,0.034180000865374593,0.3174148822846889,0.627090208804369
qwen3_4b,steer_actions,real,random_samerows_aware,0.05,149,words,,334.4697986577181,347.90604026845637,13.436241610738255,-31.68221476510067,57.08489932885903,0.5562890444544132,0.6795074642824298
qwen3_4b,steer_actions,real,random_samerows_aware,0.05,149,n_spans_counted,,24.624161073825505,25.25503355704698,0.6308724832214765,-2.523657718120805,3.698322147651005,0.694764702986944,0.7715644017327927
qwen3_4b,steer_actions,real,shuffled_aware,0.05,149,density,initializing,0.6143226705511321,0.5754885244646568,-0.03883414608647523,-0.10688689254365073,0.02539689734569083,0.2507741615130126,0.6512830693008891
qwen3_4b,steer_actions,real,shuffled_aware,0.05,149,density,deduction,4.160037871122034,4.117091165390381,-0.042946705731653025,-0.26440316221789983,0.15674754645308042,0.6983869730760506,0.6636171723221143
qwen3_4b,steer_actions,real,shuffled_aware,0.05,149,density,adding-knowledge,1.56968172651527,1.6300286368486354,0.06034691033336529,-0.10828618712808373,0.22895431018163068,0.4974880518735868,0.7361834773793552
qwen3_4b,steer_actions,real,shuffled_aware,0.05,149,density,example-testing,0.24243590058771902,0.19245864598067147,-0.04997725460704754,-0.11526389519423033,0.015743536355439954,0.1363351345944391,0.1273746827995629
qwen3_4b,steer_actions,real,shuffled_aware,0.05,149,density,uncertainty-estimation,0.7208768794902509,0.6971051817864051,-0.02377169770384596,-0.14435717561336617,0.0915658894410013,0.6882541739625413,0.9811868774926367
qwen3_4b,steer_actions,real,shuffled_aware,0.05,149,density,backtracking,0.2792816538193052,0.27308564705018207,-0.006196006769123101,-0.0863765245177676,0.07354638429839366,0.882471825659067,0.9530751278750557
qwen3_4b,steer_actions,real,shuffled_aware,0.05,149,coverage,initializing,0.10724960273226813,0.10325051466624965,-0.003999088066018482,-0.013437354233205091,0.004947933691799381,0.399807691753216,0.6121981561317715
qwen3_4b,steer_actions,real,shuffled_aware,0.05,149,coverage,deduction,0.5075862463400163,0.5127392726778647,0.005153026337848319,-0.01966841722321057,0.030200026370515432,0.688460070419935,0.5950207391101812
qwen3_4b,steer_actions,real,shuffled_aware,0.05,149,coverage,adding-knowledge,0.21293079944413223,0.2185164201091519,0.005585620665019643,-0.017514734145509928,0.02843276406155932,0.646083574994125,0.7004089709473379
qwen3_4b,steer_actions,real,shuffled_aware,0.05,149,coverage,example-testing,0.03651186485368786,0.028462480060708215,-0.008049384792979643,-0.0166056566535597,0.0009456708770912077,0.0840749312225432,0.07438740065921987
qwen3_4b,steer_actions,real,shuffled_aware,0.05,149,coverage,uncertainty-estimation,0.09322868635509086,0.09420784935352433,0.0009791629984334546,-0.014702901520536531,0.016250662179353028,0.9041470758281138,0.5465098452717665
qwen3_4b,steer_actions,real,shuffled_aware,0.05,149,coverage,backtracking,0.042492800274804655,0.04282346313250136,0.0003306628576967088,-0.012161935821498668,0.013504645115052387,0.960691830182224,0.8437241133352282
qwen3_4b,steer_actions,real,shuffled_aware,0.05,149,any,initializing,1.0,1.0,0.0,0.0,0.0,,
qwen3_4b,steer_actions,real,shuffled_aware,0.05,149,any,deduction,1.0,1.0,0.0,0.0,0.0,,
qwen3_4b,steer_actions,real,shuffled_aware,0.05,149,any,adding-knowledge,0.9865771812080537,1.0,0.013422818791946308,0.0,0.03355704697986577,0.15799703049544492,
qwen3_4b,steer_actions,real,shuffled_aware,0.05,149,any,example-testing,0.3624161073825503,0.2684563758389262,-0.09395973154362416,-0.17466442953020134,-0.006711409395973154,0.03027432589377903,0.030753561259274524
qwen3_4b,steer_actions,real,shuffled_aware,0.05,149,any,uncertainty-estimation,0.7516778523489933,0.7315436241610739,-0.020134228187919462,-0.11409395973154363,0.06711409395973154,0.6562419878969388,0.6547208460185769
qwen3_4b,steer_actions,real,shuffled_aware,0.05,149,any,backtracking,0.5100671140939598,0.4966442953020134,-0.013422818791946308,-0.12080536912751678,0.09412751677852257,0.814569362805432,0.8136637157667919
qwen3_4b,steer_actions,real,shuffled_aware,0.05,149,density_testlex,initializing,0.0,0.0,0.0,0.0,0.0,,
qwen3_4b,steer_actions,real,shuffled_aware,0.05,149,density_testlex,deduction,0.15685500742414873,0.1677080896982602,0.010853082274111433,-0.034373502689381205,0.05233181578200935,0.6402226358470725,0.8370741509027799
qwen3_4b,steer_actions,real,shuffled_aware,0.05,149,density_testlex,adding-knowledge,0.016174819625802896,0.008942045825727357,-0.007232773800075537,-0.020083768032457455,0.005068835790926738,0.2559026992934848,0.30078125
qwen3_4b,steer_actions,real,shuffled_aware,0.05,149,density_testlex,example-testing,0.0019397136982581373,0.0012269487012747996,-0.0007127649969833375,-0.005819141094774412,0.003680846103824399,0.7572977685538228,
qwen3_4b,steer_actions,real,shuffled_aware,0.05,149,density_testlex,uncertainty-estimation,0.13208718447944748,0.09311209089030635,-0.038975093589141155,-0.08462202049478414,0.005818179094078007,0.08613621708686582,0.16000196672874656
qwen3_4b,steer_actions,real,shuffled_aware,0.05,149,density_testlex,backtracking,0.0037343316481231216,0.000545199788462482,-0.00318913185966064,-0.00881516996750232,0.001090399576924964,0.23819169261527925,
qwen3_4b,steer_actions,real,shuffled_aware,0.05,149,density_nontest,initializing,0.6143226705511321,0.5754885244646568,-0.03883414608647523,-0.10688689254365073,0.02539689734569083,0.2507741615130126,0.6512830693008891
qwen3_4b,steer_actions,real,shuffled_aware,0.05,149,density_nontest,deduction,4.003182863697885,3.9493830756921198,-0.05379978800576451,-0.26601618620802064,0.15129720740455468,0.6271133017976448,0.5677478390404831
qwen3_4b,steer_actions,real,shuffled_aware,0.05,149,density_nontest,adding-knowledge,1.553506906889467,1.6210865910229082,0.06757968413344083,-0.10279248238335821,0.23552992794329466,0.44522291845067297,0.673653142984777
qwen3_4b,steer_actions,real,shuffled_aware,0.05,149,density_nontest,example-testing,0.2404961868894609,0.19123169727939668,-0.0492644896100642,-0.11419678300648872,0.015707453077303264,0.13966266713774675,0.1384030532716683
qwen3_4b,steer_actions,real,shuffled_aware,0.05,149,density_nontest,uncertainty-estimation,0.5887896950108035,0.6039930908960986,0.015203395885295182,-0.09471833299882773,0.12311994303371179,0.7900273509764095,0.4018494843406083
qwen3_4b,steer_actions,real,shuffled_aware,0.05,149,density_nontest,backtracking,0.27554732217118205,0.2725404472617196,-0.0030068749094624547,-0.08502863310475262,0.07599009598850354,0.9425805478584027,0.9624523048562789
qwen3_4b,steer_actions,real,shuffled_aware,0.05,149,words,,334.4697986577181,341.56375838926175,7.093959731543624,-35.31577181208054,48.33825503355703,0.7516618775256296,0.912352361682047
qwen3_4b,steer_actions,real,shuffled_aware,0.05,149,n_spans_counted,,24.624161073825505,24.29530201342282,-0.3288590604026846,-3.214765100671141,2.5171140939597296,0.8288768467877626,0.8185159554212429
qwen3_4b,steer_actions,real,shuffled_samerows_aware,0.05,149,density,initializing,0.6143226705511321,0.5606454333438021,-0.05367723720733003,-0.1368998009316336,0.02974270265075673,0.21649424498058634,0.10721647320072976
qwen3_4b,steer_actions,real,shuffled_samerows_aware,0.05,149,density,deduction,4.160037871122034,3.8899102181928438,-0.2701276529291893,-0.49214870355628554,-0.06649824161818851,0.0145414841084084,0.014159078568794677
qwen3_4b,steer_actions,real,shuffled_samerows_aware,0.05,149,density,adding-knowledge,1.56968172651527,1.64271967819671,0.07303795168143991,-0.08700458492049473,0.22386492115993104,0.3773378078959042,0.27005051138032465
qwen3_4b,steer_actions,real,shuffled_samerows_aware,0.05,149,density,example-testing,0.24243590058771902,0.239336820707638,-0.003099079880081011,-0.08274204439072184,0.07851676058465384,0.9403194820160111,0.7027616770832992
qwen3_4b,steer_actions,real,shuffled_samerows_aware,0.05,149,density,uncertainty-estimation,0.7208768794902509,0.7333852938260165,0.012508414335765532,-0.12306751464658362,0.14216387655185647,0.8583952709204552,0.5026204436860191
qwen3_4b,steer_actions,real,shuffled_samerows_aware,0.05,149,density,backtracking,0.2792816538193052,0.2523565854827951,-0.026925068336510094,-0.10271203919143798,0.04262979547960101,0.4626952123865029,0.7959807267931218
qwen3_4b,steer_actions,real,shuffled_samerows_aware,0.05,149,coverage,initializing,0.10724960273226813,0.10702466054749271,-0.00022494218477541958,-0.010727563915317985,0.01067674999248088,0.9673899998049016,0.6705234853650863
qwen3_4b,steer_actions,real,shuffled_samerows_aware,0.05,149,coverage,deduction,0.5075862463400163,0.4846806117049779,-0.022905634635038304,-0.04830332265266595,0.0025480058951539717,0.08276859059123091,0.08274778771970914
qwen3_4b,steer_actions,real,shuffled_samerows_aware,0.05,149,coverage,adding-knowledge,0.21293079944413223,0.23613958631689475,0.02320878687276248,0.0013988035509767491,0.04534316124182912,0.048260727105057674,0.03246677474336997
qwen3_4b,steer_actions,real,shuffled_samerows_aware,0.05,149,coverage,example-testing,0.03651186485368786,0.0358037991682412,-0.0007080656854466511,-0.012260858845428184,0.01131263624519427,0.9045052130589241,0.8093204255480769
qwen3_4b,steer_actions,real,shuffled_samerows_aware,0.05,149,coverage,uncertainty-estimation,0.09322868635509086,0.09744936331582855,0.004220676960737688,-0.014875890475722226,0.022307953251931276,0.6617328375458104,0.2397235027750576
qwen3_4b,steer_actions,real,shuffled_samerows_aware,0.05,149,coverage,backtracking,0.042492800274804655,0.038901978946564865,-0.003590821328239789,-0.015111986936907382,0.007634263031399366,0.5443166084947915,0.8568988222022023
qwen3_4b,steer_actions,real,shuffled_samerows_aware,0.05,149,any,initializing,1.0,1.0,0.0,0.0,0.0,,
qwen3_4b,steer_actions,real,shuffled_samerows_aware,0.05,149,any,deduction,1.0,1.0,0.0,0.0,0.0,,
qwen3_4b,steer_actions,real,shuffled_samerows_aware,0.05,149,any,adding-knowledge,0.9865771812080537,1.0,0.013422818791946308,0.0,0.03355704697986577,0.15799703049544492,
qwen3_4b,steer_actions,real,shuffled_samerows_aware,0.05,149,any,example-testing,0.3624161073825503,0.3288590604026846,-0.03355704697986577,-0.12080536912751678,0.04697986577181208,0.43672959928068417,0.43487965849578336
qwen3_4b,steer_actions,real,shuffled_samerows_aware,0.05,149,any,uncertainty-estimation,0.7516778523489933,0.7986577181208053,0.04697986577181208,-0.026845637583892617,0.12080536912751678,0.2379884527071468,0.23672357063785732
qwen3_4b,steer_actions,real,shuffled_samerows_aware,0.05,149,any,backtracking,0.5100671140939598,0.5838926174496645,0.0738255033557047,-0.040268456375838924,0.18791946308724833,0.20508104667579297,0.2040238704744366
qwen3_4b,steer_actions,real,shuffled_samerows_aware,0.05,149,density_testlex,initializing,0.0,0.0,0.0,0.0,0.0,,
qwen3_4b,steer_actions,real,shuffled_samerows_aware,0.05,149,density_testlex,deduction,0.15685500742414873,0.17853060162254472,0.021675594198395983,-0.016707930082271064,0.05727833604370874,0.2792464970069965,0.28780520092580664
qwen3_4b,steer_actions,real,shuffled_samerows_aware,0.05,149,density_testlex,adding-knowledge,0.016174819625802896,0.016890763354375962,0.0007159437285730727,-0.015168248368468081,0.01697841675219406,0.9289077820854384,0.97796630859375
qwen3_4b,steer_actions,real,shuffled_samerows_aware,0.05,149,density_testlex,example-testing,0.0019397136982581373,0.0038965241534165054,0.001956810455158368,-0.0038850173495371914,0.009699462556876192,0.5631830455003578,
qwen3_4b,steer_actions,real,shuffled_samerows_aware,0.05,149,density_testlex,uncertainty-estimation,0.13208718447944748,0.1504780771298003,0.018390892650352784,-0.018483125580975233,0.05652399758245249,0.35282142478388817,0.3429595553367727
qwen3_4b,steer_actions,real,shuffled_samerows_aware,0.05,149,density_testlex,backtracking,0.0037343316481231216,0.0018852273584194256,-0.0018491042897036964,-0.007562151432082428,0.003770454716838851,0.5704916323410159,
qwen3_4b,steer_actions,real,shuffled_samerows_aware,0.05,149,density_nontest,initializing,0.6143226705511321,0.5606454333438021,-0.05367723720733003,-0.1368998009316336,0.02974270265075673,0.21649424498058634,0.10721647320072976
qwen3_4b,steer_actions,real,shuffled_samerows_aware,0.05,149,density_nontest,deduction,4.003182863697885,3.711379616570299,-0.2918032471275853,-0.5156916292552468,-0.08726666660553624,0.008648972259332982,0.01008852758459356
qwen3_4b,steer_actions,real,shuffled_samerows_aware,0.05,149,density_nontest,adding-knowledge,1.553506906889467,1.625828914842334,0.07232200795286681,-0.08617475360037952,0.22253964913663496,0.379979345896301,0.26311696951013064
qwen3_4b,steer_actions,real,shuffled_samerows_aware,0.05,149,density_nontest,example-testing,0.2404961868894609,0.2354402965542215,-0.005055890335239379,-0.08395127390951143,0.0747830547664388,0.9020921231155518,0.6201542004534393
qwen3_4b,steer_actions,real,shuffled_samerows_aware,0.05,149,density_nontest,uncertainty-estimation,0.5887896950108035,0.5829072166962161,-0.005882478314587235,-0.1395975578577803,0.12561705501326015,0.9317136753092552,0.8215296149218688
qwen3_4b,steer_actions,real,shuffled_samerows_aware,0.05,149,density_nontest,backtracking,0.27554732217118205,0.25047135812437565,-0.0250759640468064,-0.1009675461978036,0.044140912842738515,0.49376095421659577,0.8413145808029762
qwen3_4b,steer_actions,real,shuffled_samerows_aware,0.05,149,words,,334.4697986577181,333.66442953020135,-0.8053691275167785,-44.181879194630866,39.41879194630867,0.9700799001435766,0.5631270775870918
qwen3_4b,steer_actions,real,shuffled_samerows_aware,0.05,149,n_spans_counted,,24.624161073825505,23.516778523489933,-1.1073825503355705,-4.1013422818791945,1.631040268456375,0.4588652553560991,0.882247927884358
qwen3_4b,steer_actions,real,unaware,-0.1,149,density,initializing,0.6143226705511321,0.5944968395016519,-0.019825831049480127,-0.11281531194230805,0.0712222697241875,0.6643314944964271,0.8267407125143766
qwen3_4b,steer_actions,real,unaware,-0.1,149,density,deduction,4.160037871122034,4.015375580817016,-0.14466229030501648,-0.3827475497484102,0.08322058483657672,0.23270650056843528,0.1489878634684425
qwen3_4b,steer_actions,real,unaware,-0.1,149,density,adding-knowledge,1.56968172651527,1.5881492554445007,0.018467528929230585,-0.140732602946224,0.17750189828188817,0.8250497077145209,0.8548946991977245
qwen3_4b,steer_actions,real,unaware,-0.1,149,density,example-testing,0.24243590058771902,0.2391422249358928,-0.0032936756518261827,-0.07127268796160366,0.06248956170983094,0.9272123355664017,0.9746586236128268
qwen3_4b,steer_actions,real,unaware,-0.1,149,density,uncertainty-estimation,0.7208768794902509,0.7071151025299729,-0.013761776960278011,-0.14128368731551927,0.10810333493260862,0.8320209723957812,0.9032844798989115
qwen3_4b,steer_actions,real,unaware,-0.1,149,density,backtracking,0.2792816538193052,0.3002111148067113,0.020929460987406064,-0.05565364990083679,0.09867657613506785,0.5978792442064264,0.47170826755978223
qwen3_4b,steer_actions,real,unaware,-0.1,149,coverage,initializing,0.10724960273226813,0.10645654617197943,-0.0007930565602887003,-0.0114974789704935,0.009441609018858935,0.8821220152233646,0.8752683210408857
qwen3_4b,steer_actions,real,unaware,-0.1,149,coverage,deduction,0.5075862463400163,0.49806380181949145,-0.009522444520524852,-0.03563822051780383,0.016811270070667735,0.48087461993969505,0.22919366285922205
qwen3_4b,steer_actions,real,unaware,-0.1,149,coverage,adding-knowledge,0.21293079944413223,0.21574604376761397,0.0028152443234817377,-0.01977748358720228,0.025997720475170863,0.8059245711246571,0.9539075921658151
qwen3_4b,steer_actions,real,unaware,-0.1,149,coverage,example-testing,0.03651186485368786,0.03924005912700407,0.002728194273316216,-0.00800855579180893,0.013563023728531354,0.632906001430961,0.6044377762974338
qwen3_4b,steer_actions,real,unaware,-0.1,149,coverage,uncertainty-estimation,0.09322868635509086,0.09156534989133153,-0.0016633364637593422,-0.019416386899657072,0.015660033132392226,0.8587118643285739,0.8144520863736033
qwen3_4b,steer_actions,real,unaware,-0.1,149,coverage,backtracking,0.042492800274804655,0.0489281992225796,0.006435398947774942,-0.0066060452675696405,0.020203563583111407,0.34559664453981365,0.35002706736347944
qwen3_4b,steer_actions,real,unaware,-0.1,149,any,initializing,1.0,1.0,0.0,0.0,0.0,,
qwen3_4b,steer_actions,real,unaware,-0.1,149,any,deduction,1.0,1.0,0.0,0.0,0.0,,
qwen3_4b,steer_actions,real,unaware,-0.1,149,any,adding-knowledge,0.9865771812080537,0.9932885906040269,0.006711409395973154,-0.013422818791946308,0.026845637583892617,0.5654534272810476,
qwen3_4b,steer_actions,real,unaware,-0.1,149,any,example-testing,0.3624161073825503,0.40268456375838924,0.040268456375838924,-0.04697986577181208,0.12751677852348994,0.3674756444027323,0.36571229628151325
qwen3_4b,steer_actions,real,unaware,-0.1,149,any,uncertainty-estimation,0.7516778523489933,0.7315436241610739,-0.020134228187919462,-0.10738255033557047,0.06711409395973154,0.6562419878969388,0.6547208460185769
qwen3_4b,steer_actions,real,unaware,-0.1,149,any,backtracking,0.5100671140939598,0.5637583892617449,0.053691275167785234,-0.06040268456375839,0.16778523489932887,0.360543726559678,0.3587953578869416
qwen3_4b,steer_actions,real,unaware,-0.1,149,density_testlex,initializing,0.0,0.0035323207347227126,0.0035323207347227126,0.0,0.010596962204168139,0.31894268036747386,
qwen3_4b,steer_actions,real,unaware,-0.1,149,density_testlex,deduction,0.15685500742414873,0.13794784619623632,-0.018907161227912462,-0.06128662796746546,0.02213040304831264,0.39082092137619306,0.22454371561914044
qwen3_4b,steer_actions,real,unaware,-0.1,149,density_testlex,adding-knowledge,0.016174819625802896,0.007372653668447744,-0.00880216595735515,-0.024173384965176105,0.005498703344683427,0.24555503513004026,0.2060546875
qwen3_4b,steer_actions,real,unaware,-0.1,149,density_testlex,example-testing,0.0019397136982581373,0.0020907817432938174,0.00015106804503568018,0.0,0.0004532041351070405,0.31894268036747375,
qwen3_4b,steer_actions,real,unaware,-0.1,149,density_testlex,uncertainty-estimation,0.13208718447944748,0.12251513894058094,-0.009572045538866553,-0.05315751684518225,0.0342614396962192,0.6742657202385383,0.6430953154626997
qwen3_4b,steer_actions,real,unaware,-0.1,149,density_testlex,backtracking,0.0037343316481231216,0.002591277759062994,-0.001143053889060128,-0.007515407364164337,0.0058832954191683755,0.7585067298376889,
qwen3_4b,steer_actions,real,unaware,-0.1,149,density_nontest,initializing,0.6143226705511321,0.5909645187669292,-0.02335815178420284,-0.11478206838785596,0.0677598776280315,0.6074605646083193,0.774030334501868
qwen3_4b,steer_actions,real,unaware,-0.1,149,density_nontest,deduction,4.003182863697885,3.8774277346207793,-0.12575512907710404,-0.37011205654579693,0.1054869192634646,0.3075981301882334,0.1846444267780688
qwen3_4b,steer_actions,real,unaware,-0.1,149,density_nontest,adding-knowledge,1.553506906889467,1.580776601776053,0.02726969488658574,-0.1322938821728623,0.18402925402887654,0.7441954034861651,0.774030334501868
qwen3_4b,steer_actions,real,unaware,-0.1,149,density_nontest,example-testing,0.2404961868894609,0.23705144319259905,-0.0034447436968618635,-0.07141530859215421,0.06248471588688437,0.9238416758755056,0.9746586236128268
qwen3_4b,steer_actions,real,unaware,-0.1,149,density_nontest,uncertainty-estimation,0.5887896950108035,0.584599963589392,-0.004189731421411467,-0.12723083758575682,0.11207823865632158,0.9466118340424643,0.996571284314001
qwen3_4b,steer_actions,real,unaware,-0.1,149,density_nontest,backtracking,0.27554732217118205,0.29761983704764833,0.022072514876466186,-0.053663182091493004,0.10012338455619967,0.5764931622869849,0.4569542320705946
qwen3_4b,steer_actions,real,unaware,-0.1,149,words,,334.4697986577181,332.8255033557047,-1.6442953020134228,-43.18422818791946,38.40503355704693,0.9395959634449688,0.6507407473799438
qwen3_4b,steer_actions,real,unaware,-0.1,149,n_spans_counted,,24.624161073825505,23.77181208053691,-0.8523489932885906,-3.6377516778523487,1.8862416107382534,0.5692639105257852,0.3316476677330613
qwen3_4b,steer_actions,real,unaware_strong,-0.2,149,density,initializing,0.6143226705511321,0.5858496985124804,-0.028472972038651578,-0.11082064284032893,0.05795143124988779,0.5010838204884449,0.274603302134549
qwen3_4b,steer_actions,real,unaware_strong,-0.2,149,density,deduction,4.160037871122034,4.12293399221764,-0.037103878904392915,-0.2480674510960597,0.17528595296120064,0.7287426377598805,0.6802049845976155
qwen3_4b,steer_actions,real,unaware_strong,-0.2,149,density,adding-knowledge,1.56968172651527,1.6478129983227647,0.0781312718074946,-0.09106021368248944,0.2458948684408933,0.37138948789910997,0.2018327776954144
qwen3_4b,steer_actions,real,unaware_strong,-0.2,149,density,example-testing,0.24243590058771902,0.27276935458136625,0.03033345399364718,-0.048595222864813895,0.11272253991070566,0.47968556834329584,0.7097832802417012
qwen3_4b,steer_actions,real,unaware_strong,-0.2,149,density,uncertainty-estimation,0.7208768794902509,0.7102699806440567,-0.010606898846194255,-0.14672959623086834,0.11936381373859244,0.8790643271603444,0.9170080698622514
qwen3_4b,steer_actions,real,unaware_strong,-0.2,149,density,backtracking,0.2792816538193052,0.20923346948316107,-0.07004818433614415,-0.14796228247140195,0.00042772806933072643,0.058503177695006216,0.10302201765181482
qwen3_4b,steer_actions,real,unaware_strong,-0.2,149,coverage,initializing,0.10724960273226813,0.10439924131616451,-0.0028503614161036212,-0.01353098391365461,0.007415348152106228,0.591883848207138,0.5310989737296813
qwen3_4b,steer_actions,real,unaware_strong,-0.2,149,coverage,deduction,0.5075862463400163,0.5117663462635194,0.004180099923503216,-0.021097034591897778,0.030128421071223873,0.7431208709273065,0.8061351474042092
qwen3_4b,steer_actions,real,unaware_strong,-0.2,149,coverage,adding-knowledge,0.21293079944413223,0.21913884320931745,0.006208043765185224,-0.01827797849128978,0.029440420586043545,0.6088007440714468,0.44221304746956114
qwen3_4b,steer_actions,real,unaware_strong,-0.2,149,coverage,example-testing,0.03651186485368786,0.03683689064673308,0.000325025793045222,-0.010316365493705465,0.01049487727027356,0.952734173743052,0.9981557178817213
qwen3_4b,steer_actions,real,unaware_strong,-0.2,149,coverage,uncertainty-estimation,0.09322868635509086,0.0948899663822168,0.0016612800271259389,-0.017132834349109435,0.020028752764503176,0.8660746433741859,0.8156725384626483
qwen3_4b,steer_actions,real,unaware_strong,-0.2,149,coverage,backtracking,0.042492800274804655,0.03296871218204867,-0.009524088092755983,-0.021857931070591162,0.002023776951737848,0.1115115060796523,0.07523571132659668
qwen3_4b,steer_actions,real,unaware_strong,-0.2,149,any,initializing,1.0,1.0,0.0,0.0,0.0,,
qwen3_4b,steer_actions,real,unaware_strong,-0.2,149,any,deduction,1.0,1.0,0.0,0.0,0.0,,
qwen3_4b,steer_actions,real,unaware_strong,-0.2,149,any,adding-knowledge,0.9865771812080537,0.9798657718120806,-0.006711409395973154,-0.040268456375838924,0.020134228187919462,0.6562419878969388,1.0
qwen3_4b,steer_actions,real,unaware_strong,-0.2,149,any,example-testing,0.3624161073825503,0.40939597315436244,0.04697986577181208,-0.04697986577181208,0.1343959731543615,0.31894268036747386,0.31731050786291415
qwen3_4b,steer_actions,real,unaware_strong,-0.2,149,any,uncertainty-estimation,0.7516778523489933,0.7315436241610739,-0.020134228187919462,-0.12080536912751678,0.0738255033557047,0.6817176713910635,0.6802795473344503
qwen3_4b,steer_actions,real,unaware_strong,-0.2,149,any,backtracking,0.5100671140939598,0.4429530201342282,-0.06711409395973154,-0.18120805369127516,0.04697986577181208,0.22644896858956334,0.22525290636065332
qwen3_4b,steer_actions,real,unaware_strong,-0.2,149,density_testlex,initializing,0.0,0.0,0.0,0.0,0.0,,
qwen3_4b,steer_actions,real,unaware_strong,-0.2,149,density_testlex,deduction,0.15685500742414873,0.13117603937819086,-0.025678968045957894,-0.06486249226559371,0.015518456703914222,0.22664583765109048,0.1986643883721323
qwen3_4b,steer_actions,real,unaware_strong,-0.2,149,density_testlex,adding-knowledge,0.016174819625802896,0.023667155371074902,0.00749233574527201,-0.014665030333484265,0.030392156721777357,0.5191940073023591,0.5015869140625
qwen3_4b,steer_actions,real,unaware_strong,-0.2,149,density_testlex,example-testing,0.0019397136982581373,0.0021038900927815535,0.000164176394523416,-0.005819141094774412,0.006311670278344659,0.9544791640157932,
qwen3_4b,steer_actions,real,unaware_strong,-0.2,149,density_testlex,uncertainty-estimation,0.13208718447944748,0.09049419696801501,-0.041592987511432485,-0.08436581700178095,-0.00012585802267493735,0.05884429819929783,0.07932016578839268
qwen3_4b,steer_actions,real,unaware_strong,-0.2,149,density_testlex,backtracking,0.0037343316481231216,0.002943600612268927,-0.0007907310358541949,-0.007515407364164337,0.006987008046704267,0.8422944525510181,
qwen3_4b,steer_actions,real,unaware_strong,-0.2,149,density_nontest,initializing,0.6143226705511321,0.5858496985124804,-0.028472972038651578,-0.11082064284032893,0.05795143124988779,0.5010838204884449,0.274603302134549
qwen3_4b,steer_actions,real,unaware_strong,-0.2,149,density_nontest,deduction,4.003182863697885,3.99175795283945,-0.011424910858435047,-0.22712192177309334,0.2000306607458779,0.9172954058774052,0.9977319010443947
qwen3_4b,steer_actions,real,unaware_strong,-0.2,149,density_nontest,adding-knowledge,1.553506906889467,1.62414584295169,0.0706389360622226,-0.09862906330855517,0.2449601322273097,0.42224462912443056,0.2898680004739147
qwen3_4b,steer_actions,real,unaware_strong,-0.2,149,density_nontest,example-testing,0.2404961868894609,0.2706654644885847,0.030169277599123766,-0.04987694941492453,0.11272828980806741,0.4818116747816191,0.7081745370622003
qwen3_4b,steer_actions,real,unaware_strong,-0.2,149,density_nontest,uncertainty-estimation,0.5887896950108035,0.6197757836760417,0.03098608866523822,-0.09812396364119827,0.1524018616097655,0.644567629585946,0.5304943208916326
qwen3_4b,steer_actions,real,unaware_strong,-0.2,149,density_nontest,backtracking,0.27554732217118205,0.20628986887089212,-0.06925745330028997,-0.14626861671219463,0.003943275807855281,0.06268482046109193,0.10506360137980865
qwen3_4b,steer_actions,real,unaware_strong,-0.2,149,words,,334.4697986577181,338.20805369127515,3.738255033557047,-42.131711409395976,46.040771812080536,0.8713283200920342,0.6390400688799741
qwen3_4b,steer_actions,real,unaware_strong,-0.2,149,n_spans_counted,,24.624161073825505,24.610738255033556,-0.013422818791946308,-3.255201342281879,3.088087248322143,0.9935227592384439,0.6219511110503337
