pair,framing,class,n,metric,base,delta,lo,hi,sig
baseline0 → baseline1 (floor),real,all,149,words,285.4429530201342,4.201342281879195,-36.05570469798658,43.087751677852346,False
baseline0 → baseline1 (floor),real,all,149,density_norm,1.885102503744815,0.03943013794631027,-0.14018531528152334,0.21341573539335268,False
baseline0 → baseline1 (floor),real,all,149,n_norm,4.718120805369128,0.06040268456375839,-0.4228187919463087,0.5503355704697986,False
baseline0 → baseline1 (floor),real,all,149,n_testlex_total,0.9530201342281879,-0.12080536912751678,-0.28187919463087246,0.040268456375838924,False
baseline0 → baseline1 (floor),real,all,149,density_deduction_nontest,3.6843046374705892,0.013996739584508502,-0.1771095934793862,0.2033838048240595,False
baseline0 → baseline1 (floor),real,all,149,density_adding-knowledge_nontest,1.7458717045858094,0.023443803369696436,-0.11496885671354161,0.16495303525263097,False
baseline0 → baseline1 (floor),real,all,149,density_uncertainty-estimation_nontest,0.4251730948145216,0.021086953498499747,-0.08070962108106258,0.1184446967444519,False
baseline0 → baseline1 (floor),real,all,149,density_backtracking_nontest,0.15209695059163786,0.007688219877668221,-0.049515736226234626,0.06280292479505609,False
baseline0 → baseline1 (floor),real,all,149,density_example-testing_nontest,0.07836058558407699,0.0013991915236085143,-0.03391219929339143,0.03992467701097652,False
baseline0 → baseline1 (floor),real,all,149,density_initializing_nontest,0.5662584218573912,-0.03217934509003717,-0.0967520740063066,0.032606058640857714,False
baseline0 → baseline1 (floor),real,all,149,density_deduction_testlex,0.2421143952212984,0.014762991404923284,-0.0439205934445556,0.07301307989488957,False
baseline0 → baseline1 (floor),real,all,149,density_adding-knowledge_testlex,0.011935980723595755,-0.0023761516249521217,-0.01728996826958382,0.011550493436598062,False
baseline0 → baseline1 (floor),real,all,149,density_uncertainty-estimation_testlex,0.09468697303695514,-0.02421280664193188,-0.06355003936328979,0.011887024134326032,False
baseline0 → baseline1 (floor),real,all,149,density_backtracking_testlex,0.0029565680158472043,-0.0010224442706099842,-0.008869704047541614,0.005802371235711661,False
baseline0 → baseline1 (floor),real,all,149,density_example-testing_testlex,0.00828752901790896,-0.0060942579734732895,-0.01714638649359984,0.002559489414428551,False
baseline0 → baseline1 (floor),real,all,149,density_initializing_testlex,0.0027171697959405485,-0.0027171697959405485,-0.008151509387821644,0.0,False
baseline0 → baseline1 (floor),real,all,149,n_deduction,11.194630872483222,0.16778523489932887,-1.4632550335570471,1.68473154362416,False
baseline0 → baseline1 (floor),real,all,149,n_adding-knowledge,4.758389261744966,-0.08053691275167785,-0.5370805369127517,0.3825503355704698,False
baseline0 → baseline1 (floor),real,all,149,n_uncertainty-estimation,1.7181208053691275,0.18791946308724833,-0.4966442953020134,0.93976510067114,False
baseline0 → baseline1 (floor),real,all,149,n_backtracking,0.5704697986577181,-0.006711409395973154,-0.40268456375838924,0.2953020134228188,False
baseline0 → baseline1 (floor),real,all,149,n_example-testing,0.31543624161073824,-0.006711409395973154,-0.1610738255033557,0.14110738255033464,False
baseline0 → baseline1 (floor),real,all,149,n_initializing,1.3758389261744965,-0.013422818791946308,-0.16778523489932887,0.15436241610738255,False
baseline0 → baseline1 (floor),real,refuse_both,104,words,259.6923076923077,-16.259615384615383,-55.380048076923075,14.231730769230763,False
baseline0 → baseline1 (floor),real,refuse_both,104,density_norm,2.2250183376685038,0.05035395352357165,-0.14176464378467724,0.24247063619831785,False
baseline0 → baseline1 (floor),real,refuse_both,104,n_norm,5.365384615384615,0.0,-0.6057692307692307,0.5480769230769231,False
baseline0 → baseline1 (floor),real,refuse_both,104,n_testlex_total,0.9423076923076923,-0.0673076923076923,-0.2692307692307692,0.125,False
baseline0 → baseline1 (floor),real,refuse_both,104,density_deduction_nontest,3.6570737224803653,0.023868057340042603,-0.1914609680584027,0.24382485696941728,False
baseline0 → baseline1 (floor),real,refuse_both,104,density_adding-knowledge_nontest,1.8026846264133762,0.07256191371301052,-0.09436902722900503,0.2349382471913437,False
baseline0 → baseline1 (floor),real,refuse_both,104,density_uncertainty-estimation_nontest,0.3365335494998774,-0.005842394615594228,-0.11255054785043464,0.09438725168895931,False
baseline0 → baseline1 (floor),real,refuse_both,104,density_backtracking_nontest,0.1336668783039008,0.0030987128985677835,-0.07008584467825703,0.07209058672441176,False
baseline0 → baseline1 (floor),real,refuse_both,104,density_example-testing_nontest,0.02831502267189053,-0.012549504964772687,-0.03620092953093663,0.010320024614417108,False
baseline0 → baseline1 (floor),real,refuse_both,104,density_initializing_nontest,0.6291731822007287,-0.05924227524565157,-0.13635254283250883,0.025750677573892756,False
baseline0 → baseline1 (floor),real,refuse_both,104,density_deduction_testlex,0.2581093572921898,0.04415916195057197,-0.025384059041734762,0.11401734946317883,False
baseline0 → baseline1 (floor),real,refuse_both,104,density_adding-knowledge_testlex,0.015023830831091135,-0.009437464172180221,-0.0278505830587732,0.00639138335089869,False
baseline0 → baseline1 (floor),real,refuse_both,104,density_uncertainty-estimation_testlex,0.09694921027706696,-0.0258625375152408,-0.07255758732964385,0.019926361843267036,False
baseline0 → baseline1 (floor),real,refuse_both,104,density_backtracking_testlex,0.0,0.0027710042119264023,0.0,0.008313012635779207,False
baseline0 → baseline1 (floor),real,refuse_both,104,density_example-testing_testlex,0.011873479073734953,-0.008731196519687694,-0.02486895926392742,0.00314228255404726,False
baseline0 → baseline1 (floor),real,refuse_both,104,density_initializing_testlex,0.003892868265337901,-0.003892868265337901,-0.011678604796013702,0.0,False
baseline0 → baseline1 (floor),real,refuse_both,104,n_deduction,10.048076923076923,-0.33653846153846156,-1.9903846153846154,1.0963942307692296,False
baseline0 → baseline1 (floor),real,refuse_both,104,n_adding-knowledge,4.509615384615385,-0.125,-0.6543269230769231,0.375,False
baseline0 → baseline1 (floor),real,refuse_both,104,n_uncertainty-estimation,1.2980769230769231,-0.2403846153846154,-0.7310096153846153,0.19254807692307563,False
baseline0 → baseline1 (floor),real,refuse_both,104,n_backtracking,0.5288461538461539,-0.15384615384615385,-0.6538461538461539,0.18269230769230768,False
baseline0 → baseline1 (floor),real,refuse_both,104,n_example-testing,0.15384615384615385,-0.09615384615384616,-0.21153846153846154,0.009615384615384616,False
baseline0 → baseline1 (floor),real,refuse_both,104,n_initializing,1.4423076923076923,-0.125,-0.3076923076923077,0.0673076923076923,False
baseline0 → baseline1 (floor),real,comply_both,23,words,351.82608695652175,30.82608695652174,-47.31195652173913,124.65217391304348,False
baseline0 → baseline1 (floor),real,comply_both,23,density_norm,0.6434481960976097,0.06742462204446684,-0.20326536206509624,0.3487142917743566,False
baseline0 → baseline1 (floor),real,comply_both,23,n_norm,2.217391304347826,0.08695652173913043,-0.7402173913043477,0.957608695652168,False
baseline0 → baseline1 (floor),real,comply_both,23,n_testlex_total,0.8695652173913043,-0.30434782608695654,-0.5652173913043478,-0.043478260869565216,True
baseline0 → baseline1 (floor),real,comply_both,23,density_deduction_nontest,3.8576234435611463,-0.12114206911718059,-0.6792603030696177,0.39934386699441543,False
baseline0 → baseline1 (floor),real,comply_both,23,density_adding-knowledge_nontest,1.648886215727437,-0.2176050681022288,-0.5690081926178177,0.11709964667694872,False
baseline0 → baseline1 (floor),real,comply_both,23,density_uncertainty-estimation_nontest,0.5250616230311257,0.2421703931106764,-0.003990089812570922,0.4660931120811266,False
baseline0 → baseline1 (floor),real,comply_both,23,density_backtracking_nontest,0.21212668712500615,0.007441935927183292,-0.11293758101509448,0.138187440645076,False
baseline0 → baseline1 (floor),real,comply_both,23,density_example-testing_nontest,0.32670636459396407,0.04634924291224935,-0.1471976690315986,0.23915046483008057,False
baseline0 → baseline1 (floor),real,comply_both,23,density_initializing_nontest,0.41003267752860423,0.08079542990540041,-0.12864505459967868,0.30043786499679426,False
baseline0 → baseline1 (floor),real,comply_both,23,density_deduction_testlex,0.14290567383775235,-0.05664386368135856,-0.14023255602969176,0.022002962436769104,False
baseline0 → baseline1 (floor),real,comply_both,23,density_adding-knowledge_testlex,0.0,0.015867978419549348,0.0,0.04760393525864805,False
baseline0 → baseline1 (floor),real,comply_both,23,density_uncertainty-estimation_testlex,0.1150242828286689,-0.050317292521544196,-0.1306673700106593,0.028406606280549144,False
baseline0 → baseline1 (floor),real,comply_both,23,density_backtracking_testlex,0.0,0.0,0.0,0.0,False
baseline0 → baseline1 (floor),real,comply_both,23,density_example-testing_testlex,0.0,0.0,0.0,0.0,False
baseline0 → baseline1 (floor),real,comply_both,23,density_initializing_testlex,0.0,0.0,0.0,0.0,False
baseline0 → baseline1 (floor),real,comply_both,23,n_deduction,14.391304347826088,0.08695652173913043,-3.4358695652173914,4.044565217391298,False
baseline0 → baseline1 (floor),real,comply_both,23,n_adding-knowledge,5.782608695652174,-0.6521739130434783,-1.6956521739130435,0.43478260869565216,False
baseline0 → baseline1 (floor),real,comply_both,23,n_uncertainty-estimation,2.260869565217391,1.0,-0.0010869565217390686,2.0,False
baseline0 → baseline1 (floor),real,comply_both,23,n_backtracking,0.8260869565217391,0.391304347826087,-0.43478260869565216,1.4358695652173854,False
baseline0 → baseline1 (floor),real,comply_both,23,n_example-testing,1.2173913043478262,0.08695652173913043,-0.7391304347826086,0.782608695652174,False
baseline0 → baseline1 (floor),real,comply_both,23,n_initializing,1.2608695652173914,0.30434782608695654,-0.17391304347826086,0.8695652173913043,False
baseline0 → baseline1 (floor),real,gained,9,words,231.44444444444446,326.8888888888889,51.088888888888896,676.1249999999999,True
baseline0 → baseline1 (floor),real,gained,9,density_norm,2.315202049503141,-1.7451626131794518,-2.475128423717197,-0.8210842070788537,True
baseline0 → baseline1 (floor),real,gained,9,n_norm,5.0,-3.111111111111111,-4.444444444444445,-1.4444444444444444,True
baseline0 → baseline1 (floor),real,gained,9,n_testlex_total,0.8888888888888888,-0.3333333333333333,-0.7777777777777778,0.1111111111111111,False
baseline0 → baseline1 (floor),real,gained,9,density_deduction_nontest,3.671846476456258,0.1338193821779582,-0.48570922706032355,0.7327847179069424,False
baseline0 → baseline1 (floor),real,gained,9,density_adding-knowledge_nontest,1.8365242809698863,-0.32233199536731366,-0.8594594248059926,0.1437359136040061,False
baseline0 → baseline1 (floor),real,gained,9,density_uncertainty-estimation_nontest,0.5045318712551219,0.3399862212391935,-0.34311669244298754,0.9875977551847245,False
baseline0 → baseline1 (floor),real,gained,9,density_backtracking_nontest,0.3047950720832884,-0.08600274502670437,-0.2913233753333691,0.12527777424147343,False
baseline0 → baseline1 (floor),real,gained,9,density_example-testing_nontest,0.0,0.12683371689460604,0.029342723004694832,0.24124803522361912,True
baseline0 → baseline1 (floor),real,gained,9,density_initializing_nontest,0.5422815294637727,-0.12642861734692815,-0.2783603931134577,0.007310911119195825,False
baseline0 → baseline1 (floor),real,gained,9,density_deduction_testlex,0.32373446602268235,-0.32373446602268235,-0.43853363084338876,-0.18259125974735385,True
baseline0 → baseline1 (floor),real,gained,9,density_adding-knowledge_testlex,0.0,0.0531632110579479,0.0,0.15948963317384368,False
baseline0 → baseline1 (floor),real,gained,9,density_uncertainty-estimation_testlex,0.030358227079538558,0.13011340625971612,-0.024758165773604266,0.27502679986860434,False
baseline0 → baseline1 (floor),real,gained,9,density_backtracking_testlex,0.0,0.0,0.0,0.0,False
baseline0 → baseline1 (floor),real,gained,9,density_example-testing_testlex,0.0,0.0,0.0,0.0,False
baseline0 → baseline1 (floor),real,gained,9,density_initializing_testlex,0.0,0.0,0.0,0.0,False
baseline0 → baseline1 (floor),real,gained,9,n_deduction,9.444444444444445,11.333333333333334,2.1083333333333334,22.55833333333332,True
baseline0 → baseline1 (floor),real,gained,9,n_adding-knowledge,4.0,2.4444444444444446,0.7777777777777778,4.222222222222222,True
baseline0 → baseline1 (floor),real,gained,9,n_uncertainty-estimation,1.3333333333333333,6.888888888888889,0.2222222222222222,16.336111111111094,True
baseline0 → baseline1 (floor),real,gained,9,n_backtracking,0.7777777777777778,0.2222222222222222,-0.5555555555555556,1.1111111111111112,False
baseline0 → baseline1 (floor),real,gained,9,n_example-testing,0.0,0.8888888888888888,0.2222222222222222,1.6666666666666667,True
baseline0 → baseline1 (floor),real,gained,9,n_initializing,1.1111111111111112,0.4444444444444444,0.1111111111111111,0.7777777777777778,True
baseline0 → baseline1 (floor),fake,all,149,words,293.19463087248323,16.684563758389263,-15.922986577181208,48.792449664429526,False
baseline0 → baseline1 (floor),fake,all,149,density_norm,1.5947682592814094,-0.017963593561418377,-0.1938663384048299,0.16218910529954286,False
baseline0 → baseline1 (floor),fake,all,149,n_norm,4.100671140939597,-0.2214765100671141,-0.6510067114093959,0.22818791946308725,False
baseline0 → baseline1 (floor),fake,all,149,n_testlex_total,1.0201342281879195,-0.04697986577181208,-0.22818791946308725,0.14093959731543623,False
baseline0 → baseline1 (floor),fake,all,149,density_deduction_nontest,3.7869199673425586,0.009845404546771507,-0.20539411287767498,0.21074670318558286,False
baseline0 → baseline1 (floor),fake,all,149,density_adding-knowledge_nontest,1.7422289839444938,-0.08720528009476929,-0.23842753148069415,0.06613404834714649,False
baseline0 → baseline1 (floor),fake,all,149,density_uncertainty-estimation_nontest,0.5676967155734626,0.02225789147137791,-0.09480079283907723,0.13872535319545737,False
baseline0 → baseline1 (floor),fake,all,149,density_backtracking_nontest,0.17741814761325217,-0.003109949718347359,-0.06470521236837207,0.05664777547198448,False
baseline0 → baseline1 (floor),fake,all,149,density_example-testing_nontest,0.16085655114494915,-0.020218989392790085,-0.09203493888336993,0.04695449287614528,False
baseline0 → baseline1 (floor),fake,all,149,density_initializing_nontest,0.5494718328106962,0.004166365800202025,-0.06144667410740887,0.07096936336595219,False
baseline0 → baseline1 (floor),fake,all,149,density_deduction_testlex,0.22970313518095709,-0.0013401046158458196,-0.058073137578332004,0.05633668508694289,False
baseline0 → baseline1 (floor),fake,all,149,density_adding-knowledge_testlex,0.029693540110133476,-0.008609841970070855,-0.03492366820730858,0.01589179229959235,False
baseline0 → baseline1 (floor),fake,all,149,density_uncertainty-estimation_testlex,0.10772928472096685,-0.00020764121180115344,-0.04294278587439204,0.040574430879128556,False
baseline0 → baseline1 (floor),fake,all,149,density_backtracking_testlex,0.0017252980452373147,0.002131833791528866,-0.005175894135711944,0.011571395510298541,False
baseline0 → baseline1 (floor),fake,all,149,density_example-testing_testlex,0.0064000666039540285,-0.0064000666039540285,-0.014821642062116839,0.0,False
baseline0 → baseline1 (floor),fake,all,149,density_initializing_testlex,0.0018287219062597152,0.005082829318123323,0.0,0.012756459360632803,False
baseline0 → baseline1 (floor),fake,all,149,n_deduction,11.456375838926174,0.7583892617449665,-0.6442953020134228,2.120973154362415,False
baseline0 → baseline1 (floor),fake,all,149,n_adding-knowledge,4.852348993288591,-0.14093959731543623,-0.6444630872483221,0.40285234899328765,False
baseline0 → baseline1 (floor),fake,all,149,n_uncertainty-estimation,2.228187919463087,0.40268456375838924,-0.21493288590604026,1.0402684563758389,False
baseline0 → baseline1 (floor),fake,all,149,n_backtracking,0.6577181208053692,-0.040268456375838924,-0.3221476510067114,0.20134228187919462,False
baseline0 → baseline1 (floor),fake,all,149,n_example-testing,0.5838926174496645,-0.087248322147651,-0.348993288590604,0.1476510067114094,False
baseline0 → baseline1 (floor),fake,all,149,n_initializing,1.4630872483221478,-0.053691275167785234,-0.2348993288590604,0.11409395973154363,False
baseline0 → baseline1 (floor),fake,refuse_both,67,words,247.55223880597015,5.268656716417911,-29.44776119402985,40.794029850746256,False
baseline0 → baseline1 (floor),fake,refuse_both,67,density_norm,2.2530858373887317,-0.03702166479112939,-0.2622230089519288,0.2065558763396152,False
baseline0 → baseline1 (floor),fake,refuse_both,67,n_norm,5.402985074626866,-0.44776119402985076,-1.0298507462686568,0.1044776119402985,False
baseline0 → baseline1 (floor),fake,refuse_both,67,n_testlex_total,1.0298507462686568,0.1044776119402985,-0.11940298507462686,0.32873134328358006,False
baseline0 → baseline1 (floor),fake,refuse_both,67,density_deduction_nontest,3.783494836082777,0.001532426184248061,-0.2731315457911935,0.27081381743903027,False
baseline0 → baseline1 (floor),fake,refuse_both,67,density_adding-knowledge_nontest,1.8324267662556961,0.08856516957838206,-0.1349966790569947,0.3171841256479792,False
baseline0 → baseline1 (floor),fake,refuse_both,67,density_uncertainty-estimation_nontest,0.4675169811127302,-0.080018926106358,-0.23618149617548656,0.07231727424463132,False
baseline0 → baseline1 (floor),fake,refuse_both,67,density_backtracking_nontest,0.16329775450058817,-0.016393418679002212,-0.0859607977720967,0.05798777556789727,False
baseline0 → baseline1 (floor),fake,refuse_both,67,density_example-testing_nontest,0.0488503000792965,0.0007530120624270368,-0.056120966848777445,0.052224462985985105,False
baseline0 → baseline1 (floor),fake,refuse_both,67,density_initializing_nontest,0.5582491756580233,0.10771414414138632,0.013277871457292955,0.21221631859119708,True
baseline0 → baseline1 (floor),fake,refuse_both,67,density_deduction_testlex,0.30020628868628185,0.011500886299167455,-0.07783808573792762,0.10400872467066068,False
baseline0 → baseline1 (floor),fake,refuse_both,67,density_adding-knowledge_testlex,0.011788074552610085,0.0013339494066618974,-0.023274189941059998,0.026244047918543963,False
baseline0 → baseline1 (floor),fake,refuse_both,67,density_uncertainty-estimation_testlex,0.10337958506648463,0.0475450317189069,-0.0202606841125504,0.11338243781493208,False
baseline0 → baseline1 (floor),fake,refuse_both,67,density_backtracking_testlex,0.0,0.0,0.0,0.0,False
baseline0 → baseline1 (floor),fake,refuse_both,67,density_example-testing_testlex,0.005830223880597015,-0.005830223880597015,-0.017490671641791043,0.0,False
baseline0 → baseline1 (floor),fake,refuse_both,67,density_initializing_testlex,0.0,0.005922767116796967,0.0,0.017768301350390904,False
baseline0 → baseline1 (floor),fake,refuse_both,67,n_deduction,9.970149253731343,0.11940298507462686,-1.2686567164179106,1.5522388059701493,False
baseline0 → baseline1 (floor),fake,refuse_both,67,n_adding-knowledge,4.298507462686567,0.19402985074626866,-0.40298507462686567,0.8511194029850726,False
baseline0 → baseline1 (floor),fake,refuse_both,67,n_uncertainty-estimation,1.6567164179104477,0.04477611940298507,-0.6272388059701492,0.746268656716418,False
baseline0 → baseline1 (floor),fake,refuse_both,67,n_backtracking,0.4626865671641791,-0.014925373134328358,-0.26865671641791045,0.26865671641791045,False
baseline0 → baseline1 (floor),fake,refuse_both,67,n_example-testing,0.1791044776119403,-0.014925373134328358,-0.208955223880597,0.16417910447761194,False
baseline0 → baseline1 (floor),fake,refuse_both,67,n_initializing,1.2686567164179106,0.16417910447761194,-0.014925373134328358,0.3582089552238806,False
baseline0 → baseline1 (floor),fake,comply_both,43,words,352.13953488372096,33.97674418604651,-35.885465116279065,113.30348837209301,False
baseline0 → baseline1 (floor),fake,comply_both,43,density_norm,0.6048774805284941,0.026178683292625023,-0.218654236944883,0.2702253875507423,False
baseline0 → baseline1 (floor),fake,comply_both,43,n_norm,1.9534883720930232,0.0,-0.7209302325581395,0.7209302325581395,False
baseline0 → baseline1 (floor),fake,comply_both,43,n_testlex_total,0.9302325581395349,-0.13953488372093023,-0.5116279069767442,0.2558139534883721,False
baseline0 → baseline1 (floor),fake,comply_both,43,density_deduction_nontest,3.93652922783831,-0.12725260190967497,-0.5775737521546047,0.3191893207189622,False
baseline0 → baseline1 (floor),fake,comply_both,43,density_adding-knowledge_nontest,1.6051698473106868,-0.09158514755495088,-0.36020893227321227,0.16898311295352583,False
baseline0 → baseline1 (floor),fake,comply_both,43,density_uncertainty-estimation_nontest,0.6167267031043048,0.10791251597319454,-0.1205743601137262,0.3481044755270527,False
baseline0 → baseline1 (floor),fake,comply_both,43,density_backtracking_nontest,0.20968156502749571,-0.0074177062977299965,-0.13024886665086347,0.12008879135368325,False
baseline0 → baseline1 (floor),fake,comply_both,43,density_example-testing_nontest,0.27983703044969166,0.03509701084818486,-0.13464860962335207,0.2134376422296886,False
baseline0 → baseline1 (floor),fake,comply_both,43,density_initializing_nontest,0.563989971545394,-0.09765093431800087,-0.2301410744299686,0.027574082507470454,False
baseline0 → baseline1 (floor),fake,comply_both,43,density_deduction_testlex,0.12002813960983083,-0.0014212851367620572,-0.08857751093302939,0.08159442175054327,False
baseline0 → baseline1 (floor),fake,comply_both,43,density_adding-knowledge_testlex,0.0558553066208412,-0.03840764787163332,-0.09235615947518921,0.008541383204476515,False
baseline0 → baseline1 (floor),fake,comply_both,43,density_uncertainty-estimation_testlex,0.11702049951723037,-0.016287858416356226,-0.10490545011110472,0.06642197107071078,False
baseline0 → baseline1 (floor),fake,comply_both,43,density_backtracking_testlex,0.005978358342799067,-0.005978358342799067,-0.0179350750283972,0.0,False
baseline0 → baseline1 (floor),fake,comply_both,43,density_example-testing_testlex,0.0,0.0,0.0,0.0,False
baseline0 → baseline1 (floor),fake,comply_both,43,density_initializing_testlex,0.0,0.0,0.0,0.0,False
baseline0 → baseline1 (floor),fake,comply_both,43,n_deduction,13.86046511627907,1.372093023255814,-1.813953488372093,5.023255813953488,False
baseline0 → baseline1 (floor),fake,comply_both,43,n_adding-knowledge,5.627906976744186,-0.3023255813953488,-1.4883720930232558,0.813953488372093,False
baseline0 → baseline1 (floor),fake,comply_both,43,n_uncertainty-estimation,2.7906976744186047,0.9302325581395349,-0.5348837209302325,2.5122093023255783,False
baseline0 → baseline1 (floor),fake,comply_both,43,n_backtracking,0.9534883720930233,-0.16279069767441862,-0.8372093023255814,0.4656976744186015,False
baseline0 → baseline1 (floor),fake,comply_both,43,n_example-testing,0.9302325581395349,0.11627906976744186,-0.4186046511627907,0.6511627906976745,False
baseline0 → baseline1 (floor),fake,comply_both,43,n_initializing,1.7906976744186047,-0.3023255813953488,-0.7441860465116279,0.11627906976744186,False
baseline0 → baseline1 (floor),fake,gained,21,words,261.95238095238096,108.47619047619048,20.760714285714286,216.33333333333334,True
baseline0 → baseline1 (floor),fake,gained,21,density_norm,2.186014740721252,-1.0790739457241654,-1.4070604536841524,-0.7394491514594129,True
baseline0 → baseline1 (floor),fake,gained,21,n_norm,5.428571428571429,-1.8095238095238095,-2.761904761904762,-0.6666666666666666,True
baseline0 → baseline1 (floor),fake,gained,21,n_testlex_total,1.1904761904761905,-0.3333333333333333,-0.9047619047619048,0.2857142857142857,False
baseline0 → baseline1 (floor),fake,gained,21,density_deduction_nontest,3.646281903091361,0.3425670242377197,-0.21779497819325064,0.9538421187138295,False
baseline0 → baseline1 (floor),fake,gained,21,density_adding-knowledge_nontest,1.7756400501770666,-0.5438229710924287,-0.8931678140394469,-0.2066739986935786,True
baseline0 → baseline1 (floor),fake,gained,21,density_uncertainty-estimation_nontest,0.6982348818513948,0.13367837107837918,-0.25370317841835865,0.5625712727285171,False
baseline0 → baseline1 (floor),fake,gained,21,density_backtracking_nontest,0.12033095840197051,0.030518322504035904,-0.1106631378111861,0.18472402106190905,False
baseline0 → baseline1 (floor),fake,gained,21,density_example-testing_nontest,0.07626611714707666,0.11846774055613908,-0.021863544458102617,0.2616908525791365,False
baseline0 → baseline1 (floor),fake,gained,21,density_initializing_nontest,0.5496726156586104,-0.18484535576074382,-0.35376484701952415,-0.03243009476328745,True
baseline0 → baseline1 (floor),fake,gained,21,density_deduction_testlex,0.28759669027625073,-0.154370630348198,-0.34415998694397193,0.031161344547282907,False
baseline0 → baseline1 (floor),fake,gained,21,density_adding-knowledge_testlex,0.032393909944930355,-0.013985949745925375,-0.0882975791595956,0.03745557924662403,False
baseline0 → baseline1 (floor),fake,gained,21,density_uncertainty-estimation_testlex,0.11203560367583855,-0.06323125159568513,-0.18008928526206827,0.04242733587049394,False
baseline0 → baseline1 (floor),fake,gained,21,density_backtracking_testlex,0.0,0.0,0.0,0.0,False
baseline0 → baseline1 (floor),fake,gained,21,density_example-testing_testlex,0.01434308663224326,-0.01434308663224326,-0.04302925989672978,0.0,False
baseline0 → baseline1 (floor),fake,gained,21,density_initializing_testlex,0.012975217334890361,0.017167436741665636,0.0,0.04321902415852673,False
baseline0 → baseline1 (floor),fake,gained,21,n_deduction,10.095238095238095,4.523809523809524,1.3333333333333333,8.476190476190476,True
baseline0 → baseline1 (floor),fake,gained,21,n_adding-knowledge,4.333333333333333,0.47619047619047616,-0.8571428571428571,2.0476190476190474,False
baseline0 → baseline1 (floor),fake,gained,21,n_uncertainty-estimation,2.238095238095238,1.1428571428571428,-0.47619047619047616,2.9523809523809526,False
baseline0 → baseline1 (floor),fake,gained,21,n_backtracking,0.38095238095238093,0.19047619047619047,-0.2857142857142857,0.7142857142857143,False
baseline0 → baseline1 (floor),fake,gained,21,n_example-testing,0.2857142857142857,0.5714285714285714,0.0,1.1904761904761905,False
baseline0 → baseline1 (floor),fake,gained,21,n_initializing,1.380952380952381,-0.09523809523809523,-0.5714285714285714,0.3333333333333333,False
prompt0 → prompt1 (floor),real,all,149,words,285.59060402684565,-1.919463087248322,-41.39060402684564,35.752516778523486,False
prompt0 → prompt1 (floor),real,all,149,density_norm,1.7304988825992167,0.018027190476315645,-0.16276010547738215,0.18474896143429267,False
prompt0 → prompt1 (floor),real,all,149,n_norm,4.369127516778524,0.013422818791946308,-0.44983221476510066,0.4563758389261745,False
prompt0 → prompt1 (floor),real,all,149,n_testlex_total,1.6375838926174497,-0.006711409395973154,-0.26174496644295303,0.2483221476510067,False
prompt0 → prompt1 (floor),real,all,149,density_deduction_nontest,3.565507942868195,-0.038292934627239816,-0.22774531071407747,0.1443306953722526,False
prompt0 → prompt1 (floor),real,all,149,density_adding-knowledge_nontest,1.7509083995225918,0.046592249385593774,-0.08780619378006875,0.1837517353217853,False
prompt0 → prompt1 (floor),real,all,149,density_uncertainty-estimation_nontest,0.4246949655235928,-0.008555283475839177,-0.10611728141875457,0.09235161477597659,False
prompt0 → prompt1 (floor),real,all,149,density_backtracking_nontest,0.1524763154975381,-0.015809300241278985,-0.07217957610728534,0.03996513866516322,False
prompt0 → prompt1 (floor),real,all,149,density_example-testing_nontest,0.08091452683857699,0.019555450530152695,-0.026468581762298802,0.06252510372776322,False
prompt0 → prompt1 (floor),real,all,149,density_initializing_nontest,0.5338911609737841,0.035987605561883275,-0.03484230583593771,0.10241253324242296,False
prompt0 → prompt1 (floor),real,all,149,density_deduction_testlex,0.34237482376925676,0.008143862003165267,-0.06847072785669434,0.09353359952933965,False
prompt0 → prompt1 (floor),real,all,149,density_adding-knowledge_testlex,0.07158761106811265,-0.008128137587048872,-0.042259240621604376,0.02470310088196609,False
prompt0 → prompt1 (floor),real,all,149,density_uncertainty-estimation_testlex,0.1796345043355739,0.0010103527592439723,-0.05688039279675372,0.057442561652122914,False
prompt0 → prompt1 (floor),real,all,149,density_backtracking_testlex,0.0053467598617221,0.00578613338725719,-0.005684840142432397,0.017920966062542457,False
prompt0 → prompt1 (floor),real,all,149,density_example-testing_testlex,0.002982848620432513,0.0033288216579121467,-0.008948545861297539,0.018935010835033978,False
prompt0 → prompt1 (floor),real,all,149,density_initializing_testlex,0.0,0.003242226761339688,0.0,0.009726680284019065,False
prompt0 → prompt1 (floor),real,all,149,n_deduction,10.798657718120806,0.006711409395973154,-1.161241610738255,1.2552013422818784,False
prompt0 → prompt1 (floor),real,all,149,n_adding-knowledge,4.932885906040268,-0.006711409395973154,-0.5102348993288591,0.4966442953020134,False
prompt0 → prompt1 (floor),real,all,149,n_uncertainty-estimation,1.9664429530201342,-0.09395973154362416,-0.7046979865771812,0.5503355704697986,False
prompt0 → prompt1 (floor),real,all,149,n_backtracking,0.6241610738255033,-0.06040268456375839,-0.5840604026845638,0.3691275167785235,False
prompt0 → prompt1 (floor),real,all,149,n_example-testing,0.30201342281879195,0.04697986577181208,-0.1342281879194631,0.2214765100671141,False
prompt0 → prompt1 (floor),real,all,149,n_initializing,1.3221476510067114,0.1342281879194631,-0.03355704697986577,0.30201342281879195,False
prompt0 → prompt1 (floor),real,refuse_both,91,words,241.92307692307693,1.3626373626373627,-17.508516483516484,23.046428571428557,False
prompt0 → prompt1 (floor),real,refuse_both,91,density_norm,2.1411885684654566,-0.006729799654231207,-0.2144723754740923,0.20249273774524476,False
prompt0 → prompt1 (floor),real,refuse_both,91,n_norm,5.076923076923077,0.01098901098901099,-0.5604395604395604,0.5936813186813171,False
prompt0 → prompt1 (floor),real,refuse_both,91,n_testlex_total,1.6483516483516483,-0.01098901098901099,-0.34093406593406594,0.2967032967032967,False
prompt0 → prompt1 (floor),real,refuse_both,91,density_deduction_nontest,3.555305478314836,-0.08149628294986982,-0.31059124853025183,0.16785797150804688,False
prompt0 → prompt1 (floor),real,refuse_both,91,density_adding-knowledge_nontest,1.81729800269182,0.046709764373566526,-0.11491700248912416,0.21087927897732697,False
prompt0 → prompt1 (floor),real,refuse_both,91,density_uncertainty-estimation_nontest,0.3194981853155711,0.03367214567514355,-0.09169370017485139,0.15877768757529848,False
prompt0 → prompt1 (floor),real,refuse_both,91,density_backtracking_nontest,0.14260877195200283,-0.04230785157929217,-0.10508280849101205,0.023729397349880492,False
prompt0 → prompt1 (floor),real,refuse_both,91,density_example-testing_nontest,0.027041809646531318,-0.0018776523600250367,-0.03380243812454793,0.027141406865651384,False
prompt0 → prompt1 (floor),real,refuse_both,91,density_initializing_nontest,0.6053344020497405,0.02206095478177262,-0.07134082641935983,0.11001942202768117,False
prompt0 → prompt1 (floor),real,refuse_both,91,density_deduction_testlex,0.3791058796305436,0.04608421793684619,-0.06773489321505057,0.1607953811996726,False
prompt0 → prompt1 (floor),real,refuse_both,91,density_adding-knowledge_testlex,0.07149496997002586,-0.02101904216150019,-0.06533990007065889,0.023574192520079102,False
prompt0 → prompt1 (floor),real,refuse_both,91,density_uncertainty-estimation_testlex,0.18783435437210927,-0.001921357740979577,-0.0822668495360953,0.07431531551648941,False
prompt0 → prompt1 (floor),real,refuse_both,91,density_backtracking_testlex,0.007277567222484125,-0.0023497596040935463,-0.01603375127747296,0.011883947660182026,False
prompt0 → prompt1 (floor),real,refuse_both,91,density_example-testing_testlex,0.004884004884004884,0.005450488209108899,-0.014099693410038236,0.03100347927934135,False
prompt0 → prompt1 (floor),real,refuse_both,91,density_initializing_testlex,0.0,0.005308700960874874,0.0,0.01592610288262462,False
prompt0 → prompt1 (floor),real,refuse_both,91,n_deduction,9.43956043956044,-0.08791208791208792,-0.9343406593406594,0.8681318681318682,False
prompt0 → prompt1 (floor),real,refuse_both,91,n_adding-knowledge,4.43956043956044,0.03296703296703297,-0.34093406593406594,0.4175824175824176,False
prompt0 → prompt1 (floor),real,refuse_both,91,n_uncertainty-estimation,1.2967032967032968,0.08791208791208792,-0.3626373626373626,0.4945054945054945,False
prompt0 → prompt1 (floor),real,refuse_both,91,n_backtracking,0.3516483516483517,-0.08791208791208792,-0.24175824175824176,0.06593406593406594,False
prompt0 → prompt1 (floor),real,refuse_both,91,n_example-testing,0.08791208791208792,0.02197802197802198,-0.07719780219780219,0.13186813186813187,False
prompt0 → prompt1 (floor),real,refuse_both,91,n_initializing,1.3846153846153846,0.07692307692307693,-0.16483516483516483,0.3076923076923077,False
prompt0 → prompt1 (floor),real,comply_both,26,words,402.15384615384613,-49.15384615384615,-222.4951923076923,85.63076923076893,False
prompt0 → prompt1 (floor),real,comply_both,26,density_norm,0.5871465276566664,0.20123263755040988,0.005941294829300117,0.38262219192130986,True
prompt0 → prompt1 (floor),real,comply_both,26,n_norm,2.1153846153846154,0.38461538461538464,-0.34615384615384615,1.1153846153846154,False
prompt0 → prompt1 (floor),real,comply_both,26,n_testlex_total,1.2307692307692308,0.4230769230769231,-0.11538461538461539,1.0,False
prompt0 → prompt1 (floor),real,comply_both,26,density_deduction_nontest,3.761028016505395,-0.05366917040809295,-0.5218389559794733,0.3634715766644712,False
prompt0 → prompt1 (floor),real,comply_both,26,density_adding-knowledge_nontest,1.648846005205337,0.15087890879404015,-0.12665526433278648,0.4457583379728539,False
prompt0 → prompt1 (floor),real,comply_both,26,density_uncertainty-estimation_nontest,0.668094990389148,-0.15999449607686242,-0.39915883324232015,0.08612599236282995,False
prompt0 → prompt1 (floor),real,comply_both,26,density_backtracking_nontest,0.22953648841133406,-0.06177746656983285,-0.22369421540664444,0.0870069028885267,False
prompt0 → prompt1 (floor),real,comply_both,26,density_example-testing_nontest,0.22469069281441986,0.03345795314874873,-0.11497613175719339,0.1732519656189344,False
prompt0 → prompt1 (floor),real,comply_both,26,density_initializing_nontest,0.36191774810818084,0.13901406615639644,0.03872294545092313,0.24401389197772239,True
prompt0 → prompt1 (floor),real,comply_both,26,density_deduction_testlex,0.14274843792958447,0.033979127914236636,-0.06599786902532169,0.1385803437161876,False
prompt0 → prompt1 (floor),real,comply_both,26,density_adding-knowledge_testlex,0.06440329486610948,0.033802137923630265,-0.044736416443846384,0.10764063098324747,False
prompt0 → prompt1 (floor),real,comply_both,26,density_uncertainty-estimation_testlex,0.16988235404920113,0.02011888803700295,-0.1207433211875083,0.15078768036560836,False
prompt0 → prompt1 (floor),real,comply_both,26,density_backtracking_testlex,0.005169561621174524,0.031071749381866375,-0.005169561621174524,0.0745370109605568,False
prompt0 → prompt1 (floor),real,comply_both,26,density_example-testing_testlex,0.0,0.0,0.0,0.0,False
prompt0 → prompt1 (floor),real,comply_both,26,density_initializing_testlex,0.0,0.0,0.0,0.0,False
prompt0 → prompt1 (floor),real,comply_both,26,n_deduction,14.423076923076923,-0.9230769230769231,-5.2317307692307695,3.1153846153846154,False
prompt0 → prompt1 (floor),real,comply_both,26,n_adding-knowledge,6.461538461538462,-0.38461538461538464,-2.0778846153846153,1.1923076923076923,False
prompt0 → prompt1 (floor),real,comply_both,26,n_uncertainty-estimation,3.6153846153846154,-0.8461538461538461,-3.423076923076923,1.5769230769230769,False
prompt0 → prompt1 (floor),real,comply_both,26,n_backtracking,1.7692307692307692,-0.7307692307692307,-3.3846153846153846,1.1548076923076869,False
prompt0 → prompt1 (floor),real,comply_both,26,n_example-testing,0.8846153846153846,-0.11538461538461539,-0.6923076923076923,0.38461538461538464,False
prompt0 → prompt1 (floor),real,comply_both,26,n_initializing,1.1538461538461537,0.46153846153846156,0.11538461538461539,0.8846153846153846,True
prompt0 → prompt1 (floor),real,gained,18,words,260.6111111111111,151.11111111111111,39.772222222222226,319.11527777777775,True
prompt0 → prompt1 (floor),real,gained,18,density_norm,1.9135202417620816,-1.1663178838588146,-1.528774060223111,-0.7650829069234373,True
prompt0 → prompt1 (floor),real,gained,18,n_norm,4.944444444444445,-2.4444444444444446,-3.6125,-1.2222222222222223,True
prompt0 → prompt1 (floor),real,gained,18,n_testlex_total,2.0555555555555554,-0.4444444444444444,-1.1666666666666667,0.2777777777777778,False
prompt0 → prompt1 (floor),real,gained,18,density_deduction_nontest,3.433394288104049,-0.10285702477341634,-0.6964537024019388,0.512919620912643,False
prompt0 → prompt1 (floor),real,gained,18,density_adding-knowledge_nontest,1.6669164060717192,0.0007210432064103101,-0.4447312416221229,0.4422831750021432,False
prompt0 → prompt1 (floor),real,gained,18,density_uncertainty-estimation_nontest,0.3645184281948508,0.19257541462903527,-0.10859953831516701,0.45234437215386875,False
prompt0 → prompt1 (floor),real,gained,18,density_backtracking_nontest,0.10552264919228214,0.17477627915989272,0.02197728878255496,0.3321734982511521,True
prompt0 → prompt1 (floor),real,gained,18,density_example-testing_nontest,0.04258812246523461,0.2667576286362249,0.10250004134449364,0.4653660185995491,True
prompt0 → prompt1 (floor),real,gained,18,density_initializing_nontest,0.5187152344682763,-0.10147009697070705,-0.2859949308743935,0.10498206006471417,False
prompt0 → prompt1 (floor),real,gained,18,density_deduction_testlex,0.5006416617615235,-0.297043573986447,-0.558318419059211,-0.044630164127835034,True
prompt0 → prompt1 (floor),real,gained,18,density_adding-knowledge_testlex,0.051405554616641314,0.0287997001888957,-0.07776404576621646,0.13065590580576056,False
prompt0 → prompt1 (floor),real,gained,18,density_uncertainty-estimation_testlex,0.22716844086087143,-0.08727725097116404,-0.2047861049843585,0.03100888322723515,False
prompt0 → prompt1 (floor),real,gained,18,density_backtracking_testlex,0.0,0.014894250819183795,0.0,0.04468275245755139,False
prompt0 → prompt1 (floor),real,gained,18,density_example-testing_testlex,0.0,0.0,0.0,0.0,False
prompt0 → prompt1 (floor),real,gained,18,density_initializing_testlex,0.0,0.0,0.0,0.0,False
prompt0 → prompt1 (floor),real,gained,18,n_deduction,10.277777777777779,4.111111111111111,-0.5555555555555556,9.945833333333326,False
prompt0 → prompt1 (floor),real,gained,18,n_adding-knowledge,4.222222222222222,2.111111111111111,0.6111111111111112,4.111111111111111,True
prompt0 → prompt1 (floor),real,gained,18,n_uncertainty-estimation,1.7222222222222223,1.4444444444444444,-0.3333333333333333,4.055555555555555,False
prompt0 → prompt1 (floor),real,gained,18,n_backtracking,0.2777777777777778,1.3333333333333333,0.27638888888888896,3.0555555555555554,True
prompt0 → prompt1 (floor),real,gained,18,n_example-testing,0.1111111111111111,1.0555555555555556,0.3888888888888889,1.8888888888888888,True
prompt0 → prompt1 (floor),real,gained,18,n_initializing,1.2777777777777777,0.05555555555555555,-0.3888888888888889,0.5555555555555556,False
prompt0 → prompt1 (floor),fake,all,149,words,367.18120805369125,-22.06040268456376,-78.8224832214765,27.75318791946308,False
prompt0 → prompt1 (floor),fake,all,149,density_norm,1.1366115427463999,0.06664640950303326,-0.10354081232682213,0.2479605504489041,False
prompt0 → prompt1 (floor),fake,all,149,n_norm,3.1543624161073827,0.06711409395973154,-0.35587248322147647,0.5033557046979866,False
prompt0 → prompt1 (floor),fake,all,149,n_testlex_total,1.9261744966442953,-0.2348993288590604,-0.5840604026845638,0.12768456375838835,False
prompt0 → prompt1 (floor),fake,all,149,density_deduction_nontest,3.5996531309472863,0.05083883852539159,-0.15521445300864004,0.24992077279666688,False
prompt0 → prompt1 (floor),fake,all,149,density_adding-knowledge_nontest,1.5855958083531962,0.07347465041580777,-0.06997897388834053,0.21694886742135092,False
prompt0 → prompt1 (floor),fake,all,149,density_uncertainty-estimation_nontest,0.5672106716939538,-0.016970636022360784,-0.11716617923362874,0.08056957278194624,False
prompt0 → prompt1 (floor),fake,all,149,density_backtracking_nontest,0.176954559199931,0.022052542789989752,-0.0307330543119405,0.07205666906008551,False
prompt0 → prompt1 (floor),fake,all,149,density_example-testing_nontest,0.17581356270663004,-0.008630237119118901,-0.06802729659632506,0.051865565857091005,False
prompt0 → prompt1 (floor),fake,all,149,density_initializing_nontest,0.5273132768076998,-0.03663929801111891,-0.10891416660655917,0.032219321447927274,False
prompt0 → prompt1 (floor),fake,all,149,density_deduction_testlex,0.34991312698624766,-0.027410611169369412,-0.10267359123152808,0.05037997141424733,False
prompt0 → prompt1 (floor),fake,all,149,density_adding-knowledge_testlex,0.06788425272471992,0.023583934754372957,-0.015483285112241996,0.06533576745415962,False
prompt0 → prompt1 (floor),fake,all,149,density_uncertainty-estimation_testlex,0.1424053471183065,0.015713264292772935,-0.036932425630635445,0.06747456631173272,False
prompt0 → prompt1 (floor),fake,all,149,density_backtracking_testlex,0.008206778398476737,-0.004827610800945035,-0.014148606972396977,0.0036325167434074477,False
prompt0 → prompt1 (floor),fake,all,149,density_example-testing_testlex,0.017289643272536192,-0.011982799668712723,-0.02812664932100941,0.001061853954332394,False
prompt0 → prompt1 (floor),fake,all,149,density_initializing_testlex,0.0031538167730670594,-0.0012579384126226655,-0.004092322802422655,0.0003185075645546584,False
prompt0 → prompt1 (floor),fake,all,149,n_deduction,13.63758389261745,-0.2684563758389262,-2.067281879194631,1.5840604026845628,False
prompt0 → prompt1 (floor),fake,all,149,n_adding-knowledge,5.4630872483221475,-0.10067114093959731,-0.7719798657718121,0.5771812080536913,False
prompt0 → prompt1 (floor),fake,all,149,n_uncertainty-estimation,3.2416107382550337,-0.1476510067114094,-1.0335570469798658,0.6510067114093959,False
prompt0 → prompt1 (floor),fake,all,149,n_backtracking,0.8322147651006712,-0.026845637583892617,-0.3624161073825503,0.2684563758389262,False
prompt0 → prompt1 (floor),fake,all,149,n_example-testing,0.8120805369127517,-0.16778523489932887,-0.4563758389261745,0.11409395973154363,False
prompt0 → prompt1 (floor),fake,all,149,n_initializing,1.5503355704697988,-0.19463087248322147,-0.3959731543624161,0.00016778523489841327,False
prompt0 → prompt1 (floor),fake,refuse_both,45,words,280.8222222222222,4.977777777777778,-68.20944444444444,64.20833333333329,False
prompt0 → prompt1 (floor),fake,refuse_both,45,density_norm,2.0667426507431284,-0.12738204893342464,-0.43421554295608183,0.180991815901702,False
prompt0 → prompt1 (floor),fake,refuse_both,45,n_norm,4.933333333333334,0.022222222222222223,-0.845,0.8444444444444444,False
prompt0 → prompt1 (floor),fake,refuse_both,45,n_testlex_total,2.2,-0.044444444444444446,-0.8888888888888888,0.7111111111111111,False
prompt0 → prompt1 (floor),fake,refuse_both,45,density_deduction_nontest,3.297076939718591,0.07191644879074832,-0.30024812508248067,0.4507291105835939,False
prompt0 → prompt1 (floor),fake,refuse_both,45,density_adding-knowledge_nontest,1.7420425503387766,0.03924970425264964,-0.18727000947639313,0.2800650280864909,False
prompt0 → prompt1 (floor),fake,refuse_both,45,density_uncertainty-estimation_nontest,0.4821148196501908,-0.016480405366210506,-0.20173926352597657,0.15563858693962979,False
prompt0 → prompt1 (floor),fake,refuse_both,45,density_backtracking_nontest,0.12503334539121586,0.035906407719240085,-0.04802370049337739,0.12601769816387667,False
prompt0 → prompt1 (floor),fake,refuse_both,45,density_example-testing_nontest,0.0,0.030998561868221648,0.0013854253255749516,0.06748589638422992,True
prompt0 → prompt1 (floor),fake,refuse_both,45,density_initializing_nontest,0.625159446324297,-0.08111031838262914,-0.1928723568716997,0.03926054996693476,False
prompt0 → prompt1 (floor),fake,refuse_both,45,density_deduction_testlex,0.5560297116619604,-0.003711840875869601,-0.18398245348906675,0.17413018598733176,False
prompt0 → prompt1 (floor),fake,refuse_both,45,density_adding-knowledge_testlex,0.07298326059653767,0.006584803341358844,-0.06521749745144705,0.08156563749721174,False
prompt0 → prompt1 (floor),fake,refuse_both,45,density_uncertainty-estimation_testlex,0.15712376978048206,0.01652835422911587,-0.1042734764821669,0.14070493863260025,False
prompt0 → prompt1 (floor),fake,refuse_both,45,density_backtracking_testlex,0.007558578987150415,-0.0018164027023384723,-0.022675736961451247,0.01722652885443583,False
prompt0 → prompt1 (floor),fake,refuse_both,45,density_example-testing_testlex,0.03879208946145392,-0.03879208946145392,-0.08045875612812058,-0.00719165767709457,True
prompt0 → prompt1 (floor),fake,refuse_both,45,density_initializing_testlex,0.004516711833785004,-0.004516711833785004,-0.013550135501355013,0.0,False
prompt0 → prompt1 (floor),fake,refuse_both,45,n_deduction,10.555555555555555,0.5777777777777777,-3.0894444444444447,3.889999999999994,False
prompt0 → prompt1 (floor),fake,refuse_both,45,n_adding-knowledge,4.622222222222222,0.08888888888888889,-1.0677777777777777,1.0888888888888888,False
prompt0 → prompt1 (floor),fake,refuse_both,45,n_uncertainty-estimation,2.5555555555555554,0.044444444444444446,-0.9777777777777777,0.9777777777777777,False
prompt0 → prompt1 (floor),fake,refuse_both,45,n_backtracking,0.4888888888888889,-0.022222222222222223,-0.4666666666666667,0.3333333333333333,False
prompt0 → prompt1 (floor),fake,refuse_both,45,n_example-testing,0.08888888888888889,0.022222222222222223,-0.1111111111111111,0.17777777777777778,False
prompt0 → prompt1 (floor),fake,refuse_both,45,n_initializing,1.4222222222222223,-0.1111111111111111,-0.4,0.17777777777777778,False
prompt0 → prompt1 (floor),fake,comply_both,56,words,401.51785714285717,-13.482142857142858,-72.14553571428571,47.57589285714283,False
prompt0 → prompt1 (floor),fake,comply_both,56,density_norm,0.43623268903679635,0.13639156622430787,0.010913673249228503,0.2660809295527026,True
prompt0 → prompt1 (floor),fake,comply_both,56,n_norm,1.5892857142857142,0.30357142857142855,-0.08928571428571429,0.6964285714285714,False
prompt0 → prompt1 (floor),fake,comply_both,56,n_testlex_total,1.4821428571428572,0.017857142857142856,-0.48214285714285715,0.5357142857142857,False
prompt0 → prompt1 (floor),fake,comply_both,56,density_deduction_nontest,3.927377685466786,-0.04676105481946817,-0.41429924161116916,0.30393261908488645,False
prompt0 → prompt1 (floor),fake,comply_both,56,density_adding-knowledge_nontest,1.4385701820547045,0.028646070678277544,-0.2123801940793365,0.27684025411619334,False
prompt0 → prompt1 (floor),fake,comply_both,56,density_uncertainty-estimation_nontest,0.6144450221875459,-0.004159963248698896,-0.13747311409552054,0.13843385389699722,False
prompt0 → prompt1 (floor),fake,comply_both,56,density_backtracking_nontest,0.21568796183249475,0.006756249679083892,-0.07801263618013733,0.08664255892656733,False
prompt0 → prompt1 (floor),fake,comply_both,56,density_example-testing_nontest,0.3229834086705191,-0.0015450462927196881,-0.12551515622182804,0.11607370673906106,False
prompt0 → prompt1 (floor),fake,comply_both,56,density_initializing_nontest,0.5016553358984875,-0.08872425832718789,-0.21513992014359376,0.021128877969636545,False
prompt0 → prompt1 (floor),fake,comply_both,56,density_deduction_testlex,0.1975626922041593,-0.020977024405342763,-0.11183469009259334,0.06758361065029135,False
prompt0 → prompt1 (floor),fake,comply_both,56,density_adding-knowledge_testlex,0.05497562938429362,0.05496224657622611,-0.005107656482845482,0.11785893756618815,False
prompt0 → prompt1 (floor),fake,comply_both,56,density_uncertainty-estimation_testlex,0.10972843747480121,0.03940464697591169,-0.028914305998428085,0.11267123454700684,False
prompt0 → prompt1 (floor),fake,comply_both,56,density_backtracking_testlex,0.008233433660188954,-0.008233433660188954,-0.023388240520820874,0.0,False
prompt0 → prompt1 (floor),fake,comply_both,56,density_example-testing_testlex,0.010043148341020682,-0.0053928507219730614,-0.023885688779305803,0.01015150075987842,False
prompt0 → prompt1 (floor),fake,comply_both,56,density_initializing_testlex,0.0,0.0,0.0,0.0,False
prompt0 → prompt1 (floor),fake,comply_both,56,n_deduction,15.678571428571429,-0.5535714285714286,-2.7504464285714287,1.7683035714285689,False
prompt0 → prompt1 (floor),fake,comply_both,56,n_adding-knowledge,5.678571428571429,-0.08928571428571429,-1.2678571428571428,1.0535714285714286,False
prompt0 → prompt1 (floor),fake,comply_both,56,n_uncertainty-estimation,3.232142857142857,0.21428571428571427,-0.7857142857142857,1.2861607142857119,False
prompt0 → prompt1 (floor),fake,comply_both,56,n_backtracking,0.9821428571428571,0.125,-0.32142857142857145,0.625,False
prompt0 → prompt1 (floor),fake,comply_both,56,n_example-testing,1.2678571428571428,-0.08928571428571429,-0.5892857142857143,0.39285714285714285,False
prompt0 → prompt1 (floor),fake,comply_both,56,n_initializing,1.7142857142857142,-0.375,-0.7857142857142857,-0.017857142857142856,True
prompt0 → prompt1 (floor),fake,gained,20,words,262.75,210.2,72.19625,392.6824999999998,True
prompt0 → prompt1 (floor),fake,gained,20,density_norm,1.8995780989927475,-1.3826799941389978,-1.7112409360811958,-1.062824559935598,True
prompt0 → prompt1 (floor),fake,gained,20,n_norm,4.95,-3.05,-4.05,-1.95,True
prompt0 → prompt1 (floor),fake,gained,20,n_testlex_total,2.0,-0.5,-1.35125,0.4,False
prompt0 → prompt1 (floor),fake,gained,20,density_deduction_nontest,3.462928859170782,0.3175368856516065,-0.09336444870705782,0.6988218085299855,False
prompt0 → prompt1 (floor),fake,gained,20,density_adding-knowledge_nontest,1.8276159840142694,-0.12114239931768052,-0.5381331285849544,0.27492722289634824,False
prompt0 → prompt1 (floor),fake,gained,20,density_uncertainty-estimation_nontest,0.42705382833319094,0.26475022403855536,0.008070460771412415,0.5284402365885553,True
prompt0 → prompt1 (floor),fake,gained,20,density_backtracking_nontest,0.1780273046354851,0.02222213397452625,-0.14260341031390217,0.19279301329789636,False
prompt0 → prompt1 (floor),fake,gained,20,density_example-testing_nontest,0.0,0.2352557668061066,0.11635312859927478,0.36278938697012664,True
prompt0 → prompt1 (floor),fake,gained,20,density_initializing_nontest,0.5244758550662347,-0.08508925554740737,-0.24809309808496863,0.07941498092192467,False
prompt0 → prompt1 (floor),fake,gained,20,density_deduction_testlex,0.4271760346761348,-0.26245844507023147,-0.48422676338861365,-0.033306283475199275,True
prompt0 → prompt1 (floor),fake,gained,20,density_adding-knowledge_testlex,0.023148148148148147,0.1155679866031442,0.0013011682379523897,0.24702762933813913,True
prompt0 → prompt1 (floor),fake,gained,20,density_uncertainty-estimation_testlex,0.21260255081804286,-0.13405621418327812,-0.2607947107612519,0.0004915994675474465,False
prompt0 → prompt1 (floor),fake,gained,20,density_backtracking_testlex,0.0,0.012254901960784314,0.0,0.036764705882352935,False
prompt0 → prompt1 (floor),fake,gained,20,density_example-testing_testlex,0.0,0.026515151515151512,0.0,0.07121212121212121,False
prompt0 → prompt1 (floor),fake,gained,20,density_initializing_testlex,0.013333333333333332,0.0007909604519774016,0.0,0.002372881355932205,False
prompt0 → prompt1 (floor),fake,gained,20,n_deduction,10.15,7.4,3.0987500000000003,12.602499999999987,True
prompt0 → prompt1 (floor),fake,gained,20,n_adding-knowledge,4.65,2.65,0.95,4.5,True
prompt0 → prompt1 (floor),fake,gained,20,n_uncertainty-estimation,1.8,2.9,0.75,5.85,True
prompt0 → prompt1 (floor),fake,gained,20,n_backtracking,0.45,0.6,-0.05,1.3,False
prompt0 → prompt1 (floor),fake,gained,20,n_example-testing,0.0,1.15,0.6,1.8,True
prompt0 → prompt1 (floor),fake,gained,20,n_initializing,1.35,0.2,-0.2,0.6,False
baseline0 → prompt0,real,all,149,words,285.4429530201342,0.1476510067114094,-43.33909395973155,43.01593959731542,False
baseline0 → prompt0,real,all,149,density_norm,1.885102503744815,-0.15460362114559842,-0.3465078710397063,0.04790573133675726,False
baseline0 → prompt0,real,all,149,n_norm,4.718120805369128,-0.348993288590604,-0.825503355704698,0.14110738255033464,False
baseline0 → prompt0,real,all,149,n_testlex_total,0.9530201342281879,0.6845637583892618,0.4429530201342282,0.9261744966442953,True
baseline0 → prompt0,real,all,149,density_deduction_nontest,3.6843046374705892,-0.11879669460239436,-0.3182744527007269,0.07765672278373567,False
baseline0 → prompt0,real,all,149,density_adding-knowledge_nontest,1.7458717045858094,0.005036694936782239,-0.12220034801748493,0.13534981368350393,False
baseline0 → prompt0,real,all,149,density_uncertainty-estimation_nontest,0.4251730948145216,-0.0004781292909288304,-0.10976780437452284,0.09985815739006346,False
baseline0 → prompt0,real,all,149,density_backtracking_nontest,0.15209695059163786,0.0003793649059002417,-0.05391477763299673,0.053275930295717554,False
baseline0 → prompt0,real,all,149,density_example-testing_nontest,0.07836058558407699,0.0025539412544999967,-0.04753177155822151,0.05691668358392426,False
baseline0 → prompt0,real,all,149,density_initializing_nontest,0.5662584218573912,-0.032367260883607196,-0.10337083041053706,0.037843298974412326,False
baseline0 → prompt0,real,all,149,density_deduction_testlex,0.2421143952212984,0.1002604285479583,0.03561374534667731,0.16653803796059088,True
baseline0 → prompt0,real,all,149,density_adding-knowledge_testlex,0.011935980723595755,0.059651630344516884,0.03226564295278245,0.08747976777096957,True
baseline0 → prompt0,real,all,149,density_uncertainty-estimation_testlex,0.09468697303695514,0.08494753129861876,0.03830390258060074,0.13099969189016653,True
baseline0 → prompt0,real,all,149,density_backtracking_testlex,0.0029565680158472043,0.002390191845874896,-0.006164299210945154,0.011528803437994855,False
baseline0 → prompt0,real,all,149,density_example-testing_testlex,0.00828752901790896,-0.005304680397476448,-0.01670536654381678,0.005965697240865026,False
baseline0 → prompt0,real,all,149,density_initializing_testlex,0.0027171697959405485,-0.0027171697959405485,-0.008151509387821644,0.0,False
baseline0 → prompt0,real,all,149,n_deduction,11.194630872483222,-0.3959731543624161,-2.0739932885906036,1.0,False
baseline0 → prompt0,real,all,149,n_adding-knowledge,4.758389261744966,0.174496644295302,-0.40268456375838924,0.7449664429530202,False
baseline0 → prompt0,real,all,149,n_uncertainty-estimation,1.7181208053691275,0.2483221476510067,-0.3825503355704698,0.8590604026845637,False
baseline0 → prompt0,real,all,149,n_backtracking,0.5704697986577181,0.053691275167785234,-0.40956375838926173,0.5907718120805361,False
baseline0 → prompt0,real,all,149,n_example-testing,0.31543624161073824,-0.013422818791946308,-0.22818791946308725,0.20134228187919462,False
baseline0 → prompt0,real,all,149,n_initializing,1.3758389261744965,-0.053691275167785234,-0.20134228187919462,0.10067114093959731,False
baseline0 → prompt0,real,refuse_both,90,words,262.5111111111111,-16.9,-63.489999999999995,17.023333333333326,False
baseline0 → prompt0,real,refuse_both,90,density_norm,2.1869845388011058,-0.08048334260847154,-0.3028096752189205,0.1287746530765967,False
baseline0 → prompt0,real,refuse_both,90,n_norm,5.266666666666667,-0.23333333333333334,-0.8,0.3,False
baseline0 → prompt0,real,refuse_both,90,n_testlex_total,0.9,0.8444444444444444,0.5333333333333333,1.1777777777777778,True
baseline0 → prompt0,real,refuse_both,90,density_deduction_nontest,3.6811929767583997,-0.16702005852220736,-0.4220146998787794,0.08147450278494678,False
baseline0 → prompt0,real,refuse_both,90,density_adding-knowledge_nontest,1.815162755622611,0.023654759533289542,-0.14383841314068782,0.18341614817559965,False
baseline0 → prompt0,real,refuse_both,90,density_uncertainty-estimation_nontest,0.33312031453615054,-0.03180229141504049,-0.1551051178132797,0.08829222672437047,False
baseline0 → prompt0,real,refuse_both,90,density_backtracking_nontest,0.1463188812618009,0.012409374805848998,-0.06304194981580968,0.08226632145022073,False
baseline0 → prompt0,real,refuse_both,90,density_example-testing_nontest,0.026034320821567144,0.005843100768882547,-0.025567237322548304,0.03966767457932457,False
baseline0 → prompt0,real,refuse_both,90,density_initializing_nontest,0.6259042750037883,-0.04000401018030794,-0.1331465191465261,0.056677625855149606,False
baseline0 → prompt0,real,refuse_both,90,density_deduction_testlex,0.2466655423084269,0.17818040987959677,0.09005319346736913,0.2751243092803344,True
baseline0 → prompt0,real,refuse_both,90,density_adding-knowledge_testlex,0.0122168382607835,0.05429601879629315,0.019496435721279824,0.08960348099551256,True
baseline0 → prompt0,real,refuse_both,90,density_uncertainty-estimation_testlex,0.08181784464452356,0.09435554728550197,0.037443539345565026,0.15404391015495889,True
baseline0 → prompt0,real,refuse_both,90,density_backtracking_testlex,0.0,0.002931691586045148,0.0,0.008795074758135445,False
baseline0 → prompt0,real,refuse_both,90,density_example-testing_testlex,0.013720464707427056,-0.008782193102488785,-0.028155014199447808,0.009809809809809809,False
baseline0 → prompt0,real,refuse_both,90,density_initializing_testlex,0.00449842555105713,-0.00449842555105713,-0.013495276653171389,0.0,False
baseline0 → prompt0,real,refuse_both,90,n_deduction,10.177777777777777,-0.6,-2.411111111111111,0.7777777777777778,False
baseline0 → prompt0,real,refuse_both,90,n_adding-knowledge,4.555555555555555,-0.03333333333333333,-0.6555555555555556,0.5002777777777763,False
baseline0 → prompt0,real,refuse_both,90,n_uncertainty-estimation,1.3111111111111111,-0.044444444444444446,-0.6891666666666666,0.5,False
baseline0 → prompt0,real,refuse_both,90,n_backtracking,0.5888888888888889,-0.2111111111111111,-0.8,0.15555555555555556,False
baseline0 → prompt0,real,refuse_both,90,n_example-testing,0.15555555555555556,-0.05555555555555555,-0.2,0.07777777777777778,False
baseline0 → prompt0,real,refuse_both,90,n_initializing,1.4555555555555555,-0.08888888888888889,-0.3111111111111111,0.14444444444444443,False
baseline0 → prompt0,real,comply_both,17,words,327.0,-18.176470588235293,-70.30147058823529,35.649999999999984,False
baseline0 → prompt0,real,comply_both,17,density_norm,0.6348305290797487,-0.02953405834665505,-0.38716184771997253,0.349564707637527,False
baseline0 → prompt0,real,comply_both,17,n_norm,2.1176470588235294,-0.11764705882352941,-1.2352941176470589,1.1191176470588156,False
baseline0 → prompt0,real,comply_both,17,n_testlex_total,0.9411764705882353,0.11764705882352941,-0.5294117647058824,0.824999999999992,False
baseline0 → prompt0,real,comply_both,17,density_deduction_nontest,3.722013552896491,0.15652366752931218,-0.4104242113906487,0.7094134399369295,False
baseline0 → prompt0,real,comply_both,17,density_adding-knowledge_nontest,1.6589152228098307,-0.03145852730076237,-0.530143607310551,0.4473285788209295,False
baseline0 → prompt0,real,comply_both,17,density_uncertainty-estimation_nontest,0.5539944440489916,0.09260580154725068,-0.27250804699055164,0.42798455750573045,False
baseline0 → prompt0,real,comply_both,17,density_backtracking_nontest,0.21443449114293917,-0.02686826714056264,-0.13411932229327764,0.0855116781014172,False
baseline0 → prompt0,real,comply_both,17,density_example-testing_nontest,0.18122003958100152,0.059982368648170456,-0.15319480755206036,0.27909806199389425,False
baseline0 → prompt0,real,comply_both,17,density_initializing_nontest,0.45231687630215794,-0.012933835448645844,-0.21289393849780772,0.12894557604126866,False
baseline0 → prompt0,real,comply_both,17,density_deduction_testlex,0.15446900554571405,-0.06424688809657718,-0.1871846690697859,0.05859594713774178,False
baseline0 → prompt0,real,comply_both,17,density_adding-knowledge_testlex,0.0,0.0909036146920667,0.0,0.1945027049253433,False
baseline0 → prompt0,real,comply_both,17,density_uncertainty-estimation_testlex,0.1426357619519415,0.0010604650973931253,-0.06968134535971895,0.0735720220391024,False
baseline0 → prompt0,real,comply_both,17,density_backtracking_testlex,0.0,0.0,0.0,0.0,False
baseline0 → prompt0,real,comply_both,17,density_example-testing_testlex,0.0,0.0,0.0,0.0,False
baseline0 → prompt0,real,comply_both,17,density_initializing_testlex,0.0,0.0,0.0,0.0,False
baseline0 → prompt0,real,comply_both,17,n_deduction,12.941176470588236,-0.8235294117647058,-4.588235294117647,2.2941176470588234,False
baseline0 → prompt0,real,comply_both,17,n_adding-knowledge,5.411764705882353,0.058823529411764705,-1.588235294117647,1.7647058823529411,False
baseline0 → prompt0,real,comply_both,17,n_uncertainty-estimation,2.3529411764705883,0.0,-1.236764705882353,1.1176470588235294,False
baseline0 → prompt0,real,comply_both,17,n_backtracking,0.7647058823529411,-0.23529411764705882,-0.6470588235294118,0.17647058823529413,False
baseline0 → prompt0,real,comply_both,17,n_example-testing,0.5882352941176471,0.23529411764705882,-0.5294117647058824,1.0588235294117647,False
baseline0 → prompt0,real,comply_both,17,n_initializing,1.2941176470588236,0.0,-0.35294117647058826,0.35294117647058826,False
baseline0 → prompt0,real,gained,23,words,237.6086956521739,223.1304347826087,79.95434782608696,430.0315217391296,True
baseline0 → prompt0,real,gained,23,density_norm,2.40913552482405,-1.6151020716611486,-1.9617220189069304,-1.2301283473932716,True
baseline0 → prompt0,real,gained,23,n_norm,5.608695652173913,-2.739130434782609,-3.8260869565217392,-1.3478260869565217,True
baseline0 → prompt0,real,gained,23,n_testlex_total,1.0869565217391304,0.6086956521739131,0.13043478260869565,1.0869565217391304,True
baseline0 → prompt0,real,gained,23,density_deduction_nontest,3.5684746746873186,-0.09057663000908124,-0.5564366249901428,0.4151102027674085,False
baseline0 → prompt0,real,gained,23,density_adding-knowledge_nontest,1.7670987682471795,-0.12188250081389927,-0.42427129199144986,0.1856326457649927,False
baseline0 → prompt0,real,gained,23,density_uncertainty-estimation_nontest,0.4156281600447738,0.3083578885054405,-0.006415899965776599,0.6028593362017935,False
baseline0 → prompt0,real,gained,23,density_backtracking_nontest,0.15112224690405207,0.05120554735679295,-0.09570316293725263,0.22517778443405265,False
baseline0 → prompt0,real,gained,23,density_example-testing_nontest,0.026159716692850978,0.17942431273512624,0.025159883313953704,0.38101415170018016,True
baseline0 → prompt0,real,gained,23,density_initializing_nontest,0.6079634766829904,-0.27500841217739197,-0.44833916105653226,-0.12823280297038642,True
baseline0 → prompt0,real,gained,23,density_deduction_testlex,0.3285688932536286,-0.06900855469288791,-0.15898580525019865,0.015027666238915618,False
baseline0 → prompt0,real,gained,23,density_adding-knowledge_testlex,0.020128824476650563,0.0533429298282083,0.009329550392352325,0.10623447182670474,True
baseline0 → prompt0,real,gained,23,density_uncertainty-estimation_testlex,0.1301015606314648,0.0064526612295871125,-0.13436151941913574,0.13925214526615026,False
baseline0 → prompt0,real,gained,23,density_backtracking_testlex,0.0,0.005843852267414679,0.0,0.01753155680224404,False
baseline0 → prompt0,real,gained,23,density_example-testing_testlex,0.0,0.0,0.0,0.0,False
baseline0 → prompt0,real,gained,23,density_initializing_testlex,0.0,0.0,0.0,0.0,False
baseline0 → prompt0,real,gained,23,n_deduction,9.304347826086957,6.304347826086956,2.346739130434783,10.956521739130435,True
baseline0 → prompt0,real,gained,23,n_adding-knowledge,4.130434782608695,2.9130434782608696,1.173913043478261,4.8706521739130375,True
baseline0 → prompt0,real,gained,23,n_uncertainty-estimation,1.2608695652173914,3.260869565217391,1.173913043478261,6.043478260869565,True
baseline0 → prompt0,real,gained,23,n_backtracking,0.391304347826087,1.6521739130434783,-0.0010869565217390686,4.434782608695652,False
baseline0 → prompt0,real,gained,23,n_example-testing,0.08695652173913043,0.8260869565217391,0.21739130434782608,1.5217391304347827,True
baseline0 → prompt0,real,gained,23,n_initializing,1.2608695652173914,-0.13043478260869565,-0.34782608695652173,0.08695652173913043,False
baseline0 → prompt0,fake,all,149,words,293.19463087248323,73.98657718120805,26.596476510067113,127.58456375838918,True
baseline0 → prompt0,fake,all,149,density_norm,1.5947682592814094,-0.45815671653500956,-0.6457948054327801,-0.26358674263809745,True
baseline0 → prompt0,fake,all,149,n_norm,4.100671140939597,-0.9463087248322147,-1.4496644295302012,-0.4429530201342282,True
baseline0 → prompt0,fake,all,149,n_testlex_total,1.0201342281879195,0.9060402684563759,0.5906040268456376,1.2417785234899321,True
baseline0 → prompt0,fake,all,149,density_deduction_nontest,3.7869199673425586,-0.18726683639527256,-0.44451603030426323,0.06310670490335722,False
baseline0 → prompt0,fake,all,149,density_adding-knowledge_nontest,1.7422289839444938,-0.15663317559129752,-0.3041272337818958,-0.0062111514577099835,True
baseline0 → prompt0,fake,all,149,density_uncertainty-estimation_nontest,0.5676967155734626,-0.00048604387950883167,-0.11317943115694794,0.12088369176114638,False
baseline0 → prompt0,fake,all,149,density_backtracking_nontest,0.17741814761325217,-0.0004635884133211363,-0.051227442589507025,0.053811637926178796,False
baseline0 → prompt0,fake,all,149,density_example-testing_nontest,0.16085655114494915,0.014957011561680902,-0.0678214497608301,0.1006013808935609,False
baseline0 → prompt0,fake,all,149,density_initializing_nontest,0.5494718328106962,-0.022158556002996363,-0.09594169297775502,0.049051884885361934,False
baseline0 → prompt0,fake,all,149,density_deduction_testlex,0.22970313518095709,0.1202099918052906,0.05313549620227493,0.18979730925503027,True
baseline0 → prompt0,fake,all,149,density_adding-knowledge_testlex,0.029693540110133476,0.03819071261458645,0.005904739703072186,0.07066138991213071,True
baseline0 → prompt0,fake,all,149,density_uncertainty-estimation_testlex,0.10772928472096685,0.034676062397339634,-0.0112815381318863,0.07762805143646742,False
baseline0 → prompt0,fake,all,149,density_backtracking_testlex,0.0017252980452373147,0.0064814803532394225,-0.0017252980452373147,0.0150211482085773,False
baseline0 → prompt0,fake,all,149,density_example-testing_testlex,0.0064000666039540285,0.010889576668582162,-0.0035200522437244808,0.02692954782903457,False
baseline0 → prompt0,fake,all,149,density_initializing_testlex,0.0018287219062597152,0.0013250948668073442,-0.00011703820200062238,0.004092322802422655,False
baseline0 → prompt0,fake,all,149,n_deduction,11.456375838926174,2.1812080536912752,0.6374161073825503,3.865771812080537,True
baseline0 → prompt0,fake,all,149,n_adding-knowledge,4.852348993288591,0.610738255033557,-0.04043624161073824,1.2417785234899321,False
baseline0 → prompt0,fake,all,149,n_uncertainty-estimation,2.228187919463087,1.0134228187919463,0.16778523489932887,1.980033557046979,True
baseline0 → prompt0,fake,all,149,n_backtracking,0.6577181208053692,0.174496644295302,-0.10738255033557047,0.5167785234899329,False
baseline0 → prompt0,fake,all,149,n_example-testing,0.5838926174496645,0.22818791946308725,-0.087248322147651,0.5570469798657718,False
baseline0 → prompt0,fake,all,149,n_initializing,1.4630872483221478,0.087248322147651,-0.1342281879194631,0.31543624161073824,False
baseline0 → prompt0,fake,refuse_both,51,words,233.2156862745098,56.254901960784316,-8.830882352941178,131.06568627450977,False
baseline0 → prompt0,fake,refuse_both,51,density_norm,2.196524155523606,-0.20242817895989257,-0.4269058463465494,0.013436780846951935,False
baseline0 → prompt0,fake,refuse_both,51,n_norm,4.980392156862745,0.0392156862745098,-0.7651960784313725,0.8431372549019608,False
baseline0 → prompt0,fake,refuse_both,51,n_testlex_total,1.0588235294117647,1.1764705882352942,0.5882352941176471,1.8431372549019607,True
baseline0 → prompt0,fake,refuse_both,51,density_deduction_nontest,3.8869755253400804,-0.464001810011689,-0.8726341362330926,-0.0626879381529632,True
baseline0 → prompt0,fake,refuse_both,51,density_adding-knowledge_nontest,1.9048743683308755,-0.17268138921751766,-0.4075246451859466,0.06547138739702996,False
baseline0 → prompt0,fake,refuse_both,51,density_uncertainty-estimation_nontest,0.41520465446232774,0.06365720060223255,-0.15373929783901888,0.30693745492251595,False
baseline0 → prompt0,fake,refuse_both,51,density_backtracking_nontest,0.1291544378086915,-0.012461447169623087,-0.08281635852389033,0.06043328546018748,False
baseline0 → prompt0,fake,refuse_both,51,density_example-testing_nontest,0.04055846729575389,-0.04055846729575389,-0.09204383895665223,-0.005733287467033597,True
baseline0 → prompt0,fake,refuse_both,51,density_initializing_nontest,0.5843945442121179,0.00901007948294873,-0.09178260135496392,0.11928809575023301,False
baseline0 → prompt0,fake,refuse_both,51,density_deduction_testlex,0.30063925315948253,0.20983167997894436,0.07563534021077943,0.354555151749767,True
baseline0 → prompt0,fake,refuse_both,51,density_adding-knowledge_testlex,0.008169934640522876,0.0563103417021611,0.009930992673881029,0.111150397254565,True
baseline0 → prompt0,fake,refuse_both,51,density_uncertainty-estimation_testlex,0.1233968021930017,0.04437620532580762,-0.04022074903444902,0.1292094798142814,False
baseline0 → prompt0,fake,refuse_both,51,density_backtracking_testlex,0.0,0.006669334400426837,0.0,0.020008003201280513,False
baseline0 → prompt0,fake,refuse_both,51,density_example-testing_testlex,0.007659313725490196,0.01954109973916325,-0.012071788134432788,0.05856015651874785,False
baseline0 → prompt0,fake,refuse_both,51,density_initializing_testlex,0.005342736549660737,0.0038713555912606723,-0.00034193513917828893,0.011956001912960305,False
baseline0 → prompt0,fake,refuse_both,51,n_deduction,9.549019607843137,1.5490196078431373,-0.8235294117647058,4.784803921568624,False
baseline0 → prompt0,fake,refuse_both,51,n_adding-knowledge,4.235294117647059,0.5294117647058824,-0.37254901960784315,1.5294117647058822,False
baseline0 → prompt0,fake,refuse_both,51,n_uncertainty-estimation,1.4509803921568627,1.0784313725490196,-0.21568627450980393,2.823529411764706,False
baseline0 → prompt0,fake,refuse_both,51,n_backtracking,0.37254901960784315,0.09803921568627451,-0.23529411764705882,0.5294117647058824,False
baseline0 → prompt0,fake,refuse_both,51,n_example-testing,0.1568627450980392,-0.09803921568627451,-0.3137254901960784,0.058823529411764705,False
baseline0 → prompt0,fake,refuse_both,51,n_initializing,1.3137254901960784,0.11764705882352941,-0.1568627450980392,0.39215686274509803,False
baseline0 → prompt0,fake,comply_both,47,words,334.9574468085106,61.255319148936174,-3.56063829787234,127.23989361702124,False
baseline0 → prompt0,fake,comply_both,47,density_norm,0.6430931129720132,-0.2389401275299842,-0.43608633886728476,-0.05609689364178638,True
baseline0 → prompt0,fake,comply_both,47,n_norm,1.9148936170212767,-0.5319148936170213,-1.0851063829787233,0.0425531914893617,False
baseline0 → prompt0,fake,comply_both,47,n_testlex_total,0.7872340425531915,0.5957446808510638,0.19148936170212766,1.0212765957446808,True
baseline0 → prompt0,fake,comply_both,47,density_deduction_nontest,3.9312848413800507,0.13593472933774708,-0.31224083869602276,0.606809486313413,False
baseline0 → prompt0,fake,comply_both,47,density_adding-knowledge_nontest,1.6931008310769546,-0.22356317031936854,-0.5640937569229499,0.097703116562785,False
baseline0 → prompt0,fake,comply_both,47,density_uncertainty-estimation_nontest,0.6038683480690856,0.052049697020034064,-0.09370993613229278,0.21041425132318878,False
baseline0 → prompt0,fake,comply_both,47,density_backtracking_nontest,0.20977435250902077,0.01942930683408435,-0.07056973833112638,0.10784699661577246,False
baseline0 → prompt0,fake,comply_both,47,density_example-testing_nontest,0.28916965451064497,-0.002500101775495987,-0.20148943506916656,0.22625170616970788,False
baseline0 → prompt0,fake,comply_both,47,density_initializing_nontest,0.575134701064964,-0.1011514292480525,-0.2467827454939224,0.04514356102782463,False
baseline0 → prompt0,fake,comply_both,47,density_deduction_testlex,0.13282293500652634,0.06737674304249022,-0.00784183927815948,0.14560837892731196,False
baseline0 → prompt0,fake,comply_both,47,density_adding-knowledge_testlex,0.046829254720101396,0.0036696837908754883,-0.05806857676578234,0.06068125729251356,False
baseline0 → prompt0,fake,comply_both,47,density_uncertainty-estimation_testlex,0.09904301975236876,0.014353541057674167,-0.0700169854777575,0.09261737453451632,False
baseline0 → prompt0,fake,comply_both,47,density_backtracking_testlex,0.005469561888092764,0.004340486728302585,-0.013282073504883602,0.02630353368979136,False
baseline0 → prompt0,fake,comply_both,47,density_example-testing_testlex,0.0,0.007439369141496801,0.0,0.022318107424490405,False
baseline0 → prompt0,fake,comply_both,47,density_initializing_testlex,0.0,0.0,0.0,0.0,False
baseline0 → prompt0,fake,comply_both,47,n_deduction,13.127659574468085,2.74468085106383,0.3191489361702128,5.213297872340422,True
baseline0 → prompt0,fake,comply_both,47,n_adding-knowledge,5.617021276595745,-0.14893617021276595,-1.4473404255319149,1.0638297872340425,False
baseline0 → prompt0,fake,comply_both,47,n_uncertainty-estimation,2.5319148936170213,0.851063829787234,-0.2765957446808511,1.9574468085106382,False
baseline0 → prompt0,fake,comply_both,47,n_backtracking,0.9361702127659575,0.10638297872340426,-0.3191489361702128,0.5531914893617021,False
baseline0 → prompt0,fake,comply_both,47,n_example-testing,1.0,0.14893617021276595,-0.5106382978723404,0.8085106382978723,False
baseline0 → prompt0,fake,comply_both,47,n_initializing,1.702127659574468,-0.1276595744680851,-0.574468085106383,0.3617021276595745,False
baseline0 → prompt0,fake,gained,36,words,278.8611111111111,210.83333333333334,89.80277777777778,376.6451388888889,True
baseline0 → prompt0,fake,gained,36,density_norm,2.302563243900985,-1.7646480136192493,-2.074709352525012,-1.4655374241566448,True
baseline0 → prompt0,fake,gained,36,n_norm,6.083333333333333,-3.75,-4.638888888888889,-2.888888888888889,True
baseline0 → prompt0,fake,gained,36,n_testlex_total,1.0833333333333333,1.1944444444444444,0.4444444444444444,2.0277777777777777,True
baseline0 → prompt0,fake,gained,36,density_deduction_nontest,3.571765803982425,-0.12146060400964404,-0.6855265866703656,0.43081571950149183,False
baseline0 → prompt0,fake,gained,36,density_adding-knowledge_nontest,1.693455268331206,-0.2717033270731985,-0.5437121537336395,0.002603363671475668,False
baseline0 → prompt0,fake,gained,36,density_uncertainty-estimation_nontest,0.689198135440375,-0.09169915658150014,-0.3231977623105016,0.1420036698704895,False
baseline0 → prompt0,fake,gained,36,density_backtracking_nontest,0.17310201945519094,-3.9690196417156866e-05,-0.11364662428883603,0.11148358639746213,False
baseline0 → prompt0,fake,gained,36,density_example-testing_nontest,0.07794657592550075,0.2754631980949402,0.1367291666388322,0.41353366839935285,True
baseline0 → prompt0,fake,gained,36,density_initializing_nontest,0.5136763137152703,-0.02772060704857969,-0.19472194169732066,0.1395383009299973,False
baseline0 → prompt0,fake,gained,36,density_deduction_testlex,0.28253886881383045,-0.03291535516653314,-0.15282751845577958,0.09238010714180357,False
baseline0 → prompt0,fake,gained,36,density_adding-knowledge_testlex,0.029261289922270735,0.08168576163773474,0.014509049395652675,0.15385760698015424,True
baseline0 → prompt0,fake,gained,36,density_uncertainty-estimation_testlex,0.08294286013344424,0.043894298368586285,-0.026701021184410475,0.11517909831199367,False
baseline0 → prompt0,fake,gained,36,density_backtracking_testlex,0.0,0.011711156721685656,0.0,0.029370445729833366,False
baseline0 → prompt0,fake,gained,36,density_example-testing_testlex,0.008366800535475234,0.004990490358750233,-0.019190236121792135,0.029820983781111376,False
baseline0 → prompt0,fake,gained,36,density_initializing_testlex,0.0,0.0,0.0,0.0,False
baseline0 → prompt0,fake,gained,36,n_deduction,10.75,5.583333333333333,2.361111111111111,9.416666666666666,True
baseline0 → prompt0,fake,gained,36,n_adding-knowledge,4.444444444444445,2.5,1.2222222222222223,3.9722222222222223,True
baseline0 → prompt0,fake,gained,36,n_uncertainty-estimation,2.3333333333333335,2.1666666666666665,0.1111111111111111,4.805555555555555,True
baseline0 → prompt0,fake,gained,36,n_backtracking,0.5277777777777778,0.6666666666666666,-0.08333333333333333,1.6388888888888888,False
baseline0 → prompt0,fake,gained,36,n_example-testing,0.2777777777777778,1.4722222222222223,0.8055555555555556,2.138888888888889,True
baseline0 → prompt0,fake,gained,36,n_initializing,1.2777777777777777,0.5277777777777778,0.16666666666666666,0.9166666666666666,True
baseline1 → prompt1,real,all,149,words,289.6442953020134,-5.973154362416107,-43.308724832214764,30.965939597315405,False
baseline1 → prompt1,real,all,149,density_norm,1.9245326416911257,-0.17600656861559302,-0.3555160854250245,-0.007629458442235677,True
baseline1 → prompt1,real,all,149,n_norm,4.778523489932886,-0.3959731543624161,-0.8791946308724832,0.0605704697986568,False
baseline1 → prompt1,real,all,149,n_testlex_total,0.8322147651006712,0.7986577181208053,0.5973154362416108,1.0268456375838926,True
baseline1 → prompt1,real,all,149,density_deduction_nontest,3.6983013770550985,-0.1710863688141427,-0.3747012740731297,0.03836708446461008,False
baseline1 → prompt1,real,all,149,density_adding-knowledge_nontest,1.7693155079555056,0.02818514095267959,-0.11576640639475597,0.1676738822775996,False
baseline1 → prompt1,real,all,149,density_uncertainty-estimation_nontest,0.4462600483130214,-0.030120366265267772,-0.11640553341228971,0.061520431507446544,False
baseline1 → prompt1,real,all,149,density_backtracking_nontest,0.15978517046930604,-0.02311815521304697,-0.07619161035402648,0.029877025980470668,False
baseline1 → prompt1,real,all,149,density_example-testing_nontest,0.07975977710768552,0.020710200261044184,-0.028662408232858674,0.06750678654142933,False
baseline1 → prompt1,real,all,149,density_initializing_nontest,0.5340790767673541,0.035799689768313235,-0.03084813881375253,0.09967676876101965,False
baseline1 → prompt1,real,all,149,density_deduction_testlex,0.2568773866262218,0.09364129914620029,0.02690945880916691,0.16065722955478104,True
baseline1 → prompt1,real,all,149,density_adding-knowledge_testlex,0.009559829098643632,0.05389964438242014,0.029239728590770137,0.07921051938768799,True
baseline1 → prompt1,real,all,149,density_uncertainty-estimation_testlex,0.07047416639502325,0.1101706906997946,0.0627892159670475,0.1587956398678469,True
baseline1 → prompt1,real,all,149,density_backtracking_testlex,0.0019341237452372203,0.00919876950374207,0.0019509911034805683,0.01902436598668651,True
baseline1 → prompt1,real,all,149,density_example-testing_testlex,0.0021932710444356714,0.0041183992339089886,-0.006579813133307014,0.018935010835033978,False
baseline1 → prompt1,real,all,149,density_initializing_testlex,0.0,0.003242226761339688,0.0,0.009726680284019065,False
baseline1 → prompt1,real,all,149,n_deduction,11.36241610738255,-0.5570469798657718,-2.0201342281879193,0.8057046979865753,False
baseline1 → prompt1,real,all,149,n_adding-knowledge,4.677852348993288,0.2483221476510067,-0.19463087248322147,0.6912751677852349,False
baseline1 → prompt1,real,all,149,n_uncertainty-estimation,1.9060402684563758,-0.03355704697986577,-0.7854026845637584,0.5973154362416108,False
baseline1 → prompt1,real,all,149,n_backtracking,0.5637583892617449,0.0,-0.30201342281879195,0.3087248322147651,False
baseline1 → prompt1,real,all,149,n_example-testing,0.3087248322147651,0.040268456375838924,-0.12751677852348994,0.20134228187919462,False
baseline1 → prompt1,real,all,149,n_initializing,1.3624161073825503,0.09395973154362416,-0.087248322147651,0.2684563758389262,False
baseline1 → prompt1,real,refuse_both,94,words,251.08510638297872,-6.542553191489362,-30.194148936170212,15.989627659574467,False
baseline1 → prompt1,real,refuse_both,94,density_norm,2.2162154670806022,-0.0588045666838255,-0.2506044612300325,0.13264134423134064,False
baseline1 → prompt1,real,refuse_both,94,n_norm,5.361702127659575,-0.18085106382978725,-0.7553191489361702,0.425531914893617,False
baseline1 → prompt1,real,refuse_both,94,n_testlex_total,0.8936170212765957,0.7659574468085106,0.48936170212765956,1.0640957446808497,True
baseline1 → prompt1,real,refuse_both,94,density_deduction_nontest,3.707573707378974,-0.23221314907107285,-0.4882119796637966,0.0277490254142107,False
baseline1 → prompt1,real,refuse_both,94,density_adding-knowledge_nontest,1.887186170466502,-0.05073120865435645,-0.22607311491458698,0.11918887650437571,False
baseline1 → prompt1,real,refuse_both,94,density_uncertainty-estimation_nontest,0.3268021331869767,0.03657883355393166,-0.07233309162026799,0.149333871013849,False
baseline1 → prompt1,real,refuse_both,94,density_backtracking_nontest,0.16039731688232803,-0.052176283137669345,-0.11223713537577773,0.011728857669014157,False
baseline1 → prompt1,real,refuse_both,94,density_example-testing_nontest,0.01654305580155056,0.01207330923113105,-0.010290508314515915,0.03518064664155043,False
baseline1 → prompt1,real,refuse_both,94,density_initializing_nontest,0.5770806994169678,0.0395043357271206,-0.04542217940424809,0.12117019655405957,False
baseline1 → prompt1,real,refuse_both,94,density_deduction_testlex,0.3003021875534359,0.11776732098742423,0.03446788028487288,0.21417811841837686,True
baseline1 → prompt1,real,refuse_both,94,density_adding-knowledge_testlex,0.00618066098432697,0.051887697628924125,0.022459566342587445,0.08399190403304485,True
baseline1 → prompt1,real,refuse_both,94,density_uncertainty-estimation_testlex,0.06982298539091585,0.12160255735681988,0.05879733910337496,0.18917653127472128,True
baseline1 → prompt1,real,refuse_both,94,density_backtracking_testlex,0.0,0.0047705371624844955,0.0,0.01431161148745349,False
baseline1 → prompt1,real,refuse_both,94,density_example-testing_testlex,0.003476567932137394,0.006528100913323822,-0.007040050062578218,0.030014006536383645,False
baseline1 → prompt1,real,refuse_both,94,density_initializing_testlex,0.0,0.005139274334463973,0.0,0.015417823003391921,False
baseline1 → prompt1,real,refuse_both,94,n_deduction,10.085106382978724,-0.6914893617021277,-1.8404255319148937,0.47898936170212625,False
baseline1 → prompt1,real,refuse_both,94,n_adding-knowledge,4.5212765957446805,-0.07446808510638298,-0.4574468085106383,0.30851063829787234,False
baseline1 → prompt1,real,refuse_both,94,n_uncertainty-estimation,1.1170212765957446,0.30851063829787234,-0.09574468085106383,0.7021276595744681,False
baseline1 → prompt1,real,refuse_both,94,n_backtracking,0.44680851063829785,-0.1702127659574468,-0.3617021276595745,0.010638297872340425,False
baseline1 → prompt1,real,refuse_both,94,n_example-testing,0.06382978723404255,0.05319148936170213,-0.031914893617021274,0.14893617021276595,False
baseline1 → prompt1,real,refuse_both,94,n_initializing,1.372340425531915,0.07446808510638298,-0.13829787234042554,0.2765957446808511,False
baseline1 → prompt1,real,comply_both,21,words,490.1904761904762,-134.33333333333334,-334.20952380952383,39.716666666666654,False
baseline1 → prompt1,real,comply_both,21,density_norm,0.4778484980580349,0.0916730911088792,-0.15292746094247717,0.359480814510711,False
baseline1 → prompt1,real,comply_both,21,n_norm,1.7142857142857142,0.14285714285714285,-0.7142857142857143,1.0488095238095174,False
baseline1 → prompt1,real,comply_both,21,n_testlex_total,0.5238095238095238,0.7619047619047619,0.42857142857142855,1.1428571428571428,True
baseline1 → prompt1,real,comply_both,21,density_deduction_nontest,3.6655666146344856,-0.14577172064563418,-0.6901272414922541,0.3498887286855407,False
baseline1 → prompt1,real,comply_both,21,density_adding-knowledge_nontest,1.4407799411506912,0.2835331824287263,-0.14327434483272497,0.6892413539819569,False
baseline1 → prompt1,real,comply_both,21,density_uncertainty-estimation_nontest,0.8146504058157508,-0.24033317243880492,-0.5074794104485365,0.004589438233831616,False
baseline1 → prompt1,real,comply_both,21,density_backtracking_nontest,0.2600654971117385,-0.09911086365084462,-0.2335191104633636,0.03219298579500041,False
baseline1 → prompt1,real,comply_both,21,density_example-testing_nontest,0.32882994450573755,-0.033766979972051456,-0.2800603562901681,0.19828072209127037,False
baseline1 → prompt1,real,comply_both,21,density_initializing_nontest,0.45436284583629577,0.0125277716611418,-0.18021252039953592,0.1713972096337193,False
baseline1 → prompt1,real,comply_both,21,density_deduction_testlex,0.060144858728910094,0.0807690986961639,0.0031925427974968962,0.1604609009841861,True
baseline1 → prompt1,real,comply_both,21,density_adding-knowledge_testlex,0.04016344777005553,0.03234157632442842,-0.05152461976306803,0.11242612103039439,False
baseline1 → prompt1,real,comply_both,21,density_uncertainty-estimation_testlex,0.05663451882734574,0.09921247449289221,0.005462922939270666,0.188655356520715,True
baseline1 → prompt1,real,comply_both,21,density_backtracking_testlex,0.0,0.029558603700901655,0.0,0.07483306470181902,False
baseline1 → prompt1,real,comply_both,21,density_example-testing_testlex,0.0,0.0,0.0,0.0,False
baseline1 → prompt1,real,comply_both,21,density_initializing_testlex,0.0,0.0,0.0,0.0,False
baseline1 → prompt1,real,comply_both,21,n_deduction,17.952380952380953,-5.238095238095238,-12.238095238095237,0.7630952380952316,False
baseline1 → prompt1,real,comply_both,21,n_adding-knowledge,5.857142857142857,-0.09523809523809523,-1.9047619047619047,1.8095238095238095,False
baseline1 → prompt1,real,comply_both,21,n_uncertainty-estimation,5.666666666666667,-2.7142857142857144,-7.382142857142857,0.8571428571428571,False
baseline1 → prompt1,real,comply_both,21,n_backtracking,1.4761904761904763,-0.42857142857142855,-1.7142857142857142,0.8571428571428571,False
baseline1 → prompt1,real,comply_both,21,n_example-testing,1.380952380952381,-0.47619047619047616,-1.1428571428571428,0.14285714285714285,False
baseline1 → prompt1,real,comply_both,21,n_initializing,1.5714285714285714,-0.14285714285714285,-0.6666666666666666,0.3333333333333333,False
baseline1 → prompt1,real,gained,23,words,249.08695652173913,147.2608695652174,55.129347826086956,280.34891304347826,True
baseline1 → prompt1,real,gained,23,density_norm,2.4761165200965287,-1.5201361998731555,-1.8688488716676657,-1.1495148327028684,True
baseline1 → prompt1,real,gained,23,n_norm,6.0,-2.9130434782608696,-4.0,-1.8695652173913044,True
baseline1 → prompt1,real,gained,23,n_testlex_total,0.9565217391304348,1.0,0.4782608695652174,1.5217391304347827,True
baseline1 → prompt1,real,gained,23,density_deduction_nontest,3.580213580333344,0.0034954616108016285,-0.3764978630836863,0.40158950076922445,False
baseline1 → prompt1,real,gained,23,density_adding-knowledge_nontest,1.7254484215528791,0.03975793739591976,-0.31184419020178383,0.3921121976981678,False
baseline1 → prompt1,real,gained,23,density_uncertainty-estimation_nontest,0.4576672815371345,0.028317071594757447,-0.18233022598440576,0.22061236586767266,False
baseline1 → prompt1,real,gained,23,density_backtracking_nontest,0.07441014518600664,0.1876362885330981,0.052880418757465956,0.32586269151321784,True
baseline1 → prompt1,real,gained,23,density_example-testing_nontest,0.026407700826305478,0.23810386698505295,0.09945958314674978,0.41097337101588277,True
baseline1 → prompt1,real,gained,23,density_initializing_nontest,0.44784669622204687,0.018672289794868922,-0.10507068749170227,0.14860679080959766,False
baseline1 → prompt1,real,gained,23,density_deduction_testlex,0.3505349279863914,-0.12007887642273182,-0.2854810086918943,0.036671602378747885,False
baseline1 → prompt1,real,gained,23,density_adding-knowledge_testlex,0.0,0.1075839275238581,0.04455608957533124,0.17824296283407717,True
baseline1 → prompt1,real,gained,23,density_uncertainty-estimation_testlex,0.04368629082587892,0.13828270276242724,0.03638103699599529,0.23870675901946714,True
baseline1 → prompt1,real,gained,23,density_backtracking_testlex,0.01252975817566721,0.013106760220221354,0.0,0.037869890646760454,False
baseline1 → prompt1,real,gained,23,density_example-testing_testlex,0.0,0.0,0.0,0.0,False
baseline1 → prompt1,real,gained,23,density_initializing_testlex,0.0,0.0,0.0,0.0,False
baseline1 → prompt1,real,gained,23,n_deduction,9.782608695652174,5.130434782608695,1.9130434782608696,9.347826086956522,True
baseline1 → prompt1,real,gained,23,n_adding-knowledge,4.173913043478261,2.391304347826087,1.2608695652173914,3.8260869565217392,True
baseline1 → prompt1,real,gained,23,n_uncertainty-estimation,1.3043478260869565,1.608695652173913,0.34782608695652173,3.260869565217391,True
baseline1 → prompt1,real,gained,23,n_backtracking,0.21739130434782608,1.2608695652173914,0.391304347826087,2.566304347826081,True
baseline1 → prompt1,real,gained,23,n_example-testing,0.08695652173913043,0.8695652173913043,0.34782608695652173,1.5217391304347827,True
baseline1 → prompt1,real,gained,23,n_initializing,1.0434782608695652,0.5217391304347826,0.08695652173913043,1.0,True
baseline1 → prompt1,fake,all,149,words,309.87919463087246,35.241610738255034,-8.566610738255033,82.26258389261741,False
baseline1 → prompt1,fake,all,149,density_norm,1.576804665719991,-0.37354671347055785,-0.5557175456510224,-0.19429028509285173,True
baseline1 → prompt1,fake,all,149,n_norm,3.879194630872483,-0.6577181208053692,-1.1073825503355705,-0.21459731543624253,True
baseline1 → prompt1,fake,all,149,n_testlex_total,0.9731543624161074,0.7181208053691275,0.4697986577181208,0.9798657718120806,True
baseline1 → prompt1,fake,all,149,density_deduction_nontest,3.7967653718893284,-0.14627340241665251,-0.33300216239933267,0.036344300350898175,False
baseline1 → prompt1,fake,all,149,density_adding-knowledge_nontest,1.6550237038497244,0.004046754919279523,-0.13940355325978546,0.150568426434108,False
baseline1 → prompt1,fake,all,149,density_uncertainty-estimation_nontest,0.5899546070448406,-0.03971457137324753,-0.1531104570524847,0.07534099667058819,False
baseline1 → prompt1,fake,all,149,density_backtracking_nontest,0.1743081978949048,0.02469890409501598,-0.029955822376085624,0.07773635862536205,False
baseline1 → prompt1,fake,all,149,density_example-testing_nontest,0.14063756175215905,0.026545763835352097,-0.040068061613238184,0.08957193697129055,False
baseline1 → prompt1,fake,all,149,density_initializing_nontest,0.5536381986108982,-0.06296421981431728,-0.12125389855236166,-0.004617682068966761,True
baseline1 → prompt1,fake,all,149,density_deduction_testlex,0.2283630305651112,0.09413948525176703,0.028303951970777445,0.16059053328137102,True
baseline1 → prompt1,fake,all,149,density_adding-knowledge_testlex,0.021083698140062623,0.07038448933903027,0.03855453123377724,0.1048787159786001,True
baseline1 → prompt1,fake,all,149,density_uncertainty-estimation_testlex,0.10752164350916568,0.050596967901913724,0.0043976541701315815,0.0994159585428683,True
baseline1 → prompt1,fake,all,149,density_backtracking_testlex,0.0038571318367661804,-0.0004779642392344775,-0.010317376961100027,0.006758335195063406,False
baseline1 → prompt1,fake,all,149,density_example-testing_testlex,0.0,0.005306843603823469,0.0,0.011732255440309132,False
baseline1 → prompt1,fake,all,149,density_initializing_testlex,0.006911551224383039,-0.005015672863938645,-0.012687623995093513,0.0,False
baseline1 → prompt1,fake,all,149,n_deduction,12.21476510067114,1.1543624161073827,-0.5102348993288591,2.93976510067114,False
baseline1 → prompt1,fake,all,149,n_adding-knowledge,4.7114093959731544,0.6510067114093959,0.04681208053691276,1.2484899328859052,True
baseline1 → prompt1,fake,all,149,n_uncertainty-estimation,2.6308724832214767,0.46308724832214765,-0.3422818791946309,1.3424496644295294,False
baseline1 → prompt1,fake,all,149,n_backtracking,0.6174496644295302,0.18791946308724833,-0.07399328859060403,0.47651006711409394,False
baseline1 → prompt1,fake,all,149,n_example-testing,0.4966442953020134,0.1476510067114094,-0.087248322147651,0.37583892617449666,False
baseline1 → prompt1,fake,all,149,n_initializing,1.4093959731543624,-0.053691275167785234,-0.20134228187919462,0.087248322147651,False
baseline1 → prompt1,fake,refuse_both,51,words,253.49019607843138,27.274509803921568,-50.11372549019608,116.3529411764706,False
baseline1 → prompt1,fake,refuse_both,51,density_norm,2.2010265599930388,-0.2348633347797135,-0.5287346657208138,0.049750812230532133,False
baseline1 → prompt1,fake,refuse_both,51,n_norm,4.784313725490196,-0.0784313725490196,-0.7058823529411765,0.5490196078431373,False
baseline1 → prompt1,fake,refuse_both,51,n_testlex_total,1.1372549019607843,0.7450980392156863,0.3137254901960784,1.2352941176470589,True
baseline1 → prompt1,fake,refuse_both,51,density_deduction_nontest,3.6452888731416757,-0.19756291785134572,-0.4961297641167313,0.10388650114298295,False
baseline1 → prompt1,fake,refuse_both,51,density_adding-knowledge_nontest,1.9404476253272485,-0.14501100647819218,-0.3865621808818517,0.10220494677686198,False
baseline1 → prompt1,fake,refuse_both,51,density_uncertainty-estimation_nontest,0.43736436589049155,0.030819710238005466,-0.1955109810417776,0.26004094215896423,False
baseline1 → prompt1,fake,refuse_both,51,density_backtracking_nontest,0.14723311374449072,0.0019216509560924277,-0.09073454067050112,0.0917115286383833,False
baseline1 → prompt1,fake,refuse_both,51,density_example-testing_nontest,0.03247879875759504,-0.005127126520928873,-0.04986593573925913,0.04035947114584529,False
baseline1 → prompt1,fake,refuse_both,51,density_initializing_nontest,0.6933775997500318,-0.0732723635265091,-0.20867287731765094,0.06440220621968923,False
baseline1 → prompt1,fake,refuse_both,51,density_deduction_testlex,0.32484169062195095,0.16447367678729408,0.03283835648444813,0.2989901865563661,True
baseline1 → prompt1,fake,refuse_both,51,density_adding-knowledge_testlex,0.017878504186820614,0.05484243709573764,0.013056770983897785,0.10145615135691448,True
baseline1 → prompt1,fake,refuse_both,51,density_uncertainty-estimation_testlex,0.13602128015556797,0.0326730119770296,-0.06268730055149833,0.13208672476802455,False
baseline1 → prompt1,fake,refuse_both,51,density_backtracking_testlex,0.0,0.0050666261336575966,0.0,0.015199878400972791,False
baseline1 → prompt1,fake,refuse_both,51,density_example-testing_testlex,0.0,0.0,0.0,0.0,False
baseline1 → prompt1,fake,refuse_both,51,density_initializing_testlex,0.00778089013383131,-0.00778089013383131,-0.02334267040149393,0.0,False
baseline1 → prompt1,fake,refuse_both,51,n_deduction,9.627450980392156,1.411764705882353,-1.4710784313725491,5.0588235294117645,False
baseline1 → prompt1,fake,refuse_both,51,n_adding-knowledge,4.627450980392157,0.0196078431372549,-0.9808823529411764,1.0,False
baseline1 → prompt1,fake,refuse_both,51,n_uncertainty-estimation,1.8823529411764706,0.7058823529411765,-1.0,2.803921568627451,False
baseline1 → prompt1,fake,refuse_both,51,n_backtracking,0.49019607843137253,-0.0784313725490196,-0.49019607843137253,0.2549019607843137,False
baseline1 → prompt1,fake,refuse_both,51,n_example-testing,0.09803921568627451,0.0,-0.13725490196078433,0.13725490196078433,False
baseline1 → prompt1,fake,refuse_both,51,n_initializing,1.4705882352941178,-0.058823529411764705,-0.29411764705882354,0.19607843137254902,False
baseline1 → prompt1,fake,comply_both,44,words,381.5681818181818,0.6136363636363636,-55.04772727272727,54.29715909090908,False
baseline1 → prompt1,fake,comply_both,44,density_norm,0.6672618530256528,-0.1290353868841556,-0.34623484216190215,0.0839537416648124,False
baseline1 → prompt1,fake,comply_both,44,n_norm,2.0681818181818183,-0.4090909090909091,-1.0227272727272727,0.22727272727272727,False
baseline1 → prompt1,fake,comply_both,44,n_testlex_total,0.75,0.5909090909090909,0.1590909090909091,1.0227272727272727,True
baseline1 → prompt1,fake,comply_both,44,density_deduction_nontest,3.9373150637998062,-0.08824564257405848,-0.4602128971085517,0.2713688871760979,False
baseline1 → prompt1,fake,comply_both,44,density_adding-knowledge_nontest,1.4631899133377422,0.07781890805935486,-0.1696830749779396,0.3328883059863495,False
baseline1 → prompt1,fake,comply_both,44,density_uncertainty-estimation_nontest,0.6707125585333221,-0.010213231274392968,-0.21811796456107585,0.17236838131284887,False
baseline1 → prompt1,fake,comply_both,44,density_backtracking_nontest,0.20009927252857837,0.010298365358305724,-0.10070270369675638,0.11337901314468295,False
baseline1 → prompt1,fake,comply_both,44,density_example-testing_nontest,0.3185655102719382,-0.021895925304166352,-0.185110726019414,0.1431518696496904,False
baseline1 → prompt1,fake,comply_both,44,density_initializing_nontest,0.45684394802200895,-0.03561235593569234,-0.11805182405324921,0.047362344474854934,False
baseline1 → prompt1,fake,comply_both,44,density_deduction_testlex,0.10028440195542208,0.02630455730509901,-0.0771084863426988,0.13076655784558808,False
baseline1 → prompt1,fake,comply_both,44,density_adding-knowledge_testlex,0.010143135418972353,0.1168056915309994,0.06188045756091061,0.17930692339489326,True
baseline1 → prompt1,fake,comply_both,44,density_uncertainty-estimation_testlex,0.10513543819675907,0.04822153986305837,-0.031165539040062574,0.1260229249816019,False
baseline1 → prompt1,fake,comply_both,44,density_backtracking_testlex,0.0,0.0,0.0,0.0,False
baseline1 → prompt1,fake,comply_both,44,density_example-testing_testlex,0.0,0.0037878787878787876,0.0,0.011363636363636364,False
baseline1 → prompt1,fake,comply_both,44,density_initializing_testlex,0.010146103896103896,-0.00372597035732629,-0.01117791107197887,0.0,False
baseline1 → prompt1,fake,comply_both,44,n_deduction,15.227272727272727,-0.4772727272727273,-3.340909090909091,2.0,False
baseline1 → prompt1,fake,comply_both,44,n_adding-knowledge,5.090909090909091,0.7045454545454546,-0.4318181818181818,1.8636363636363635,False
baseline1 → prompt1,fake,comply_both,44,n_uncertainty-estimation,3.590909090909091,0.06818181818181818,-0.9545454545454546,1.0681818181818181,False
baseline1 → prompt1,fake,comply_both,44,n_backtracking,0.7954545454545454,0.3409090909090909,-0.25,1.1363636363636365,False
baseline1 → prompt1,fake,comply_both,44,n_example-testing,1.0909090909090908,-0.06818181818181818,-0.5681818181818182,0.4318181818181818,False
baseline1 → prompt1,fake,comply_both,44,n_initializing,1.4772727272727273,-0.11363636363636363,-0.4323863636363636,0.18181818181818182,False
baseline1 → prompt1,fake,gained,33,words,262.030303030303,181.0,63.44772727272727,310.3681818181818,True
baseline1 → prompt1,fake,gained,33,density_norm,2.1066567036050956,-1.5147575375244513,-1.8341279359948577,-1.2074857528988652,True
baseline1 → prompt1,fake,gained,33,n_norm,5.090909090909091,-2.878787878787879,-3.787878787878788,-1.938636363636368,True
baseline1 → prompt1,fake,gained,33,n_testlex_total,1.0303030303030303,0.6666666666666666,0.09090909090909091,1.2121212121212122,True
baseline1 → prompt1,fake,gained,33,density_deduction_nontest,3.908720349665279,-0.07845368978859388,-0.427908741850253,0.2873960796272724,False
baseline1 → prompt1,fake,gained,33,density_adding-knowledge_nontest,1.6753955574071497,-0.14468388457435497,-0.425213187691061,0.1288623737852598,False
baseline1 → prompt1,fake,gained,33,density_uncertainty-estimation_nontest,0.5000870538890514,0.08642604454163409,-0.1359905703206275,0.2970032779037615,False
baseline1 → prompt1,fake,gained,33,density_backtracking_nontest,0.19993490487774937,0.018379293601818163,-0.1004221487769337,0.1312325229677003,False
baseline1 → prompt1,fake,gained,33,density_example-testing_nontest,0.050515247783579686,0.2665125852433059,0.14213153547927262,0.3873129962343933,True
baseline1 → prompt1,fake,gained,33,density_initializing_nontest,0.5742656566081618,-0.15661291169402414,-0.26146142796169697,-0.04383380740636485,True
baseline1 → prompt1,fake,gained,33,density_deduction_testlex,0.27564263795700744,-0.04493854761189032,-0.14832473946101507,0.07148418026589166,False
baseline1 → prompt1,fake,gained,33,density_adding-knowledge_testlex,0.033116691483225345,0.06824983466878055,-0.018003997905170013,0.15650595915889937,False
baseline1 → prompt1,fake,gained,33,density_uncertainty-estimation_testlex,0.11294680708820946,-0.0044761790003793895,-0.10166462050254044,0.08754639354309621,False
baseline1 → prompt1,fake,gained,33,density_backtracking_testlex,0.017415534656913968,-0.009988321347347714,-0.0522466039707419,0.02228163992869875,False
baseline1 → prompt1,fake,gained,33,density_example-testing_testlex,0.0,0.018910697887970614,0.0,0.04884067952249771,False
baseline1 → prompt1,fake,gained,33,density_initializing_testlex,0.0,0.0,0.0,0.0,False
baseline1 → prompt1,fake,gained,33,n_deduction,10.878787878787879,5.96969696969697,1.6666666666666667,10.546212121212116,True
baseline1 → prompt1,fake,gained,33,n_adding-knowledge,4.03030303030303,2.303030303030303,1.0909090909090908,3.667424242424238,True
baseline1 → prompt1,fake,gained,33,n_uncertainty-estimation,1.9393939393939394,1.9393939393939394,0.09090909090909091,4.03030303030303,True
baseline1 → prompt1,fake,gained,33,n_backtracking,0.6363636363636364,0.36363636363636365,-0.15151515151515152,0.8787878787878788,False
baseline1 → prompt1,fake,gained,33,n_example-testing,0.18181818181818182,1.2121212121212122,0.6962121212121213,1.696969696969697,True
baseline1 → prompt1,fake,gained,33,n_initializing,1.303030303030303,0.12121212121212122,-0.12121212121212122,0.3939393939393939,False
baseline0 → prompt1 (cross),real,all,149,words,285.4429530201342,-1.7718120805369129,-36.88523489932886,31.394295302013397,False
baseline0 → prompt1 (cross),real,all,149,density_norm,1.885102503744815,-0.13657643066928274,-0.3273757406791447,0.05824007657038539,False
baseline0 → prompt1 (cross),real,all,149,n_norm,4.718120805369128,-0.33557046979865773,-0.8456375838926175,0.174496644295302,False
baseline0 → prompt1 (cross),real,all,149,n_testlex_total,0.9530201342281879,0.6778523489932886,0.44966442953020136,0.9194630872483222,True
baseline0 → prompt1 (cross),real,all,149,density_deduction_nontest,3.6843046374705892,-0.15708962922963418,-0.3454413947905481,0.02606342071999357,False
baseline0 → prompt1 (cross),real,all,149,density_adding-knowledge_nontest,1.7458717045858094,0.05162894432237603,-0.08777563901085682,0.19145396464020856,False
baseline0 → prompt1 (cross),real,all,149,density_uncertainty-estimation_nontest,0.4251730948145216,-0.009033412766768025,-0.10778928963228457,0.08838311009630159,False
baseline0 → prompt1 (cross),real,all,149,density_backtracking_nontest,0.15209695059163786,-0.015429935335378748,-0.06939008906390415,0.035569493083883595,False
baseline0 → prompt1 (cross),real,all,149,density_example-testing_nontest,0.07836058558407699,0.0221093917846527,-0.024431466194340695,0.07335446650338782,False
baseline0 → prompt1 (cross),real,all,149,density_initializing_nontest,0.5662584218573912,0.003620344678276083,-0.06582194811147692,0.0714585690569326,False
baseline0 → prompt1 (cross),real,all,149,density_deduction_testlex,0.2421143952212984,0.10840429055112356,0.04363586300804938,0.17802244989562735,True
baseline0 → prompt1 (cross),real,all,149,density_adding-knowledge_testlex,0.011935980723595755,0.051523492757468016,0.028500403982997472,0.07576683452339265,True
baseline0 → prompt1 (cross),real,all,149,density_uncertainty-estimation_testlex,0.09468697303695514,0.08595788405786273,0.03499184416763898,0.13605276177055936,True
baseline0 → prompt1 (cross),real,all,149,density_backtracking_testlex,0.0029565680158472043,0.008176325233132085,-0.002962439920840124,0.019728734995939547,False
baseline0 → prompt1 (cross),real,all,149,density_example-testing_testlex,0.00828752901790896,-0.001975858739564301,-0.01592656495769569,0.014983293355905376,False
baseline0 → prompt1 (cross),real,all,149,density_initializing_testlex,0.0027171697959405485,0.0005250569653991397,-0.008151509387821644,0.009726680284019065,False
baseline0 → prompt1 (cross),real,all,149,n_deduction,11.194630872483222,-0.38926174496644295,-1.7988255033557048,0.9060402684563759,False
baseline0 → prompt1 (cross),real,all,149,n_adding-knowledge,4.758389261744966,0.16778523489932887,-0.3624161073825503,0.6845637583892618,False
baseline0 → prompt1 (cross),real,all,149,n_uncertainty-estimation,1.7181208053691275,0.15436241610738255,-0.3692953020134228,0.6644295302013423,False
baseline0 → prompt1 (cross),real,all,149,n_backtracking,0.5704697986577181,-0.006711409395973154,-0.40956375838926173,0.3691275167785235,False
baseline0 → prompt1 (cross),real,all,149,n_example-testing,0.31543624161073824,0.03355704697986577,-0.14093959731543623,0.2214765100671141,False
baseline0 → prompt1 (cross),real,all,149,n_initializing,1.3758389261744965,0.08053691275167785,-0.06711409395973154,0.22818791946308725,False
baseline0 → prompt1 (cross),real,refuse_both,88,words,264.95454545454544,-20.488636363636363,-69.40227272727272,15.68693181818179,False
baseline0 → prompt1 (cross),real,refuse_both,88,density_norm,2.171785775064929,-0.021594679723977328,-0.21225530333971868,0.17443602184510298,False
baseline0 → prompt1 (cross),real,refuse_both,88,n_norm,5.284090909090909,-0.10227272727272728,-0.6821022727272726,0.5568181818181818,False
baseline0 → prompt1 (cross),real,refuse_both,88,n_testlex_total,0.9431818181818182,0.6931818181818182,0.38636363636363635,0.988920454545453,True
baseline0 → prompt1 (cross),real,refuse_both,88,density_deduction_nontest,3.641076214760541,-0.10891367251891616,-0.35984254335258836,0.1400451631433537,False
baseline0 → prompt1 (cross),real,refuse_both,88,density_adding-knowledge_nontest,1.7827456188306365,0.032930162729409525,-0.1434024598596057,0.21527095047265368,False
baseline0 → prompt1 (cross),real,refuse_both,88,density_uncertainty-estimation_nontest,0.3245445635186064,0.028692213045609646,-0.10059874545952613,0.14754029147539885,False
baseline0 → prompt1 (cross),real,refuse_both,88,density_backtracking_nontest,0.13821263726503544,-0.03810937214109116,-0.10455917166024854,0.027735876727175396,False
baseline0 → prompt1 (cross),real,refuse_both,88,density_example-testing_nontest,0.030898053676876168,-0.007565152499233699,-0.03757618019306736,0.020798963973724806,False
baseline0 → prompt1 (cross),real,refuse_both,88,density_initializing_nontest,0.626060753342318,-0.017317481266152446,-0.10867817479188457,0.07389181698832743,False
baseline0 → prompt1 (cross),real,refuse_both,88,density_deduction_testlex,0.23854177967659507,0.17826067283628824,0.07944464953772434,0.2795055672306988,True
baseline0 → prompt1 (cross),real,refuse_both,88,density_adding-knowledge_testlex,0.017755436436744067,0.044272128445592335,0.01600116947807641,0.07793150281116028,True
baseline0 → prompt1 (cross),real,refuse_both,88,density_uncertainty-estimation_testlex,0.0989075022067242,0.0822010086830744,0.007588575311632633,0.1504286264349552,True
baseline0 → prompt1 (cross),real,refuse_both,88,density_backtracking_testlex,0.0,0.005095801059926621,0.0,0.015287403179779863,False
baseline0 → prompt1 (cross),real,refuse_both,88,density_example-testing_testlex,0.014032293450777672,-0.0033454880931259186,-0.02784395090505727,0.023146877740932704,False
baseline0 → prompt1 (cross),real,refuse_both,88,density_initializing_testlex,0.004600662495399337,0.0008890169073235434,-0.013801987486198012,0.016469038208168644,False
baseline0 → prompt1 (cross),real,refuse_both,88,n_deduction,10.136363636363637,-0.6363636363636364,-2.6255681818181817,0.9318181818181818,False
baseline0 → prompt1 (cross),real,refuse_both,88,n_adding-knowledge,4.556818181818182,-0.11363636363636363,-0.7502840909090909,0.4318181818181818,False
baseline0 → prompt1 (cross),real,refuse_both,88,n_uncertainty-estimation,1.3295454545454546,0.045454545454545456,-0.6022727272727273,0.5454545454545454,False
baseline0 → prompt1 (cross),real,refuse_both,88,n_backtracking,0.5795454545454546,-0.3181818181818182,-0.8866477272727272,0.045454545454545456,False
baseline0 → prompt1 (cross),real,refuse_both,88,n_example-testing,0.17045454545454544,-0.06818181818181818,-0.20454545454545456,0.056818181818181816,False
baseline0 → prompt1 (cross),real,refuse_both,88,n_initializing,1.4545454545454546,-0.022727272727272728,-0.20454545454545456,0.1590909090909091,False
baseline0 → prompt1 (cross),real,comply_both,19,words,388.10526315789474,47.1578947368421,-70.37105263157895,190.26447368421051,False
baseline0 → prompt1 (cross),real,comply_both,19,density_norm,0.6038865554116813,-0.16252367980319762,-0.4031765161996321,0.09191833904374985,False
baseline0 → prompt1 (cross),real,comply_both,19,n_norm,2.0526315789473686,-0.3684210526315789,-1.263157894736842,0.5789473684210527,False
baseline0 → prompt1 (cross),real,comply_both,19,n_testlex_total,0.8421052631578947,0.6842105263157895,0.21052631578947367,1.1578947368421053,True
baseline0 → prompt1 (cross),real,comply_both,19,density_deduction_nontest,3.8629394891359277,-0.48797923807954785,-0.9657532004741276,-0.03818301458491079,True
baseline0 → prompt1 (cross),real,comply_both,19,density_adding-knowledge_nontest,1.5824861983859064,0.1378625684509116,-0.26932153183766777,0.5181266435853062,False
baseline0 → prompt1 (cross),real,comply_both,19,density_uncertainty-estimation_nontest,0.5924284669811309,0.008710179810186928,-0.23033428441132628,0.23191635297052293,False
baseline0 → prompt1 (cross),real,comply_both,19,density_backtracking_nontest,0.20457866851279738,0.04377074308446338,-0.12429315126218311,0.21777224399066458,False
baseline0 → prompt1 (cross),real,comply_both,19,density_example-testing_nontest,0.2972634684516067,-0.03685848568405627,-0.2597012040698822,0.19255471005810662,False
baseline0 → prompt1 (cross),real,comply_both,19,density_initializing_nontest,0.3097875346262667,0.130981185196251,-0.003979079830116087,0.27171809050687384,False
baseline0 → prompt1 (cross),real,comply_both,19,density_deduction_testlex,0.15941503825657172,0.0008534925683059786,-0.11396515317711502,0.11495986899697386,False
baseline0 → prompt1 (cross),real,comply_both,19,density_adding-knowledge_testlex,0.0,0.06497828378311012,0.012442453651860147,0.1324239096501585,True
baseline0 → prompt1 (cross),real,comply_both,19,density_uncertainty-estimation_testlex,0.1062096345391449,0.045200543625662615,-0.06225723198600249,0.15073244914108377,False
baseline0 → prompt1 (cross),real,comply_both,19,density_backtracking_testlex,0.0,0.04678037855074963,0.0,0.0988908527560649,False
baseline0 → prompt1 (cross),real,comply_both,19,density_example-testing_testlex,0.0,0.0,0.0,0.0,False
baseline0 → prompt1 (cross),real,comply_both,19,density_initializing_testlex,0.0,0.0,0.0,0.0,False
baseline0 → prompt1 (cross),real,comply_both,19,n_deduction,16.263157894736842,-1.368421052631579,-5.947368421052632,3.5802631578947297,False
baseline0 → prompt1 (cross),real,comply_both,19,n_adding-knowledge,5.7894736842105265,0.3157894736842105,-1.368421052631579,1.894736842105263,False
baseline0 → prompt1 (cross),real,comply_both,19,n_uncertainty-estimation,2.8421052631578947,1.2105263157894737,-0.6328947368421052,3.5802631578947297,False
baseline0 → prompt1 (cross),real,comply_both,19,n_backtracking,0.7894736842105263,1.2105263157894737,-0.42105263157894735,3.3157894736842106,False
baseline0 → prompt1 (cross),real,comply_both,19,n_example-testing,1.0526315789473684,-0.21052631578947367,-1.0526315789473684,0.5263157894736842,False
baseline0 → prompt1 (cross),real,comply_both,19,n_initializing,1.0,0.42105263157894735,0.15789473684210525,0.6855263157894665,True
baseline0 → prompt1 (cross),real,gained,25,words,231.0,101.76,50.272,153.363,True
baseline0 → prompt1 (cross),real,gained,25,density_norm,2.4448630942935554,-1.4223988502502918,-1.8129212957113694,-1.0350747691523587,True
baseline0 → prompt1 (cross),real,gained,25,n_norm,5.52,-2.4,-3.44,-1.4,True
baseline0 → prompt1 (cross),real,gained,25,n_testlex_total,0.92,0.8,0.24,1.36,True
baseline0 → prompt1 (cross),real,gained,25,density_deduction_nontest,3.7187031410854687,-0.030032902349068014,-0.544119167924856,0.4268528717539568,False
baseline0 → prompt1 (cross),real,gained,25,density_adding-knowledge_nontest,1.8850522087449642,-0.12010439750134032,-0.4420083906269234,0.1567134066939814,False
baseline0 → prompt1 (cross),real,gained,25,density_uncertainty-estimation_nontest,0.43921417598583956,0.03345253337073386,-0.20602714072005,0.25337816393955576,False
baseline0 → prompt1 (cross),real,gained,25,density_backtracking_nontest,0.1792719565212864,0.008267101793522604,-0.11293364537463343,0.11849687024316219,False
baseline0 → prompt1 (cross),real,gained,25,density_example-testing_nontest,0.009029345372460496,0.2842664003189473,0.1429059937242487,0.4644483620868828,True
baseline0 → prompt1 (cross),real,gained,25,density_initializing_nontest,0.6088479367970296,-0.12244657802873288,-0.2995684863764929,0.053126317058514255,False
baseline0 → prompt1 (cross),real,gained,25,density_deduction_testlex,0.3506122696420605,-0.14202906139333857,-0.2794736087292964,0.008092613473856161,False
baseline0 → prompt1 (cross),real,gained,25,density_adding-knowledge_testlex,0.0,0.1104979378861523,0.050146344512304014,0.17945044219046866,True
baseline0 → prompt1 (cross),real,gained,25,density_uncertainty-estimation_testlex,0.06608326873356322,0.11716794435142462,0.015202123498646533,0.21418101582101456,True
baseline0 → prompt1 (cross),real,gained,25,density_backtracking_testlex,0.0,0.012861736334405145,0.0,0.03858520900321544,False
baseline0 → prompt1 (cross),real,gained,25,density_example-testing_testlex,0.0,0.0,0.0,0.0,False
baseline0 → prompt1 (cross),real,gained,25,density_initializing_testlex,0.0,0.0,0.0,0.0,False
baseline0 → prompt1 (cross),real,gained,25,n_deduction,9.52,3.56,1.2,5.92,True
baseline0 → prompt1 (cross),real,gained,25,n_adding-knowledge,4.16,2.08,0.8,3.52,True
baseline0 → prompt1 (cross),real,gained,25,n_uncertainty-estimation,1.2,0.88,0.12,1.4809999999999945,True
baseline0 → prompt1 (cross),real,gained,25,n_backtracking,0.44,0.28,-0.12,0.64,False
baseline0 → prompt1 (cross),real,gained,25,n_example-testing,0.04,0.96,0.44,1.64,True
baseline0 → prompt1 (cross),real,gained,25,n_initializing,1.28,0.28,-0.16,0.72,False
baseline0 → prompt1 (cross),fake,all,149,words,293.19463087248323,51.92617449664429,10.979194630872485,96.78741610738254,True
baseline0 → prompt1 (cross),fake,all,149,density_norm,1.5947682592814094,-0.39151030703197626,-0.5608607466974478,-0.2183366287091505,True
baseline0 → prompt1 (cross),fake,all,149,n_norm,4.100671140939597,-0.8791946308724832,-1.3624161073825503,-0.40939597315436244,True
baseline0 → prompt1 (cross),fake,all,149,n_testlex_total,1.0201342281879195,0.6711409395973155,0.42953020134228187,0.9328859060402684,True
baseline0 → prompt1 (cross),fake,all,149,density_deduction_nontest,3.7869199673425586,-0.13642799786988102,-0.35749166627242523,0.0820636932239582,False
baseline0 → prompt1 (cross),fake,all,149,density_adding-knowledge_nontest,1.7422289839444938,-0.08315852517548974,-0.22505115588512128,0.06486468791207985,False
baseline0 → prompt1 (cross),fake,all,149,density_uncertainty-estimation_nontest,0.5676967155734626,-0.017456679901869634,-0.1319777066428107,0.09494993648545434,False
baseline0 → prompt1 (cross),fake,all,149,density_backtracking_nontest,0.17741814761325217,0.021588954376668627,-0.027825368651288075,0.07172400410883742,False
baseline0 → prompt1 (cross),fake,all,149,density_example-testing_nontest,0.16085655114494915,0.006326774442562002,-0.06539537193548825,0.07544889629622903,False
baseline0 → prompt1 (cross),fake,all,149,density_initializing_nontest,0.5494718328106962,-0.05879785401411528,-0.12715334263107028,0.008601386081179527,False
baseline0 → prompt1 (cross),fake,all,149,density_deduction_testlex,0.22970313518095709,0.09279938063592122,0.0309568645830756,0.1567105520975709,True
baseline0 → prompt1 (cross),fake,all,149,density_adding-knowledge_testlex,0.029693540110133476,0.06177464736895941,0.02700677112412471,0.0991702644686019,True
baseline0 → prompt1 (cross),fake,all,149,density_uncertainty-estimation_testlex,0.10772928472096685,0.05038932669011256,0.00047555016279137146,0.09904303864256028,True
baseline0 → prompt1 (cross),fake,all,149,density_backtracking_testlex,0.0017252980452373147,0.0016538695522943883,-0.0034505960904746293,0.008235691304649156,False
baseline0 → prompt1 (cross),fake,all,149,density_example-testing_testlex,0.0064000666039540285,-0.0010932230001305593,-0.011365642202228923,0.007729113321026856,False
baseline0 → prompt1 (cross),fake,all,149,density_initializing_testlex,0.0018287219062597152,6.715645418467867e-05,0.0,0.000201469362554036,False
baseline0 → prompt1 (cross),fake,all,149,n_deduction,11.456375838926174,1.912751677852349,0.33540268456375844,3.61744966442953,True
baseline0 → prompt1 (cross),fake,all,149,n_adding-knowledge,4.852348993288591,0.5100671140939598,-0.026845637583892617,1.0605704697986569,False
baseline0 → prompt1 (cross),fake,all,149,n_uncertainty-estimation,2.228187919463087,0.8657718120805369,0.087248322147651,1.7919463087248322,True
baseline0 → prompt1 (cross),fake,all,149,n_backtracking,0.6577181208053692,0.1476510067114094,-0.10067114093959731,0.38926174496644295,False
baseline0 → prompt1 (cross),fake,all,149,n_example-testing,0.5838926174496645,0.06040268456375839,-0.1947986577181208,0.30201342281879195,False
baseline0 → prompt1 (cross),fake,all,149,n_initializing,1.4630872483221478,-0.10738255033557047,-0.2751677852348993,0.053691275167785234,False
baseline0 → prompt1 (cross),fake,refuse_both,59,words,245.0,35.96610169491525,-22.528389830508477,108.80423728813555,False
baseline0 → prompt1 (cross),fake,refuse_both,59,density_norm,2.289665587367224,-0.3349743715891451,-0.6097837500717354,-0.06159019393590372,True
baseline0 → prompt1 (cross),fake,refuse_both,59,n_norm,5.423728813559322,-0.6271186440677966,-1.3733050847457626,0.13559322033898305,False
baseline0 → prompt1 (cross),fake,refuse_both,59,n_testlex_total,1.0169491525423728,0.8305084745762712,0.4576271186440678,1.2881355932203389,True
baseline0 → prompt1 (cross),fake,refuse_both,59,density_deduction_nontest,3.7674992701495342,-0.28371326660977436,-0.6255349711980123,0.06054521828875866,False
baseline0 → prompt1 (cross),fake,refuse_both,59,density_adding-knowledge_nontest,1.9210903262174859,-0.0802040756113025,-0.2864458858140289,0.12803542526562134,False
baseline0 → prompt1 (cross),fake,refuse_both,59,density_uncertainty-estimation_nontest,0.44885880215335344,0.0185524064962408,-0.1677586848441491,0.2120196821409791,False
baseline0 → prompt1 (cross),fake,refuse_both,59,density_backtracking_nontest,0.1486959587135522,0.009110146689608608,-0.05953590674300406,0.07897142023505764,False
baseline0 → prompt1 (cross),fake,refuse_both,59,density_example-testing_nontest,0.041702015077190256,-0.02447917769952762,-0.06449170074934953,0.01700004635774643,False
baseline0 → prompt1 (cross),fake,refuse_both,59,density_initializing_nontest,0.554080473804041,0.006471919468832879,-0.10033003720689333,0.10817491720193453,False
baseline0 → prompt1 (cross),fake,refuse_both,59,density_deduction_testlex,0.26556544815617034,0.2056543346689107,0.09933036306817887,0.31600435733304033,True
baseline0 → prompt1 (cross),fake,refuse_both,59,density_adding-knowledge_testlex,0.024916493285905308,0.03561141656745858,-0.016515490581735494,0.09017359597241545,False
baseline0 → prompt1 (cross),fake,refuse_both,59,density_uncertainty-estimation_testlex,0.1166079686918397,0.0671021487857383,-0.023603412082963793,0.15310813554413488,False
baseline0 → prompt1 (cross),fake,refuse_both,59,density_backtracking_testlex,0.0,0.004379625979941313,0.0,0.013138877939823938,False
baseline0 → prompt1 (cross),fake,refuse_both,59,density_example-testing_testlex,0.011725929140289974,-0.011725929140289974,-0.03158821727588319,0.0,False
baseline0 → prompt1 (cross),fake,refuse_both,59,density_initializing_testlex,0.0,0.0,0.0,0.0,False
baseline0 → prompt1 (cross),fake,refuse_both,59,n_deduction,9.661016949152541,1.3728813559322033,-0.9661016949152542,4.187288135593216,False
baseline0 → prompt1 (cross),fake,refuse_both,59,n_adding-knowledge,4.4576271186440675,0.3559322033898305,-0.4067796610169492,1.11864406779661,False
baseline0 → prompt1 (cross),fake,refuse_both,59,n_uncertainty-estimation,1.6101694915254237,0.9152542372881356,-0.4067796610169492,2.712288135593218,False
baseline0 → prompt1 (cross),fake,refuse_both,59,n_backtracking,0.4406779661016949,0.0,-0.23728813559322035,0.22033898305084745,False
baseline0 → prompt1 (cross),fake,refuse_both,59,n_example-testing,0.1694915254237288,-0.1016949152542373,-0.2542372881355932,0.05084745762711865,False
baseline0 → prompt1 (cross),fake,refuse_both,59,n_initializing,1.2033898305084745,0.1016949152542373,-0.11906779661016947,0.3220338983050847,False
baseline0 → prompt1 (cross),fake,comply_both,48,words,343.1041666666667,36.6875,-21.486979166666664,104.93697916666656,False
baseline0 → prompt1 (cross),fake,comply_both,48,density_norm,0.6806977663330356,-0.18978794866299833,-0.40005381981601,0.008203481590145105,False
baseline0 → prompt1 (cross),fake,comply_both,48,n_norm,2.1666666666666665,-0.6458333333333334,-1.25,-0.0625,True
baseline0 → prompt1 (cross),fake,comply_both,48,n_testlex_total,0.9166666666666666,0.5,0.14531250000000004,0.875,True
baseline0 → prompt1 (cross),fake,comply_both,48,density_deduction_nontest,3.7931628411660756,-0.02663454636989961,-0.42745362954757316,0.3743017779775736,False
baseline0 → prompt1 (cross),fake,comply_both,48,density_adding-knowledge_nontest,1.6700511779886265,-0.07553132755713297,-0.3754983239864239,0.19677059676865863,False
baseline0 → prompt1 (cross),fake,comply_both,48,density_uncertainty-estimation_nontest,0.5916155412139991,0.023924733158818,-0.12055118190808548,0.17245800379784879,False
baseline0 → prompt1 (cross),fake,comply_both,48,density_backtracking_nontest,0.17544958514026324,0.048531419943058124,-0.033043933723036746,0.13577314804344903,False
baseline0 → prompt1 (cross),fake,comply_both,48,density_example-testing_nontest,0.35896017262959257,-0.0458445805191167,-0.2354024020567081,0.13299000910971728,False
baseline0 → prompt1 (cross),fake,comply_both,48,density_initializing_nontest,0.580455721466807,-0.1522693507407321,-0.2779189496217755,-0.03352941255835863,True
baseline0 → prompt1 (cross),fake,comply_both,48,density_deduction_testlex,0.12474236719377156,0.022689737641236708,-0.05463170618043568,0.1071365610065417,False
baseline0 → prompt1 (cross),fake,comply_both,48,density_adding-knowledge_testlex,0.04732646908096219,0.06450438413416201,0.008830854384547684,0.12136677520098639,True
baseline0 → prompt1 (cross),fake,comply_both,48,density_uncertainty-estimation_testlex,0.11194598177546371,0.04145213609907832,-0.03705066130234045,0.12411117867045993,False
baseline0 → prompt1 (cross),fake,comply_both,48,density_backtracking_testlex,0.005355612682090831,-0.0002494035317640337,-0.016066838046272493,0.015318627450980392,False
baseline0 → prompt1 (cross),fake,comply_both,48,density_example-testing_testlex,0.005453752181500873,0.003443817262943572,-0.012889744446262364,0.01974826388888889,False
baseline0 → prompt1 (cross),fake,comply_both,48,density_initializing_testlex,0.0,0.0,0.0,0.0,False
baseline0 → prompt1 (cross),fake,comply_both,48,n_deduction,12.833333333333334,1.5833333333333333,-0.8125,4.375,False
baseline0 → prompt1 (cross),fake,comply_both,48,n_adding-knowledge,5.666666666666667,0.20833333333333334,-0.8125,1.2083333333333333,False
baseline0 → prompt1 (cross),fake,comply_both,48,n_uncertainty-estimation,2.6041666666666665,0.875,-0.2708333333333333,2.354687499999997,False
baseline0 → prompt1 (cross),fake,comply_both,48,n_backtracking,0.8125,0.3541666666666667,-0.14583333333333334,0.8963541666666639,False
baseline0 → prompt1 (cross),fake,comply_both,48,n_example-testing,1.3125,-0.16666666666666666,-0.8125,0.4375,False
baseline0 → prompt1 (cross),fake,comply_both,48,n_initializing,1.8125,-0.4375,-0.8125,-0.10416666666666667,True
baseline0 → prompt1 (cross),fake,gained,29,words,263.17241379310343,192.20689655172413,71.8551724137931,334.48965517241373,True
baseline0 → prompt1 (cross),fake,gained,29,density_norm,2.130096241569829,-1.4524767331999897,-1.7695414506084872,-1.1512439259091156,True
baseline0 → prompt1 (cross),fake,gained,29,n_norm,5.379310344827586,-2.8620689655172415,-3.7594827586206896,-1.9310344827586208,True
baseline0 → prompt1 (cross),fake,gained,29,n_testlex_total,1.1724137931034482,0.4482758620689655,-0.13793103448275862,1.0344827586206897,False
baseline0 → prompt1 (cross),fake,gained,29,density_deduction_nontest,3.7166764497807625,0.24761652124155092,-0.1299508263670514,0.6365121200789107,False
baseline0 → prompt1 (cross),fake,gained,29,density_adding-knowledge_nontest,1.610920867104082,-0.17019946971639957,-0.499722698570435,0.1912567314562268,False
baseline0 → prompt1 (cross),fake,gained,29,density_uncertainty-estimation_nontest,0.6725483078063571,-0.021825222368071467,-0.3789890234583501,0.33025579488459383,False
baseline0 → prompt1 (cross),fake,gained,29,density_backtracking_nontest,0.16189096944417963,0.035032353757517086,-0.08889970705557897,0.15703058221028124,False
baseline0 → prompt1 (cross),fake,gained,29,density_example-testing_nontest,0.08324619571887068,0.20936869418341705,0.0812904179510964,0.33240356504946,True
baseline0 → prompt1 (cross),fake,gained,29,density_initializing_nontest,0.5605197152924125,-0.15487196221955474,-0.2685734753385892,-0.04459369291605291,True
baseline0 → prompt1 (cross),fake,gained,29,density_deduction_testlex,0.36155139298510697,-0.15098559447574847,-0.3015260179424316,0.0033863739728570417,False
baseline0 → prompt1 (cross),fake,gained,29,density_adding-knowledge_testlex,0.0,0.12286078601686172,0.04793427565705839,0.2131220489602143,True
baseline0 → prompt1 (cross),fake,gained,29,density_uncertainty-estimation_testlex,0.082734818063053,0.019476495852545073,-0.06717497567605026,0.10926534070556754,False
baseline0 → prompt1 (cross),fake,gained,29,density_backtracking_testlex,0.0,0.0,0.0,0.0,False
baseline0 → prompt1 (cross),fake,gained,29,density_example-testing_testlex,0.0,0.012539184952978056,0.0,0.037617554858934164,False
baseline0 → prompt1 (cross),fake,gained,29,density_initializing_testlex,0.009395847035610262,0.00034504523012128004,0.0,0.00103513569036384,False
baseline0 → prompt1 (cross),fake,gained,29,n_deduction,10.689655172413794,7.0,3.1379310344827585,11.483620689655167,True
baseline0 → prompt1 (cross),fake,gained,29,n_adding-knowledge,4.0,2.2758620689655173,1.0689655172413792,3.7241379310344827,True
baseline0 → prompt1 (cross),fake,gained,29,n_uncertainty-estimation,2.1724137931034484,2.0344827586206895,-0.1724137931034483,4.448275862068965,False
baseline0 → prompt1 (cross),fake,gained,29,n_backtracking,0.4482758620689655,0.4827586206896552,-0.034482758620689655,1.0344827586206897,False
baseline0 → prompt1 (cross),fake,gained,29,n_example-testing,0.27586206896551724,0.9655172413793104,0.4827586206896552,1.4482758620689655,True
baseline0 → prompt1 (cross),fake,gained,29,n_initializing,1.4827586206896552,-0.06896551724137931,-0.4482758620689655,0.3103448275862069,False
baseline1 → prompt0 (cross),real,all,149,words,289.6442953020134,-4.053691275167785,-35.339765100671144,25.18171140939597,False
baseline1 → prompt0 (cross),real,all,149,density_norm,1.9245326416911257,-0.19403375909190862,-0.3665463392406664,-0.002641387559094087,True
baseline1 → prompt0 (cross),real,all,149,n_norm,4.778523489932886,-0.40939597315436244,-0.8927852348993289,0.08053691275167785,False
baseline1 → prompt0 (cross),real,all,149,n_testlex_total,0.8322147651006712,0.8053691275167785,0.5704697986577181,1.0469798657718121,True
baseline1 → prompt0 (cross),real,all,149,density_deduction_nontest,3.6983013770550985,-0.13279343418690287,-0.3411863407907634,0.09006482319394292,False
baseline1 → prompt0 (cross),real,all,149,density_adding-knowledge_nontest,1.7693155079555056,-0.0184071084329142,-0.16383572851445619,0.12182703782108568,False
baseline1 → prompt0 (cross),real,all,149,density_uncertainty-estimation_nontest,0.4462600483130214,-0.02156508278942858,-0.12266003299587722,0.07571688524525498,False
baseline1 → prompt0 (cross),real,all,149,density_backtracking_nontest,0.15978517046930604,-0.007308854971767972,-0.06517486685623838,0.04964057284320191,False
baseline1 → prompt0 (cross),real,all,149,density_example-testing_nontest,0.07975977710768552,0.0011547497308914809,-0.04247432333927767,0.04655399126292395,False
baseline1 → prompt0 (cross),real,all,149,density_initializing_nontest,0.5340790767673541,-0.00018791579357003044,-0.07208077707324957,0.07079343006472141,False
baseline1 → prompt0 (cross),real,all,149,density_deduction_testlex,0.2568773866262218,0.08549743714303501,0.018355227041955535,0.15528317020014434,True
baseline1 → prompt0 (cross),real,all,149,density_adding-knowledge_testlex,0.009559829098643632,0.062027781969469016,0.03488887028521977,0.09039250256728004,True
baseline1 → prompt0 (cross),real,all,149,density_uncertainty-estimation_testlex,0.07047416639502325,0.10916033794055062,0.06341921087201867,0.15632470144621727,True
baseline1 → prompt0 (cross),real,all,149,density_backtracking_testlex,0.0019341237452372203,0.00341263611648488,-0.0038682474904744406,0.01159754429636581,False
baseline1 → prompt0 (cross),real,all,149,density_example-testing_testlex,0.0021932710444356714,0.0007895775759968414,-0.006579813133307014,0.008948545861297539,False
baseline1 → prompt0 (cross),real,all,149,density_initializing_testlex,0.0,0.0,0.0,0.0,False
baseline1 → prompt0 (cross),real,all,149,n_deduction,11.36241610738255,-0.5637583892617449,-1.657718120805369,0.5100671140939598,False
baseline1 → prompt0 (cross),real,all,149,n_adding-knowledge,4.677852348993288,0.2550335570469799,-0.18137583892617448,0.7181208053691275,False
baseline1 → prompt0 (cross),real,all,149,n_uncertainty-estimation,1.9060402684563758,0.06040268456375839,-0.6914429530201343,0.6510067114093959,False
baseline1 → prompt0 (cross),real,all,149,n_backtracking,0.5637583892617449,0.06040268456375839,-0.2684563758389262,0.5167785234899329,False
baseline1 → prompt0 (cross),real,all,149,n_example-testing,0.3087248322147651,-0.006711409395973154,-0.1610738255033557,0.15436241610738255,False
baseline1 → prompt0 (cross),real,all,149,n_initializing,1.3624161073825503,-0.040268456375838924,-0.20134228187919462,0.12751677852348994,False
baseline1 → prompt0 (cross),real,refuse_both,100,words,243.83,0.9,-19.58,20.551499999999994,False
baseline1 → prompt0 (cross),real,refuse_both,100,density_norm,2.2265909799151267,-0.11333637337443164,-0.33472640079724647,0.0979238526728601,False
baseline1 → prompt0 (cross),real,refuse_both,100,n_norm,5.32,-0.27,-0.79025,0.22,False
baseline1 → prompt0 (cross),real,refuse_both,100,n_testlex_total,0.87,0.85,0.6,1.12,True
baseline1 → prompt0 (cross),real,refuse_both,100,density_deduction_nontest,3.6988168222883346,-0.1821767393329273,-0.4491663160535326,0.09005612604933531,False
baseline1 → prompt0 (cross),real,refuse_both,100,density_adding-knowledge_nontest,1.8965787123354305,-0.07153555653871883,-0.24531174721164442,0.10090037292519012,False
baseline1 → prompt0 (cross),real,refuse_both,100,density_uncertainty-estimation_nontest,0.3181817768177774,-0.02010857296671193,-0.12629760143511498,0.08588190061073436,False
baseline1 → prompt0 (cross),real,refuse_both,100,density_backtracking_nontest,0.14317843948285058,-0.001373148404101845,-0.06837598072276911,0.061950094660963614,False
baseline1 → prompt0 (cross),real,refuse_both,100,density_example-testing_nontest,0.017748274651259725,0.014525634170826,-0.015098613834350256,0.04483647349096745,False
baseline1 → prompt0 (cross),real,refuse_both,100,density_initializing_nontest,0.5493636988591541,0.04645918659901285,-0.042903592007970004,0.13330095828977656,False
baseline1 → prompt0 (cross),real,refuse_both,100,density_deduction_testlex,0.2900942092969949,0.12030646809208471,0.03696491544929183,0.20729106072353198,True
baseline1 → prompt0 (cross),real,refuse_both,100,density_adding-knowledge_testlex,0.005809821325267351,0.06369590887075931,0.03462953265915312,0.09468890636381103,True
baseline1 → prompt0 (cross),real,refuse_both,100,density_uncertainty-estimation_testlex,0.07261396849483637,0.11141481110253645,0.057572867566106696,0.16703859097033782,True
baseline1 → prompt0 (cross),real,refuse_both,100,density_backtracking_testlex,0.0,0.006622586172460554,0.0,0.017229236089941025,False
baseline1 → prompt0 (cross),real,refuse_both,100,density_example-testing_testlex,0.0032679738562091504,0.0011764705882352938,-0.00980392156862745,0.013333333333333332,False
baseline1 → prompt0 (cross),real,refuse_both,100,density_initializing_testlex,0.0,0.0,0.0,0.0,False
baseline1 → prompt0 (cross),real,refuse_both,100,n_deduction,9.71,-0.18,-1.13025,0.7502499999999986,False
baseline1 → prompt0 (cross),real,refuse_both,100,n_adding-knowledge,4.5,-0.01,-0.41,0.39,False
baseline1 → prompt0 (cross),real,refuse_both,100,n_uncertainty-estimation,1.04,0.23,-0.18,0.62,False
baseline1 → prompt0 (cross),real,refuse_both,100,n_backtracking,0.36,-0.01,-0.18,0.15,False
baseline1 → prompt0 (cross),real,refuse_both,100,n_example-testing,0.07,0.03,-0.06,0.12,False
baseline1 → prompt0 (cross),real,refuse_both,100,n_initializing,1.27,0.11,-0.08024999999999999,0.3,False
baseline1 → prompt0 (cross),real,comply_both,23,words,470.82608695652175,-89.1304347826087,-250.1108695652174,64.8956521739129,False
baseline1 → prompt0 (cross),real,comply_both,23,density_norm,0.5411193061472658,0.03092060165661165,-0.21077538182114633,0.28462373268256175,False
baseline1 → prompt0 (cross),real,comply_both,23,n_norm,1.9130434782608696,0.17391304347826086,-0.9130434782608695,1.3478260869565217,False
baseline1 → prompt0 (cross),real,comply_both,23,n_testlex_total,0.5652173913043478,0.43478260869565216,0.0,1.0,False
baseline1 → prompt0 (cross),real,comply_both,23,density_deduction_nontest,3.662813916392,0.1994902090798317,-0.3856352823730369,0.8104666736050058,False
baseline1 → prompt0 (cross),real,comply_both,23,density_adding-knowledge_nontest,1.3956543924190574,0.23142110199048976,-0.14357939255788066,0.6175819584477846,False
baseline1 → prompt0 (cross),real,comply_both,23,density_uncertainty-estimation_nontest,0.863352083443658,-0.2889197215950954,-0.5578300478657658,-0.04141146205418428,True
baseline1 → prompt0 (cross),real,comply_both,23,density_backtracking_nontest,0.2468034251980556,-0.021467230312617835,-0.18008721255764476,0.15210696506017843,False
baseline1 → prompt0 (cross),real,comply_both,23,density_example-testing_nontest,0.26328833844646976,0.031440896573192434,-0.14297638083646733,0.22413388148861302,False
baseline1 → prompt0 (cross),real,comply_both,23,density_initializing_nontest,0.4801017649683282,-0.07515465270105451,-0.27224768523930026,0.07482417854890314,False
baseline1 → prompt0 (cross),real,comply_both,23,density_deduction_testlex,0.055705230091721056,0.061865178816475457,-0.03232505054573423,0.15820936331505764,False
baseline1 → prompt0 (cross),real,comply_both,23,density_adding-knowledge_testlex,0.02080299563137092,0.06237128735074488,-0.022619851145027764,0.1540174544037288,False
baseline1 → prompt0 (cross),real,comply_both,23,density_uncertainty-estimation_testlex,0.09187348660044488,0.014336768175150259,-0.07823253243586412,0.1098626131704252,False
baseline1 → prompt0 (cross),real,comply_both,23,density_backtracking_testlex,0.0,0.0,0.0,0.0,False
baseline1 → prompt0 (cross),real,comply_both,23,density_example-testing_testlex,0.0,0.0,0.0,0.0,False
baseline1 → prompt0 (cross),real,comply_both,23,density_initializing_testlex,0.0,0.0,0.0,0.0,False
baseline1 → prompt0 (cross),real,comply_both,23,n_deduction,17.17391304347826,-3.260869565217391,-8.044565217391304,1.0891304347825967,False
baseline1 → prompt0 (cross),real,comply_both,23,n_adding-knowledge,5.521739130434782,0.391304347826087,-1.0,1.826086956521739,False
baseline1 → prompt0 (cross),real,comply_both,23,n_uncertainty-estimation,5.565217391304348,-2.5217391304347827,-6.6521739130434785,0.2184782608695593,False
baseline1 → prompt0 (cross),real,comply_both,23,n_backtracking,1.3478260869565217,0.34782608695652173,-1.4358695652173912,3.130434782608696,False
baseline1 → prompt0 (cross),real,comply_both,23,n_example-testing,1.1304347826086956,-0.043478260869565216,-0.6521739130434783,0.6097826086956463,False
baseline1 → prompt0 (cross),real,comply_both,23,n_initializing,1.608695652173913,-0.391304347826087,-0.9565217391304348,0.043478260869565216,False
baseline1 → prompt0 (cross),real,gained,17,words,291.05882352941177,124.70588235294117,55.463235294117645,190.96911764705868,True
baseline1 → prompt0 (cross),real,gained,17,density_norm,2.5068138750755344,-1.6011731959155255,-1.9615827648870359,-1.2082332809350584,True
baseline1 → prompt0 (cross),real,gained,17,n_norm,6.470588235294118,-3.411764705882353,-4.882352941176471,-1.763235294117655,True
baseline1 → prompt0 (cross),real,gained,17,n_testlex_total,1.1176470588235294,0.8823529411764706,0.058823529411764705,1.7058823529411764,True
baseline1 → prompt0 (cross),real,gained,17,density_deduction_nontest,3.586774036026881,-0.22831563079241152,-0.7643045812849993,0.3234768539880796,False
baseline1 → prompt0 (cross),real,gained,17,density_adding-knowledge_nontest,1.613114263883785,0.03888583042209854,-0.46699368023579385,0.5240160997779362,False
baseline1 → prompt0 (cross),real,gained,17,density_uncertainty-estimation_nontest,0.5545629595971866,0.29437462683070226,-0.049498762774246675,0.6013338356875059,False
baseline1 → prompt0 (cross),real,gained,17,density_backtracking_nontest,0.1453492457607018,0.011087965631931576,-0.1498581884918413,0.1652048735463135,False
baseline1 → prompt0 (cross),real,gained,17,density_example-testing_nontest,0.022799817601459188,0.09779437129778604,-0.027881704657206116,0.2441448225630047,False
baseline1 → prompt0 (cross),real,gained,17,density_initializing_nontest,0.5652758748462731,-0.22329383978796868,-0.40848772620728696,-0.05278517845902096,True
baseline1 → prompt0 (cross),real,gained,17,density_deduction_testlex,0.4283110614123815,-0.14598492149215547,-0.3452390017297285,0.03585067719403803,False
baseline1 → prompt0 (cross),real,gained,17,density_adding-knowledge_testlex,0.0,0.07777666412871909,0.018674136321195144,0.1495630685837841,True
baseline1 → prompt0 (cross),real,gained,17,density_uncertainty-estimation_testlex,0.01804402742692169,0.16670580214979558,0.05280780178057215,0.29649966999479993,True
baseline1 → prompt0 (cross),real,gained,17,density_backtracking_testlex,0.016952025767079167,-0.009045637405282836,-0.0508560773012375,0.02371916508538899,False
baseline1 → prompt0 (cross),real,gained,17,density_example-testing_testlex,0.0,0.0,0.0,0.0,False
baseline1 → prompt0 (cross),real,gained,17,density_initializing_testlex,0.0,0.0,0.0,0.0,False
baseline1 → prompt0 (cross),real,gained,17,n_deduction,11.882352941176471,2.5294117647058822,0.05735294117647067,5.176470588235294,True
baseline1 → prompt0 (cross),real,gained,17,n_adding-knowledge,4.176470588235294,2.823529411764706,1.0588235294117647,4.824999999999991,True
baseline1 → prompt0 (cross),real,gained,17,n_uncertainty-estimation,1.8235294117647058,2.5294117647058822,0.9411764705882353,4.06029411764705,True
baseline1 → prompt0 (cross),real,gained,17,n_backtracking,0.6470588235294118,0.35294117647058826,-0.35294117647058826,1.2352941176470589,False
baseline1 → prompt0 (cross),real,gained,17,n_example-testing,0.058823529411764705,0.5294117647058824,0.0,1.2352941176470589,False
baseline1 → prompt0 (cross),real,gained,17,n_initializing,1.5294117647058822,-0.35294117647058826,-0.8235294117647058,0.11764705882352941,False
baseline1 → prompt0 (cross),fake,all,149,words,309.87919463087246,57.30201342281879,5.672651006711409,115.58607382550335,True
baseline1 → prompt0 (cross),fake,all,149,density_norm,1.576804665719991,-0.44019312297359114,-0.6304207409698613,-0.2500078714784336,True
baseline1 → prompt0 (cross),fake,all,149,n_norm,3.879194630872483,-0.7248322147651006,-1.1812080536912752,-0.26828859060402777,True
baseline1 → prompt0 (cross),fake,all,149,n_testlex_total,0.9731543624161074,0.9530201342281879,0.6510067114093959,1.2751677852348993,True
baseline1 → prompt0 (cross),fake,all,149,density_deduction_nontest,3.7967653718893284,-0.1971122409420441,-0.4199140456518988,0.017282342164861728,False
baseline1 → prompt0 (cross),fake,all,149,density_adding-knowledge_nontest,1.6550237038497244,-0.06942789549652824,-0.2254950637646109,0.08614266141737029,False
baseline1 → prompt0 (cross),fake,all,149,density_uncertainty-estimation_nontest,0.5899546070448406,-0.022743935350886767,-0.1344404210094572,0.09180797882195244,False
baseline1 → prompt0 (cross),fake,all,149,density_backtracking_nontest,0.1743081978949048,0.0026463613050262203,-0.05279717319142746,0.060005782353594064,False
baseline1 → prompt0 (cross),fake,all,149,density_example-testing_nontest,0.14063756175215905,0.03517600095447099,-0.04574163373502318,0.11809515517194515,False
baseline1 → prompt0 (cross),fake,all,149,density_initializing_nontest,0.5536381986108982,-0.026324921803198384,-0.10006920276041163,0.04642303686505594,False
baseline1 → prompt0 (cross),fake,all,149,density_deduction_testlex,0.2283630305651112,0.12155009642113646,0.05139625554754473,0.1885464695029076,True
baseline1 → prompt0 (cross),fake,all,149,density_adding-knowledge_testlex,0.021083698140062623,0.0468005545846573,0.018030955457251998,0.07643997076085773,True
baseline1 → prompt0 (cross),fake,all,149,density_uncertainty-estimation_testlex,0.10752164350916568,0.03488370360914078,-0.014888694434073396,0.08184090336902139,False
baseline1 → prompt0 (cross),fake,all,149,density_backtracking_testlex,0.0038571318367661804,0.004349646561710558,-0.007085714493411185,0.014525600481915082,False
baseline1 → prompt0 (cross),fake,all,149,density_example-testing_testlex,0.0,0.017289643272536192,0.005992752513025745,0.0325473355244664,True
baseline1 → prompt0 (cross),fake,all,149,density_initializing_testlex,0.006911551224383039,-0.0037577344513159785,-0.011654813182410097,0.0016798934446786375,False
baseline1 → prompt0 (cross),fake,all,149,n_deduction,12.21476510067114,1.4228187919463087,-0.35587248322147647,3.261912751677851,False
baseline1 → prompt0 (cross),fake,all,149,n_adding-knowledge,4.7114093959731544,0.7516778523489933,0.04697986577181208,1.4496644295302012,True
baseline1 → prompt0 (cross),fake,all,149,n_uncertainty-estimation,2.6308724832214767,0.610738255033557,-0.30218120805369125,1.6511744966442945,False
baseline1 → prompt0 (cross),fake,all,149,n_backtracking,0.6174496644295302,0.21476510067114093,-0.08053691275167785,0.5704697986577181,False
baseline1 → prompt0 (cross),fake,all,149,n_example-testing,0.4966442953020134,0.31543624161073824,0.006711409395973154,0.6375838926174496,True
baseline1 → prompt0 (cross),fake,all,149,n_initializing,1.4093959731543624,0.14093959731543623,-0.06711409395973154,0.348993288590604,False
baseline1 → prompt0 (cross),fake,refuse_both,53,words,252.30188679245282,27.22641509433962,-43.679716981132074,104.68396226415092,False
baseline1 → prompt0 (cross),fake,refuse_both,53,density_norm,2.1858697795443547,-0.19574598400639123,-0.5141696243467857,0.10324982141464249,False
baseline1 → prompt0 (cross),fake,refuse_both,53,n_norm,4.69811320754717,0.16981132075471697,-0.6042452830188679,0.9811320754716981,False
baseline1 → prompt0 (cross),fake,refuse_both,53,n_testlex_total,1.1320754716981132,1.0377358490566038,0.5094339622641509,1.679245283018868,True
baseline1 → prompt0 (cross),fake,refuse_both,53,density_deduction_nontest,3.6997894081080718,-0.2697206046198166,-0.5581791317322333,0.016415117975681515,False
baseline1 → prompt0 (cross),fake,refuse_both,53,density_adding-knowledge_nontest,1.9473006110201947,-0.18105455504266177,-0.4398451634159925,0.06718213244494765,False
baseline1 → prompt0 (cross),fake,refuse_both,53,density_uncertainty-estimation_nontest,0.37096858570179775,0.04412477962195485,-0.14239606081244036,0.2354263764163834,False
baseline1 → prompt0 (cross),fake,refuse_both,53,density_backtracking_nontest,0.16179445045732713,-0.0073697408470171765,-0.09130990385157993,0.08057388403850736,False
baseline1 → prompt0 (cross),fake,refuse_both,53,density_example-testing_nontest,0.02816044756660723,-0.02816044756660723,-0.06008029454262173,-0.0042022103626507545,True
baseline1 → prompt0 (cross),fake,refuse_both,53,density_initializing_nontest,0.655259825518867,-0.05171704848094149,-0.16211983776605815,0.05996675503336641,False
baseline1 → prompt0 (cross),fake,refuse_both,53,density_deduction_testlex,0.32027525429069575,0.22850835177539452,0.09096314528121838,0.3668635257586776,True
baseline1 → prompt0 (cross),fake,refuse_both,53,density_adding-knowledge_testlex,0.03030656901834521,0.03128056121500469,-0.02744828436715776,0.08708605220697511,False
baseline1 → prompt0 (cross),fake,refuse_both,53,density_uncertainty-estimation_testlex,0.13493670519399611,0.033558091767972274,-0.07155328671260318,0.13593472589175218,False
baseline1 → prompt0 (cross),fake,refuse_both,53,density_backtracking_testlex,0.0,0.006417661404184315,0.0,0.019252984212552945,False
baseline1 → prompt0 (cross),fake,refuse_both,53,density_example-testing_testlex,0.0,0.02006785832505793,0.0,0.051928169480304535,False
baseline1 → prompt0 (cross),fake,refuse_both,53,density_initializing_testlex,0.0,0.0038349440098174566,0.0,0.011504832029452369,False
baseline1 → prompt0 (cross),fake,refuse_both,53,n_deduction,9.981132075471699,0.8867924528301887,-1.7929245283018869,4.056603773584905,False
baseline1 → prompt0 (cross),fake,refuse_both,53,n_adding-knowledge,4.39622641509434,0.33962264150943394,-0.6037735849056604,1.3584905660377358,False
baseline1 → prompt0 (cross),fake,refuse_both,53,n_uncertainty-estimation,1.7735849056603774,0.4528301886792453,-1.0382075471698113,2.189150943396224,False
baseline1 → prompt0 (cross),fake,refuse_both,53,n_backtracking,0.5660377358490566,-0.03773584905660377,-0.49056603773584906,0.41509433962264153,False
baseline1 → prompt0 (cross),fake,refuse_both,53,n_example-testing,0.09433962264150944,-0.05660377358490566,-0.1509433962264151,0.018867924528301886,False
baseline1 → prompt0 (cross),fake,refuse_both,53,n_initializing,1.3396226415094339,0.07547169811320754,-0.1509433962264151,0.32075471698113206,False
baseline1 → prompt0 (cross),fake,comply_both,52,words,364.25,27.346153846153847,-46.176442307692305,96.11057692307683,False
baseline1 → prompt0 (cross),fake,comply_both,52,density_norm,0.7594522895996163,-0.39196711279209234,-0.5891065687516748,-0.21276484121372274,True
baseline1 → prompt0 (cross),fake,comply_both,52,n_norm,2.269230769230769,-0.9230769230769231,-1.4807692307692308,-0.38461538461538464,True
baseline1 → prompt0 (cross),fake,comply_both,52,n_testlex_total,0.8076923076923077,0.8076923076923077,0.36538461538461536,1.3076923076923077,True
baseline1 → prompt0 (cross),fake,comply_both,52,density_deduction_nontest,3.850401469392653,0.23739172056572405,-0.20904715756495068,0.6395654970388914,False
baseline1 → prompt0 (cross),fake,comply_both,52,density_adding-knowledge_nontest,1.4918531112875408,-0.016647975934466035,-0.2694320248100031,0.2526051839815025,False
baseline1 → prompt0 (cross),fake,comply_both,52,density_uncertainty-estimation_nontest,0.7154897265418677,-0.09370217247983238,-0.25717683485280995,0.06627626761206276,False
baseline1 → prompt0 (cross),fake,comply_both,52,density_backtracking_nontest,0.18244793779561277,-0.0012638240783653858,-0.10102580098199186,0.09154939031767557,False
baseline1 → prompt0 (cross),fake,comply_both,52,density_example-testing_nontest,0.24092714654424874,0.07203079566092077,-0.09348082792226226,0.26718600125337183,False
baseline1 → prompt0 (cross),fake,comply_both,52,density_initializing_nontest,0.4728279493822709,0.017338630158080015,-0.11430627803788022,0.1529034427658445,False
baseline1 → prompt0 (cross),fake,comply_both,52,density_deduction_testlex,0.12624563061611865,0.09733088028303828,-0.0009781132428979948,0.1945471330948071,False
baseline1 → prompt0 (cross),fake,comply_both,52,density_adding-knowledge_testlex,0.014427871657998819,0.05793423150127233,0.020396519416624636,0.10308751054756206,True
baseline1 → prompt0 (cross),fake,comply_both,52,density_uncertainty-estimation_testlex,0.10300759540424634,-0.0016523028451768326,-0.06337529698001394,0.06425910394345785,False
baseline1 → prompt0 (cross),fake,comply_both,52,density_backtracking_testlex,0.0,0.008866774710972719,0.0,0.025187335945499403,False
baseline1 → prompt0 (cross),fake,comply_both,52,density_example-testing_testlex,0.0,0.009247355234463786,0.0,0.023650412675568114,False
baseline1 → prompt0 (cross),fake,comply_both,52,density_initializing_testlex,0.0,0.0,0.0,0.0,False
baseline1 → prompt0 (cross),fake,comply_both,52,n_deduction,14.403846153846153,1.4807692307692308,-1.0769230769230769,4.135096153846152,False
baseline1 → prompt0 (cross),fake,comply_both,52,n_adding-knowledge,5.038461538461538,0.5576923076923077,-0.5384615384615384,1.692788461538459,False
baseline1 → prompt0 (cross),fake,comply_both,52,n_uncertainty-estimation,3.4615384615384617,-0.36538461538461536,-1.5576923076923077,0.7884615384615384,False
baseline1 → prompt0 (cross),fake,comply_both,52,n_backtracking,0.6923076923076923,0.15384615384615385,-0.34615384615384615,0.6730769230769231,False
baseline1 → prompt0 (cross),fake,comply_both,52,n_example-testing,0.8076923076923077,0.46153846153846156,-0.11538461538461539,1.0384615384615385,False
baseline1 → prompt0 (cross),fake,comply_both,52,n_initializing,1.4615384615384615,0.19230769230769232,-0.28846153846153844,0.6927884615384589,False
baseline1 → prompt0 (cross),fake,gained,31,words,264.258064516129,248.25806451612902,98.43790322580645,447.91532258064507,True
baseline1 → prompt0 (cross),fake,gained,31,density_norm,2.1736835970600756,-1.5526865192559915,-1.8673844275428042,-1.2529669183658791,True
baseline1 → prompt0 (cross),fake,gained,31,n_norm,5.354838709677419,-2.806451612903226,-3.7096774193548385,-1.967741935483871,True
baseline1 → prompt0 (cross),fake,gained,31,n_testlex_total,1.0,1.032258064516129,0.4838709677419355,1.6451612903225807,True
baseline1 → prompt0 (cross),fake,gained,31,density_deduction_nontest,3.8091025325156296,-0.4928102375181781,-0.9458110300436434,-0.07778274132518842,True
baseline1 → prompt0 (cross),fake,gained,31,density_adding-knowledge_nontest,1.6487698422885815,-0.24423200672293707,-0.4828325687302981,0.001236071561540251,False
baseline1 → prompt0 (cross),fake,gained,31,density_uncertainty-estimation_nontest,0.6183793161136147,0.026948378947103856,-0.21563152214768774,0.2608357470493644,False
baseline1 → prompt0 (cross),fake,gained,31,density_backtracking_nontest,0.16416635198678137,0.08038983927595839,-0.06255200788872924,0.21662012918335372,False
baseline1 → prompt0 (cross),fake,gained,31,density_example-testing_nontest,0.05906187717629979,0.26101579535979885,0.10656213340952081,0.4299983687491958,True
baseline1 → prompt0 (cross),fake,gained,31,density_initializing_nontest,0.6182069041831741,-0.15746635323809502,-0.31549789216175433,0.012737843687142992,False
baseline1 → prompt0 (cross),fake,gained,31,density_deduction_testlex,0.2810059096728206,-0.06262356151635858,-0.20669132842111648,0.07944957123788646,False
baseline1 → prompt0 (cross),fake,gained,31,density_adding-knowledge_testlex,0.012851818532322323,0.07117123314167803,0.014203698266322057,0.13982708510980615,True
baseline1 → prompt0 (cross),fake,gained,31,density_uncertainty-estimation_testlex,0.09903892485344808,0.05016432840698744,-0.057106995589210736,0.15471224791448046,False
baseline1 → prompt0 (cross),fake,gained,31,density_backtracking_testlex,0.01853911753800519,-0.0049390645708863624,-0.048924808108594606,0.027205480033144547,False
baseline1 → prompt0 (cross),fake,gained,31,density_example-testing_testlex,0.0,0.011279043537108053,0.0,0.03383713061132416,False
baseline1 → prompt0 (cross),fake,gained,31,density_initializing_testlex,0.012800819252432155,-0.012800819252432155,-0.03840245775729647,0.0,False
baseline1 → prompt0 (cross),fake,gained,31,n_deduction,10.290322580645162,6.096774193548387,2.129032258064516,10.646774193548378,True
baseline1 → prompt0 (cross),fake,gained,31,n_adding-knowledge,4.387096774193548,2.5806451612903225,0.8709677419354839,4.354838709677419,True
baseline1 → prompt0 (cross),fake,gained,31,n_uncertainty-estimation,2.096774193548387,3.064516129032258,0.5483870967741935,6.290322580645161,True
baseline1 → prompt0 (cross),fake,gained,31,n_backtracking,0.4838709677419355,1.064516129032258,0.1935483870967742,2.161290322580645,True
baseline1 → prompt0 (cross),fake,gained,31,n_example-testing,0.1935483870967742,1.4516129032258065,0.7419354838709677,2.225806451612903,True
baseline1 → prompt0 (cross),fake,gained,31,n_initializing,1.4838709677419355,0.22580645161290322,-0.16129032258064516,0.6129032258064516,False
