model,family,framing,arm,signed_alpha,flip_class,n,behaviour,metric,delta_density,ci_lo,ci_hi
qwen3_32b_api,api_actions,fake,ask_bt_neg,0.0,gained,20,initializing,density,0.02443042351382212,-0.1407231981912663,0.21075632322342575
qwen3_32b_api,api_actions,fake,ask_bt_neg,0.0,gained,20,initializing,density_nontest,0.02443042351382212,-0.1407231981912663,0.21075632322342575
qwen3_32b_api,api_actions,fake,ask_bt_neg,0.0,gained,20,initializing,density_testlex,0.0,0.0,0.0
qwen3_32b_api,api_actions,fake,ask_bt_neg,0.0,gained,20,deduction,density,0.10872769540922242,-0.4179781390374216,0.6545671122065629
qwen3_32b_api,api_actions,fake,ask_bt_neg,0.0,gained,20,deduction,density_nontest,0.3035652236944303,-0.19592147334893523,0.8233173030514079
qwen3_32b_api,api_actions,fake,ask_bt_neg,0.0,gained,20,deduction,density_testlex,-0.1948375282852078,-0.30722590313835085,-0.08758752492042765
qwen3_32b_api,api_actions,fake,ask_bt_neg,0.0,gained,20,adding-knowledge,density,-0.09763861357648385,-0.4457984542033356,0.24702204393650667
qwen3_32b_api,api_actions,fake,ask_bt_neg,0.0,gained,20,adding-knowledge,density_nontest,-0.11686938280725308,-0.4550381370025344,0.22553095101996093
qwen3_32b_api,api_actions,fake,ask_bt_neg,0.0,gained,20,adding-knowledge,density_testlex,0.019230769230769232,0.0,0.057692307692307696
qwen3_32b_api,api_actions,fake,ask_bt_neg,0.0,gained,20,example-testing,density,0.23576708772814214,0.005049462714547368,0.43298350396046786
qwen3_32b_api,api_actions,fake,ask_bt_neg,0.0,gained,20,example-testing,density_nontest,0.23576708772814214,0.005049462714547368,0.43298350396046786
qwen3_32b_api,api_actions,fake,ask_bt_neg,0.0,gained,20,example-testing,density_testlex,0.0,0.0,0.0
qwen3_32b_api,api_actions,fake,ask_bt_neg,0.0,gained,20,uncertainty-estimation,density,-0.03736006808473473,-0.38941793255450635,0.3229256137946521
qwen3_32b_api,api_actions,fake,ask_bt_neg,0.0,gained,20,uncertainty-estimation,density_nontest,-0.04243060815188775,-0.4422429844274818,0.3623293628149851
qwen3_32b_api,api_actions,fake,ask_bt_neg,0.0,gained,20,uncertainty-estimation,density_testlex,0.005070540067153029,-0.10688910840840553,0.11546946649394857
qwen3_32b_api,api_actions,fake,ask_bt_neg,0.0,gained,20,backtracking,density,-0.009085201859294626,-0.16448367534341798,0.13822911958475181
qwen3_32b_api,api_actions,fake,ask_bt_neg,0.0,gained,20,backtracking,density_nontest,-0.009085201859294626,-0.16448367534341798,0.13822911958475181
qwen3_32b_api,api_actions,fake,ask_bt_neg,0.0,gained,20,backtracking,density_testlex,0.0,0.0,0.0
qwen3_32b_api,api_actions,fake,ask_bt_neg,0.0,lost,12,initializing,density,0.3608934871519108,0.14125396722931818,0.5676919284713257
qwen3_32b_api,api_actions,fake,ask_bt_neg,0.0,lost,12,initializing,density_nontest,0.3608934871519108,0.14125396722931818,0.5676919284713257
qwen3_32b_api,api_actions,fake,ask_bt_neg,0.0,lost,12,initializing,density_testlex,0.0,0.0,0.0
qwen3_32b_api,api_actions,fake,ask_bt_neg,0.0,lost,12,deduction,density,0.06388745260374733,-0.7242608018541282,0.8182662911637935
qwen3_32b_api,api_actions,fake,ask_bt_neg,0.0,lost,12,deduction,density_nontest,0.08028861171121149,-0.7996668197671034,0.9288380343246343
qwen3_32b_api,api_actions,fake,ask_bt_neg,0.0,lost,12,deduction,density_testlex,-0.016401159107464064,-0.16245099574723817,0.1461866723022376
qwen3_32b_api,api_actions,fake,ask_bt_neg,0.0,lost,12,adding-knowledge,density,0.33112897630710114,-0.27383988252571106,0.9108145240688691
qwen3_32b_api,api_actions,fake,ask_bt_neg,0.0,lost,12,adding-knowledge,density_nontest,0.34786257737805154,-0.26159199993465326,0.9310219752982128
qwen3_32b_api,api_actions,fake,ask_bt_neg,0.0,lost,12,adding-knowledge,density_testlex,-0.01673360107095047,-0.0502008032128514,0.0
qwen3_32b_api,api_actions,fake,ask_bt_neg,0.0,lost,12,example-testing,density,-0.3323734808562799,-0.6076392942855717,-0.08883370059780966
qwen3_32b_api,api_actions,fake,ask_bt_neg,0.0,lost,12,example-testing,density_nontest,-0.3105584721302764,-0.5578844500517162,-0.08535314627492918
qwen3_32b_api,api_actions,fake,ask_bt_neg,0.0,lost,12,example-testing,density_testlex,-0.02181500872600349,-0.06544502617801047,0.0
qwen3_32b_api,api_actions,fake,ask_bt_neg,0.0,lost,12,uncertainty-estimation,density,-0.017393721107713905,-0.4642472096663932,0.3748096123755631
qwen3_32b_api,api_actions,fake,ask_bt_neg,0.0,lost,12,uncertainty-estimation,density_nontest,-0.029271204062204025,-0.385257406261383,0.3148492274937389
qwen3_32b_api,api_actions,fake,ask_bt_neg,0.0,lost,12,uncertainty-estimation,density_testlex,0.011877482954490098,-0.11928273793388845,0.1470943554459461
qwen3_32b_api,api_actions,fake,ask_bt_neg,0.0,lost,12,backtracking,density,-0.20443600614863425,-0.40102502956254293,-0.017589690003483104
qwen3_32b_api,api_actions,fake,ask_bt_neg,0.0,lost,12,backtracking,density_nontest,-0.20443600614863425,-0.40102502956254293,-0.017589690003483104
qwen3_32b_api,api_actions,fake,ask_bt_neg,0.0,lost,12,backtracking,density_testlex,0.0,0.0,0.0
qwen3_32b_api,api_actions,fake,ask_bt_neg,0.0,comply_both,48,initializing,density,-0.06060098261986838,-0.17017746208265072,0.05684780457291359
qwen3_32b_api,api_actions,fake,ask_bt_neg,0.0,comply_both,48,initializing,density_nontest,-0.06060098261986838,-0.17017746208265072,0.05684780457291359
qwen3_32b_api,api_actions,fake,ask_bt_neg,0.0,comply_both,48,initializing,density_testlex,0.0,0.0,0.0
qwen3_32b_api,api_actions,fake,ask_bt_neg,0.0,comply_both,48,deduction,density,-0.028118566846084214,-0.45446357559562633,0.4070695791837799
qwen3_32b_api,api_actions,fake,ask_bt_neg,0.0,comply_both,48,deduction,density_nontest,-0.015588525484405666,-0.43606624774042446,0.40669618479432856
qwen3_32b_api,api_actions,fake,ask_bt_neg,0.0,comply_both,48,deduction,density_testlex,-0.012530041361678521,-0.09225496136197478,0.06997547558700519
qwen3_32b_api,api_actions,fake,ask_bt_neg,0.0,comply_both,48,adding-knowledge,density,-0.27725417882916764,-0.5231758173400007,-0.029932559106483923
qwen3_32b_api,api_actions,fake,ask_bt_neg,0.0,comply_both,48,adding-knowledge,density_nontest,-0.24401019003437438,-0.47739735606697176,-0.004689778004860305
qwen3_32b_api,api_actions,fake,ask_bt_neg,0.0,comply_both,48,adding-knowledge,density_testlex,-0.03324398879479328,-0.09674913829877355,0.024615758270699263
qwen3_32b_api,api_actions,fake,ask_bt_neg,0.0,comply_both,48,example-testing,density,0.016043507745484065,-0.15828183898956025,0.19296873645580048
qwen3_32b_api,api_actions,fake,ask_bt_neg,0.0,comply_both,48,example-testing,density_nontest,0.016043507745484065,-0.15828183898956025,0.19296873645580048
qwen3_32b_api,api_actions,fake,ask_bt_neg,0.0,comply_both,48,example-testing,density_testlex,0.0,0.0,0.0
qwen3_32b_api,api_actions,fake,ask_bt_neg,0.0,comply_both,48,uncertainty-estimation,density,0.04195394490435201,-0.1419425193543665,0.23122710828283785
qwen3_32b_api,api_actions,fake,ask_bt_neg,0.0,comply_both,48,uncertainty-estimation,density_nontest,0.06409097182302427,-0.11896951336438835,0.24829795002224964
qwen3_32b_api,api_actions,fake,ask_bt_neg,0.0,comply_both,48,uncertainty-estimation,density_testlex,-0.02213702691867227,-0.09869598752965084,0.048151127883833085
qwen3_32b_api,api_actions,fake,ask_bt_neg,0.0,comply_both,48,backtracking,density,0.01631184013392435,-0.08339986500310555,0.11257456154880918
qwen3_32b_api,api_actions,fake,ask_bt_neg,0.0,comply_both,48,backtracking,density_nontest,0.021667452816015176,-0.07844245630738514,0.12030970938534424
qwen3_32b_api,api_actions,fake,ask_bt_neg,0.0,comply_both,48,backtracking,density_testlex,-0.005355612682090831,-0.016066838046272493,0.0
qwen3_32b_api,api_actions,fake,ask_bt_neg,0.0,refuse_both,68,initializing,density,-0.006705056641382842,-0.10740685785524491,0.10243219999912648
qwen3_32b_api,api_actions,fake,ask_bt_neg,0.0,refuse_both,68,initializing,density_nontest,-0.011297935429687682,-0.11465280026553014,0.09800904093593793
qwen3_32b_api,api_actions,fake,ask_bt_neg,0.0,refuse_both,68,initializing,density_testlex,0.004592878788304842,0.0,0.013778636364914528
qwen3_32b_api,api_actions,fake,ask_bt_neg,0.0,refuse_both,68,deduction,density,-0.09040026889780141,-0.3793488537547579,0.1961855989762401
qwen3_32b_api,api_actions,fake,ask_bt_neg,0.0,refuse_both,68,deduction,density_nontest,-0.03732092060294127,-0.34790675795196824,0.27788792685209135
qwen3_32b_api,api_actions,fake,ask_bt_neg,0.0,refuse_both,68,deduction,density_testlex,-0.05307934829486023,-0.1494880610065097,0.03307327466410086
qwen3_32b_api,api_actions,fake,ask_bt_neg,0.0,refuse_both,68,adding-knowledge,density,0.021520319699463022,-0.20439731145874435,0.24816799323046007
qwen3_32b_api,api_actions,fake,ask_bt_neg,0.0,refuse_both,68,adding-knowledge,density_nontest,0.02587322695109355,-0.19570373433676566,0.251820352127114
qwen3_32b_api,api_actions,fake,ask_bt_neg,0.0,refuse_both,68,adding-knowledge,density_testlex,-0.004352907251630526,-0.037791218303446596,0.02452799010521359
qwen3_32b_api,api_actions,fake,ask_bt_neg,0.0,refuse_both,68,example-testing,density,0.0077257394425507405,-0.042378997968841384,0.07404871443004939
qwen3_32b_api,api_actions,fake,ask_bt_neg,0.0,refuse_both,68,example-testing,density_nontest,0.012617938057669972,-0.03489074579923174,0.0782686496431783
qwen3_32b_api,api_actions,fake,ask_bt_neg,0.0,refuse_both,68,example-testing,density_testlex,-0.004892198615119229,-0.017911437918540912,0.0030605374303727733
qwen3_32b_api,api_actions,fake,ask_bt_neg,0.0,refuse_both,68,uncertainty-estimation,density,0.07611735269987097,-0.08148420022686796,0.2254698362371228
qwen3_32b_api,api_actions,fake,ask_bt_neg,0.0,refuse_both,68,uncertainty-estimation,density_nontest,0.04390166672324784,-0.09903877267865605,0.18444922914883455
qwen3_32b_api,api_actions,fake,ask_bt_neg,0.0,refuse_both,68,uncertainty-estimation,density_testlex,0.03221568597662315,-0.042839388986569214,0.11031046564444855
qwen3_32b_api,api_actions,fake,ask_bt_neg,0.0,refuse_both,68,backtracking,density,0.009186752514820694,-0.06748359243146282,0.0892626164484933
qwen3_32b_api,api_actions,fake,ask_bt_neg,0.0,refuse_both,68,backtracking,density_nontest,0.001870393135247971,-0.07631931352977783,0.08303639888494967
qwen3_32b_api,api_actions,fake,ask_bt_neg,0.0,refuse_both,68,backtracking,density_testlex,0.0073163593795727245,0.0,0.021949078138718176
qwen3_32b_api,api_actions,fake,ask_bt_neg,0.0,same,116,initializing,density,-0.029006819115238933,-0.10090137545098733,0.049670933703295936
qwen3_32b_api,api_actions,fake,ask_bt_neg,0.0,same,116,initializing,density_nontest,-0.031699196335969355,-0.10431094089091689,0.04750440346327787
qwen3_32b_api,api_actions,fake,ask_bt_neg,0.0,same,116,initializing,density_testlex,0.002692377220730425,0.0,0.008077131662191275
qwen3_32b_api,api_actions,fake,ask_bt_neg,0.0,same,116,deduction,density,-0.0646285301177805,-0.3089236763480084,0.18212987584651605
qwen3_32b_api,api_actions,fake,ask_bt_neg,0.0,same,116,deduction,density_nontest,-0.0283282053814782,-0.27497617815931324,0.22674613144873132
qwen3_32b_api,api_actions,fake,ask_bt_neg,0.0,same,116,deduction,density_testlex,-0.036300324736302285,-0.10096489242428776,0.027681285214026095
qwen3_32b_api,api_actions,fake,ask_bt_neg,0.0,same,116,adding-knowledge,density,-0.10211050727790137,-0.27569884508737974,0.07387501445580259
qwen3_32b_api,api_actions,fake,ask_bt_neg,0.0,same,116,adding-knowledge,density_nontest,-0.08580266973254834,-0.2565602735076128,0.08591502977060682
qwen3_32b_api,api_actions,fake,ask_bt_neg,0.0,same,116,adding-knowledge,density_testlex,-0.016307837545353043,-0.04857314351806173,0.012974223552511632
qwen3_32b_api,api_actions,fake,ask_bt_neg,0.0,same,116,example-testing,density,0.011167574602385233,-0.07693420368316543,0.09743027129269934
qwen3_32b_api,api_actions,fake,ask_bt_neg,0.0,same,116,example-testing,density_nontest,0.014035415169868918,-0.07269054409451398,0.09970343613573852
qwen3_32b_api,api_actions,fake,ask_bt_neg,0.0,same,116,example-testing,density_testlex,-0.0028678405674836863,-0.01079762206123475,0.001794108148839212
qwen3_32b_api,api_actions,fake,ask_bt_neg,0.0,same,116,uncertainty-estimation,density,0.061980770163794156,-0.05624516736869491,0.18173122164090255
qwen3_32b_api,api_actions,fake,ask_bt_neg,0.0,same,116,uncertainty-estimation,density_nontest,0.052255861936948436,-0.06137977629676952,0.16559165835118944
qwen3_32b_api,api_actions,fake,ask_bt_neg,0.0,same,116,uncertainty-estimation,density_testlex,0.009724908226845729,-0.04081873022240832,0.06401725278331678
qwen3_32b_api,api_actions,fake,ask_bt_neg,0.0,same,116,backtracking,density,0.012135064633070484,-0.04823929627717263,0.07406899420107167
qwen3_32b_api,api_actions,fake,ask_bt_neg,0.0,same,116,backtracking,density_nontest,0.01006227989970337,-0.05139567067428418,0.07172643263692831
qwen3_32b_api,api_actions,fake,ask_bt_neg,0.0,same,116,backtracking,density_testlex,0.0020727847333671156,-0.006648346777767928,0.012866700977869275
qwen3_32b_api,api_actions,fake,ask_bt_pos,0.0,gained,19,initializing,density,-0.0031157691532187645,-0.18929466533083675,0.19043402836435758
qwen3_32b_api,api_actions,fake,ask_bt_pos,0.0,gained,19,initializing,density_nontest,-0.0031157691532187645,-0.18929466533083675,0.19043402836435758
qwen3_32b_api,api_actions,fake,ask_bt_pos,0.0,gained,19,initializing,density_testlex,0.0,0.0,0.0
qwen3_32b_api,api_actions,fake,ask_bt_pos,0.0,gained,19,deduction,density,-0.1685799484793304,-0.8967022885916985,0.6233440116450578
qwen3_32b_api,api_actions,fake,ask_bt_pos,0.0,gained,19,deduction,density_nontest,-0.10151367190573278,-0.8634035882669419,0.6882150899877737
qwen3_32b_api,api_actions,fake,ask_bt_pos,0.0,gained,19,deduction,density_testlex,-0.06706627657359754,-0.21703692597679794,0.08293185980820642
qwen3_32b_api,api_actions,fake,ask_bt_pos,0.0,gained,19,adding-knowledge,density,-0.4618457681822608,-0.9993548472423393,0.042080051367860416
qwen3_32b_api,api_actions,fake,ask_bt_pos,0.0,gained,19,adding-knowledge,density_nontest,-0.48625661085601807,-1.0180562567299383,0.007746726478742136
qwen3_32b_api,api_actions,fake,ask_bt_pos,0.0,gained,19,adding-knowledge,density_testlex,0.024410842673757278,0.0,0.058733470460013315
qwen3_32b_api,api_actions,fake,ask_bt_pos,0.0,gained,19,example-testing,density,0.27414000829268814,0.0697188189364741,0.5041724310266597
qwen3_32b_api,api_actions,fake,ask_bt_pos,0.0,gained,19,example-testing,density_nontest,0.2899928935177991,0.07838744186393498,0.531562233378627
qwen3_32b_api,api_actions,fake,ask_bt_pos,0.0,gained,19,example-testing,density_testlex,-0.015852885225110972,-0.04755865567533292,0.0
qwen3_32b_api,api_actions,fake,ask_bt_pos,0.0,gained,19,uncertainty-estimation,density,0.09723958678524922,-0.18856631126064724,0.40567202294528315
qwen3_32b_api,api_actions,fake,ask_bt_pos,0.0,gained,19,uncertainty-estimation,density_nontest,0.09409432793993769,-0.2361471237202944,0.4191159678518664
qwen3_32b_api,api_actions,fake,ask_bt_pos,0.0,gained,19,uncertainty-estimation,density_testlex,0.0031452588453115184,-0.13349959685081575,0.13154654038743085
qwen3_32b_api,api_actions,fake,ask_bt_pos,0.0,gained,19,backtracking,density,-0.011246619998610374,-0.1505138132411607,0.12575246246397298
qwen3_32b_api,api_actions,fake,ask_bt_pos,0.0,gained,19,backtracking,density_nontest,-0.026818093059961978,-0.16065079381914807,0.10425911355247029
qwen3_32b_api,api_actions,fake,ask_bt_pos,0.0,gained,19,backtracking,density_testlex,0.015571473061351605,0.0,0.04671441918405481
qwen3_32b_api,api_actions,fake,ask_bt_pos,0.0,lost,24,initializing,density,-0.027965280220053457,-0.23070823012949568,0.14618268096359305
qwen3_32b_api,api_actions,fake,ask_bt_pos,0.0,lost,24,initializing,density_nontest,-0.027965280220053457,-0.23070823012949568,0.14618268096359305
qwen3_32b_api,api_actions,fake,ask_bt_pos,0.0,lost,24,initializing,density_testlex,0.0,0.0,0.0
qwen3_32b_api,api_actions,fake,ask_bt_pos,0.0,lost,24,deduction,density,0.01725656754397094,-0.5841288634874818,0.6008781104698666
qwen3_32b_api,api_actions,fake,ask_bt_pos,0.0,lost,24,deduction,density_nontest,-0.13162462004754674,-0.7284978387084221,0.5045210738956891
qwen3_32b_api,api_actions,fake,ask_bt_pos,0.0,lost,24,deduction,density_testlex,0.14888118759151772,-0.00122178654089408,0.30802896106065825
qwen3_32b_api,api_actions,fake,ask_bt_pos,0.0,lost,24,adding-knowledge,density,0.26276482107260535,-0.10090373479402218,0.6080916280901543
qwen3_32b_api,api_actions,fake,ask_bt_pos,0.0,lost,24,adding-knowledge,density_nontest,0.3030257727475853,-0.05823001665323245,0.6464228334107046
qwen3_32b_api,api_actions,fake,ask_bt_pos,0.0,lost,24,adding-knowledge,density_testlex,-0.04026095167497995,-0.12594359486860385,0.022401433691756272
qwen3_32b_api,api_actions,fake,ask_bt_pos,0.0,lost,24,example-testing,density,-0.28036456660028547,-0.42943379773408147,-0.13226590170302413
qwen3_32b_api,api_actions,fake,ask_bt_pos,0.0,lost,24,example-testing,density_nontest,-0.289489113519335,-0.41697717336832385,-0.16486184456378614
qwen3_32b_api,api_actions,fake,ask_bt_pos,0.0,lost,24,example-testing,density_testlex,0.009124546919049537,-0.032722513089005235,0.06009615384615385
qwen3_32b_api,api_actions,fake,ask_bt_pos,0.0,lost,24,uncertainty-estimation,density,0.12414835220551627,-0.22543702320226064,0.44805119102128893
qwen3_32b_api,api_actions,fake,ask_bt_pos,0.0,lost,24,uncertainty-estimation,density_nontest,0.1182410644734081,-0.20203725718562907,0.4212416169722718
qwen3_32b_api,api_actions,fake,ask_bt_pos,0.0,lost,24,uncertainty-estimation,density_testlex,0.005907287732108202,-0.121798987151944,0.14930400361510443
qwen3_32b_api,api_actions,fake,ask_bt_pos,0.0,lost,24,backtracking,density,-0.03926737270037194,-0.22158329330205362,0.13288930887439648
qwen3_32b_api,api_actions,fake,ask_bt_pos,0.0,lost,24,backtracking,density_nontest,-0.051992438073519075,-0.23208109920337808,0.12045552182783334
qwen3_32b_api,api_actions,fake,ask_bt_pos,0.0,lost,24,backtracking,density_testlex,0.012725065373147137,-0.021422450728363324,0.052271354174468355
qwen3_32b_api,api_actions,fake,ask_bt_pos,0.0,comply_both,37,initializing,density,0.0585717540873395,-0.0982573117535524,0.22979915090919006
qwen3_32b_api,api_actions,fake,ask_bt_pos,0.0,comply_both,37,initializing,density_nontest,0.0585717540873395,-0.0982573117535524,0.22979915090919006
qwen3_32b_api,api_actions,fake,ask_bt_pos,0.0,comply_both,37,initializing,density_testlex,0.0,0.0,0.0
qwen3_32b_api,api_actions,fake,ask_bt_pos,0.0,comply_both,37,deduction,density,-0.1988384089282225,-0.7438277361357158,0.31084932714116836
qwen3_32b_api,api_actions,fake,ask_bt_pos,0.0,comply_both,37,deduction,density_nontest,-0.22866913443437595,-0.7827860271354963,0.2917449318807117
qwen3_32b_api,api_actions,fake,ask_bt_pos,0.0,comply_both,37,deduction,density_testlex,0.029830725506153496,-0.0681792158575567,0.12351112081412108
qwen3_32b_api,api_actions,fake,ask_bt_pos,0.0,comply_both,37,adding-knowledge,density,-0.003687588565289114,-0.3592420392909285,0.3411936217212847
qwen3_32b_api,api_actions,fake,ask_bt_pos,0.0,comply_both,37,adding-knowledge,density_nontest,6.450011629649382e-05,-0.3471731801096823,0.34660566837759615
qwen3_32b_api,api_actions,fake,ask_bt_pos,0.0,comply_both,37,adding-knowledge,density_testlex,-0.003752088681585608,-0.056044377622442465,0.04393596916501572
qwen3_32b_api,api_actions,fake,ask_bt_pos,0.0,comply_both,37,example-testing,density,-0.0191083888880969,-0.21273773386395325,0.15457706038529512
qwen3_32b_api,api_actions,fake,ask_bt_pos,0.0,comply_both,37,example-testing,density_nontest,-0.03101456819515726,-0.22893533588446985,0.14207715139198449
qwen3_32b_api,api_actions,fake,ask_bt_pos,0.0,comply_both,37,example-testing,density_testlex,0.011906179307060364,0.0,0.03571853792118109
qwen3_32b_api,api_actions,fake,ask_bt_pos,0.0,comply_both,37,uncertainty-estimation,density,0.1064221504285899,-0.067890376080943,0.2696320917362424
qwen3_32b_api,api_actions,fake,ask_bt_pos,0.0,comply_both,37,uncertainty-estimation,density_nontest,0.06035707002374392,-0.12251270590876048,0.23032518980208533
qwen3_32b_api,api_actions,fake,ask_bt_pos,0.0,comply_both,37,uncertainty-estimation,density_testlex,0.04606508040484601,-0.03144495342285679,0.12269070049632885
qwen3_32b_api,api_actions,fake,ask_bt_pos,0.0,comply_both,37,backtracking,density,0.013344336958093506,-0.09773482368085458,0.12979422935863963
qwen3_32b_api,api_actions,fake,ask_bt_pos,0.0,comply_both,37,backtracking,density_nontest,0.013344336958093506,-0.09773482368085458,0.12979422935863963
qwen3_32b_api,api_actions,fake,ask_bt_pos,0.0,comply_both,37,backtracking,density_testlex,0.0,0.0,0.0
qwen3_32b_api,api_actions,fake,ask_bt_pos,0.0,refuse_both,69,initializing,density,0.025393299370058197,-0.05447107497244245,0.11016164997826221
qwen3_32b_api,api_actions,fake,ask_bt_pos,0.0,refuse_both,69,initializing,density_nontest,0.02142274105992781,-0.06114215042309014,0.1073346336448165
qwen3_32b_api,api_actions,fake,ask_bt_pos,0.0,refuse_both,69,initializing,density_testlex,0.003970558310130384,0.0,0.01191167493039115
qwen3_32b_api,api_actions,fake,ask_bt_pos,0.0,refuse_both,69,deduction,density,-0.1340099738309652,-0.4372782046227744,0.17136393149546642
qwen3_32b_api,api_actions,fake,ask_bt_pos,0.0,refuse_both,69,deduction,density_nontest,-0.10079014363359542,-0.3996255549649924,0.19904760160121493
qwen3_32b_api,api_actions,fake,ask_bt_pos,0.0,refuse_both,69,deduction,density_testlex,-0.03321983019736976,-0.1251386376725176,0.06299378511626312
qwen3_32b_api,api_actions,fake,ask_bt_pos,0.0,refuse_both,69,adding-knowledge,density,-0.12894278147116567,-0.3443761321598978,0.09085347628300469
qwen3_32b_api,api_actions,fake,ask_bt_pos,0.0,refuse_both,69,adding-knowledge,density_nontest,-0.1437269317607517,-0.3648105920090667,0.07247809748986078
qwen3_32b_api,api_actions,fake,ask_bt_pos,0.0,refuse_both,69,adding-knowledge,density_testlex,0.014784150289586025,-0.022628146340703793,0.04734693871799593
qwen3_32b_api,api_actions,fake,ask_bt_pos,0.0,refuse_both,69,example-testing,density,0.014655961661353578,-0.04085040546022177,0.07149613819570581
qwen3_32b_api,api_actions,fake,ask_bt_pos,0.0,refuse_both,69,example-testing,density_nontest,0.008775259445074578,-0.04323675539971617,0.0582935907059278
qwen3_32b_api,api_actions,fake,ask_bt_pos,0.0,refuse_both,69,example-testing,density_testlex,0.005880702216278999,-0.0117704749244083,0.02601231651141952
qwen3_32b_api,api_actions,fake,ask_bt_pos,0.0,refuse_both,69,uncertainty-estimation,density,0.0660929780688095,-0.11346142744489857,0.24205306208422572
qwen3_32b_api,api_actions,fake,ask_bt_pos,0.0,refuse_both,69,uncertainty-estimation,density_nontest,0.02773639594168486,-0.14040027728023208,0.19120525133961463
qwen3_32b_api,api_actions,fake,ask_bt_pos,0.0,refuse_both,69,uncertainty-estimation,density_testlex,0.03835658212712463,-0.027219543446588463,0.10960332565181331
qwen3_32b_api,api_actions,fake,ask_bt_pos,0.0,refuse_both,69,backtracking,density,0.03126208039796573,-0.047519682234904034,0.11317667834790365
qwen3_32b_api,api_actions,fake,ask_bt_pos,0.0,refuse_both,69,backtracking,density_nontest,0.03126208039796573,-0.047519682234904034,0.11317667834790365
qwen3_32b_api,api_actions,fake,ask_bt_pos,0.0,refuse_both,69,backtracking,density_testlex,0.0,0.0,0.0
qwen3_32b_api,api_actions,fake,ask_bt_pos,0.0,same,106,initializing,density,0.03697445809212808,-0.04136981889846332,0.11702950865654048
qwen3_32b_api,api_actions,fake,ask_bt_pos,0.0,same,106,initializing,density_nontest,0.034389849380816795,-0.043621636643308745,0.11625129862132007
qwen3_32b_api,api_actions,fake,ask_bt_pos,0.0,same,106,initializing,density_testlex,0.0025846087113112876,0.0,0.007753826133933862
qwen3_32b_api,api_actions,fake,ask_bt_pos,0.0,same,106,deduction,density,-0.1566387672139701,-0.4212055304672401,0.12008419158559819
qwen3_32b_api,api_actions,fake,ask_bt_pos,0.0,same,106,deduction,density_nontest,-0.1454271498565094,-0.4154989143585882,0.13420740268504974
qwen3_32b_api,api_actions,fake,ask_bt_pos,0.0,same,106,deduction,density_testlex,-0.011211617357460698,-0.08050762458751551,0.061661269059657936
qwen3_32b_api,api_actions,fake,ask_bt_pos,0.0,same,106,adding-knowledge,density,-0.08522162923043518,-0.28038917081910997,0.09360605249923244
qwen3_32b_api,api_actions,fake,ask_bt_pos,0.0,same,106,adding-knowledge,density_nontest,-0.09353558289800847,-0.2908779900367171,0.09334213416332786
qwen3_32b_api,api_actions,fake,ask_bt_pos,0.0,same,106,adding-knowledge,density_testlex,0.008313953667573284,-0.02309257404024903,0.036374319166974256
qwen3_32b_api,api_actions,fake,ask_bt_pos,0.0,same,106,example-testing,density,0.0028702921299416126,-0.07703759276395503,0.07418171503944365
qwen3_32b_api,api_actions,fake,ask_bt_pos,0.0,same,106,example-testing,density_nontest,-0.005113642655761075,-0.08285748483497223,0.06568634465763816
qwen3_32b_api,api_actions,fake,ask_bt_pos,0.0,same,106,example-testing,density_testlex,0.007983934785702683,-0.006942173690998448,0.023374448926629984
qwen3_32b_api,api_actions,fake,ask_bt_pos,0.0,same,106,uncertainty-estimation,density,0.08017014200571396,-0.06113302700344197,0.21435723450023253
qwen3_32b_api,api_actions,fake,ask_bt_pos,0.0,same,106,uncertainty-estimation,density_nontest,0.039122857649573385,-0.08925286865609844,0.16241713829169024
qwen3_32b_api,api_actions,fake,ask_bt_pos,0.0,same,106,uncertainty-estimation,density_testlex,0.04104728435614058,-0.01181505551284427,0.09117890361476175
qwen3_32b_api,api_actions,fake,ask_bt_pos,0.0,same,106,backtracking,density,0.025007773725557503,-0.042483937601057564,0.09383076674241458
qwen3_32b_api,api_actions,fake,ask_bt_pos,0.0,same,106,backtracking,density_nontest,0.025007773725557503,-0.042483937601057564,0.09383076674241458
qwen3_32b_api,api_actions,fake,ask_bt_pos,0.0,same,106,backtracking,density_testlex,0.0,0.0,0.0
qwen3_32b_api,api_actions,fake,ask_unc_neg,0.0,gained,26,initializing,density,-0.021972184828229015,-0.1782262848534048,0.12946819105916313
qwen3_32b_api,api_actions,fake,ask_unc_neg,0.0,gained,26,initializing,density_nontest,-0.03020806030179185,-0.19123120343399083,0.12697962185108397
qwen3_32b_api,api_actions,fake,ask_unc_neg,0.0,gained,26,initializing,density_testlex,0.00823587547356284,0.0,0.02470762642068852
qwen3_32b_api,api_actions,fake,ask_unc_neg,0.0,gained,26,deduction,density,0.045273015859332716,-0.45748418329925816,0.5593796642825555
qwen3_32b_api,api_actions,fake,ask_unc_neg,0.0,gained,26,deduction,density_nontest,0.07049849657422791,-0.4681783609493383,0.6251280562004741
qwen3_32b_api,api_actions,fake,ask_unc_neg,0.0,gained,26,deduction,density_testlex,-0.02522548071489531,-0.1669892166227722,0.11874996353915075
qwen3_32b_api,api_actions,fake,ask_unc_neg,0.0,gained,26,adding-knowledge,density,-0.272847510528941,-0.5962674600677828,0.07587982240569927
qwen3_32b_api,api_actions,fake,ask_unc_neg,0.0,gained,26,adding-knowledge,density_nontest,-0.272847510528941,-0.5962674600677828,0.07587982240569927
qwen3_32b_api,api_actions,fake,ask_unc_neg,0.0,gained,26,adding-knowledge,density_testlex,0.0,0.0,0.0
qwen3_32b_api,api_actions,fake,ask_unc_neg,0.0,gained,26,example-testing,density,0.3109751426691962,0.16230429549941836,0.4877615563415026
qwen3_32b_api,api_actions,fake,ask_unc_neg,0.0,gained,26,example-testing,density_nontest,0.28725315163887455,0.143203031141217,0.45753341239701306
qwen3_32b_api,api_actions,fake,ask_unc_neg,0.0,gained,26,example-testing,density_testlex,0.023721991030321597,0.0,0.06137932208293974
qwen3_32b_api,api_actions,fake,ask_unc_neg,0.0,gained,26,uncertainty-estimation,density,0.006974044050654023,-0.33909103829114257,0.3707419164079924
qwen3_32b_api,api_actions,fake,ask_unc_neg,0.0,gained,26,uncertainty-estimation,density_nontest,-0.016973872079745902,-0.351196050009587,0.3103181072109752
qwen3_32b_api,api_actions,fake,ask_unc_neg,0.0,gained,26,uncertainty-estimation,density_testlex,0.023947916130399927,-0.0887415770268318,0.1355518376885051
qwen3_32b_api,api_actions,fake,ask_unc_neg,0.0,gained,26,backtracking,density,0.06360001520718651,-0.05586854283514511,0.19407343697974144
qwen3_32b_api,api_actions,fake,ask_unc_neg,0.0,gained,26,backtracking,density_nontest,0.06360001520718651,-0.05586854283514511,0.19407343697974144
qwen3_32b_api,api_actions,fake,ask_unc_neg,0.0,gained,26,backtracking,density_testlex,0.0,0.0,0.0
qwen3_32b_api,api_actions,fake,ask_unc_neg,0.0,lost,11,initializing,density,0.30538791118165853,-0.16350470242314485,0.73160648645572
qwen3_32b_api,api_actions,fake,ask_unc_neg,0.0,lost,11,initializing,density_nontest,0.30538791118165853,-0.16350470242314485,0.73160648645572
qwen3_32b_api,api_actions,fake,ask_unc_neg,0.0,lost,11,initializing,density_testlex,0.0,0.0,0.0
qwen3_32b_api,api_actions,fake,ask_unc_neg,0.0,lost,11,deduction,density,0.14713490993082926,-0.3547311748915714,0.6712698380021013
qwen3_32b_api,api_actions,fake,ask_unc_neg,0.0,lost,11,deduction,density_nontest,0.035222239519443116,-0.507173744883059,0.5846066910731833
qwen3_32b_api,api_actions,fake,ask_unc_neg,0.0,lost,11,deduction,density_testlex,0.11191267041138632,-0.05713040635540002,0.2931244609972447
qwen3_32b_api,api_actions,fake,ask_unc_neg,0.0,lost,11,adding-knowledge,density,0.589467860326371,-0.18715284258604892,1.275776930060426
qwen3_32b_api,api_actions,fake,ask_unc_neg,0.0,lost,11,adding-knowledge,density_nontest,0.609591529420074,-0.14195175669552174,1.3031180222437448
qwen3_32b_api,api_actions,fake,ask_unc_neg,0.0,lost,11,adding-knowledge,density_testlex,-0.020123669093703122,-0.15067805123053743,0.09030704394942807
qwen3_32b_api,api_actions,fake,ask_unc_neg,0.0,lost,11,example-testing,density,-0.17571941925242593,-0.37746091620764516,0.0013283825731067879
qwen3_32b_api,api_actions,fake,ask_unc_neg,0.0,lost,11,example-testing,density_nontest,-0.17571941925242593,-0.37746091620764516,0.0013283825731067879
qwen3_32b_api,api_actions,fake,ask_unc_neg,0.0,lost,11,example-testing,density_testlex,0.0,0.0,0.0
qwen3_32b_api,api_actions,fake,ask_unc_neg,0.0,lost,11,uncertainty-estimation,density,-0.28764352472689364,-0.7339651088410132,0.1824129068026171
qwen3_32b_api,api_actions,fake,ask_unc_neg,0.0,lost,11,uncertainty-estimation,density_nontest,-0.3212868362342105,-0.6867023188479725,0.06633375366721005
qwen3_32b_api,api_actions,fake,ask_unc_neg,0.0,lost,11,uncertainty-estimation,density_testlex,0.03364331150731689,-0.20240506032194927,0.2674404588804692
qwen3_32b_api,api_actions,fake,ask_unc_neg,0.0,lost,11,backtracking,density,-0.20044982582341164,-0.4910424232365885,0.09550982140981211
qwen3_32b_api,api_actions,fake,ask_unc_neg,0.0,lost,11,backtracking,density_nontest,-0.20044982582341164,-0.4910424232365885,0.09550982140981211
qwen3_32b_api,api_actions,fake,ask_unc_neg,0.0,lost,11,backtracking,density_testlex,0.0,0.0,0.0
qwen3_32b_api,api_actions,fake,ask_unc_neg,0.0,comply_both,50,initializing,density,-0.040242398732706054,-0.16804769664999988,0.07728413736341935
qwen3_32b_api,api_actions,fake,ask_unc_neg,0.0,comply_both,50,initializing,density_nontest,-0.040242398732706054,-0.16804769664999988,0.07728413736341935
qwen3_32b_api,api_actions,fake,ask_unc_neg,0.0,comply_both,50,initializing,density_testlex,0.0,0.0,0.0
qwen3_32b_api,api_actions,fake,ask_unc_neg,0.0,comply_both,50,deduction,density,0.11632465461924578,-0.2992099979492321,0.5307059088390346
qwen3_32b_api,api_actions,fake,ask_unc_neg,0.0,comply_both,50,deduction,density_nontest,0.11701239636649348,-0.301101651902662,0.5498816806314935
qwen3_32b_api,api_actions,fake,ask_unc_neg,0.0,comply_both,50,deduction,density_testlex,-0.0006877417472476632,-0.08609550048998658,0.07649008859534956
qwen3_32b_api,api_actions,fake,ask_unc_neg,0.0,comply_both,50,adding-knowledge,density,-0.07072562506189582,-0.3872803043134146,0.2150221542147448
qwen3_32b_api,api_actions,fake,ask_unc_neg,0.0,comply_both,50,adding-knowledge,density_nontest,-0.028371879549790577,-0.3490114572959948,0.25565483453759436
qwen3_32b_api,api_actions,fake,ask_unc_neg,0.0,comply_both,50,adding-knowledge,density_testlex,-0.042353745512105245,-0.08747020033107455,-0.008034418629865484
qwen3_32b_api,api_actions,fake,ask_unc_neg,0.0,comply_both,50,example-testing,density,-0.06612242676185778,-0.2408313835829087,0.0839679026556221
qwen3_32b_api,api_actions,fake,ask_unc_neg,0.0,comply_both,50,example-testing,density_nontest,-0.07651182466761694,-0.24585960429281256,0.06876308550980342
qwen3_32b_api,api_actions,fake,ask_unc_neg,0.0,comply_both,50,example-testing,density_testlex,0.010389397905759164,-0.015706806282722516,0.046875
qwen3_32b_api,api_actions,fake,ask_unc_neg,0.0,comply_both,50,uncertainty-estimation,density,-0.019605045491606105,-0.17483867621190138,0.1270428418707575
qwen3_32b_api,api_actions,fake,ask_unc_neg,0.0,comply_both,50,uncertainty-estimation,density_nontest,-0.033924422639511946,-0.20220158727360815,0.11635665139308174
qwen3_32b_api,api_actions,fake,ask_unc_neg,0.0,comply_both,50,uncertainty-estimation,density_testlex,0.014319377147905838,-0.0548013313935429,0.07985202908177383
qwen3_32b_api,api_actions,fake,ask_unc_neg,0.0,comply_both,50,backtracking,density,-0.05410222068443887,-0.14419355056786687,0.03669979889729756
qwen3_32b_api,api_actions,fake,ask_unc_neg,0.0,comply_both,50,backtracking,density_nontest,-0.05106831406916803,-0.13883599073242836,0.036411907970776154
qwen3_32b_api,api_actions,fake,ask_unc_neg,0.0,comply_both,50,backtracking,density_testlex,-0.0030339066152708437,-0.015424164524421594,0.006322444678609063
qwen3_32b_api,api_actions,fake,ask_unc_neg,0.0,refuse_both,62,initializing,density,-0.016062138964717917,-0.14051824236374968,0.10449296502649165
qwen3_32b_api,api_actions,fake,ask_unc_neg,0.0,refuse_both,62,initializing,density_nontest,-0.021325410435312806,-0.1469721244459369,0.09922969355589677
qwen3_32b_api,api_actions,fake,ask_unc_neg,0.0,refuse_both,62,initializing,density_testlex,0.00526327147059489,0.0,0.01578981441178467
qwen3_32b_api,api_actions,fake,ask_unc_neg,0.0,refuse_both,62,deduction,density,-0.14758989040876863,-0.4447910290662081,0.16771869444076073
qwen3_32b_api,api_actions,fake,ask_unc_neg,0.0,refuse_both,62,deduction,density_nontest,-0.1568683454822998,-0.45535010942316806,0.1590302480669361
qwen3_32b_api,api_actions,fake,ask_unc_neg,0.0,refuse_both,62,deduction,density_testlex,0.009278455073531136,-0.08479934163061714,0.11195093554933708
qwen3_32b_api,api_actions,fake,ask_unc_neg,0.0,refuse_both,62,adding-knowledge,density,-0.1588823652490581,-0.3718186751049086,0.048813058589251786
qwen3_32b_api,api_actions,fake,ask_unc_neg,0.0,refuse_both,62,adding-knowledge,density_nontest,-0.1498529202757574,-0.36343585677618595,0.05536082630931178
qwen3_32b_api,api_actions,fake,ask_unc_neg,0.0,refuse_both,62,adding-knowledge,density_testlex,-0.009029444973300658,-0.04272565859688671,0.02024600351448265
qwen3_32b_api,api_actions,fake,ask_unc_neg,0.0,refuse_both,62,example-testing,density,-0.04911880984455044,-0.09954174512601838,-0.005040477883399339
qwen3_32b_api,api_actions,fake,ask_unc_neg,0.0,refuse_both,62,example-testing,density_nontest,-0.03796026437233901,-0.083581891469696,0.0008043556581677476
qwen3_32b_api,api_actions,fake,ask_unc_neg,0.0,refuse_both,62,example-testing,density_testlex,-0.011158545472211425,-0.028617494170229303,0.0
qwen3_32b_api,api_actions,fake,ask_unc_neg,0.0,refuse_both,62,uncertainty-estimation,density,0.0835841711846353,-0.09467696251623807,0.25582707423565365
qwen3_32b_api,api_actions,fake,ask_unc_neg,0.0,refuse_both,62,uncertainty-estimation,density_nontest,0.031055723104451476,-0.12460444104306131,0.18771784114221107
qwen3_32b_api,api_actions,fake,ask_unc_neg,0.0,refuse_both,62,uncertainty-estimation,density_testlex,0.05252844808018382,-0.01588625401275231,0.11507957610681617
qwen3_32b_api,api_actions,fake,ask_unc_neg,0.0,refuse_both,62,backtracking,density,-0.017211127937793665,-0.10403943010499524,0.06717557990742783
qwen3_32b_api,api_actions,fake,ask_unc_neg,0.0,refuse_both,62,backtracking,density_nontest,-0.02407454591994878,-0.11065539294071863,0.06127522757680654
qwen3_32b_api,api_actions,fake,ask_unc_neg,0.0,refuse_both,62,backtracking,density_testlex,0.0068634179821551134,0.0,0.02059025394646534
qwen3_32b_api,api_actions,fake,ask_unc_neg,0.0,same,112,initializing,density,-0.026856897789712612,-0.11070984648327545,0.05465568309195094
qwen3_32b_api,api_actions,fake,ask_unc_neg,0.0,same,112,initializing,density_nontest,-0.029770494496649067,-0.11448686657057423,0.05237710178213677
qwen3_32b_api,api_actions,fake,ask_unc_neg,0.0,same,112,initializing,density_testlex,0.0029135967069364574,0.0,0.008740790120809371
qwen3_32b_api,api_actions,fake,ask_unc_neg,0.0,same,112,deduction,density,-0.029770897092690745,-0.28672854422927,0.2279501025628593
qwen3_32b_api,api_actions,fake,ask_unc_neg,0.0,same,112,deduction,density_nontest,-0.03460015715694564,-0.30021584589230044,0.2273115801340945
qwen3_32b_api,api_actions,fake,ask_unc_neg,0.0,same,112,deduction,density_testlex,0.004829260064254889,-0.05699773435270061,0.07016085649057802
qwen3_32b_api,api_actions,fake,ask_unc_neg,0.0,same,112,adding-knowledge,density,-0.11952667766550348,-0.2990954749136608,0.06002414733925197
qwen3_32b_api,api_actions,fake,ask_unc_neg,0.0,same,112,adding-knowledge,density_nontest,-0.09562031280880791,-0.2671912243503374,0.08265845915796113
qwen3_32b_api,api_actions,fake,ask_unc_neg,0.0,same,112,adding-knowledge,density_testlex,-0.02390636485669556,-0.05163961790700553,-0.0002479872285649459
qwen3_32b_api,api_actions,fake,ask_unc_neg,0.0,same,112,example-testing,density,-0.05670971025406265,-0.1338644006337342,0.018578622011167882
qwen3_32b_api,api_actions,fake,ask_unc_neg,0.0,same,112,example-testing,density_nontest,-0.055170782361302365,-0.12992904484967066,0.01915359308073435
qwen3_32b_api,api_actions,fake,ask_unc_neg,0.0,same,112,example-testing,density_testlex,-0.001538927892760271,-0.016640221600688468,0.018237010542168672
qwen3_32b_api,api_actions,fake,ask_unc_neg,0.0,same,112,uncertainty-estimation,density,0.037517556597027525,-0.08517811222615955,0.1590176609459634
qwen3_32b_api,api_actions,fake,ask_unc_neg,0.0,same,112,uncertainty-estimation,density_nontest,0.002046729468753523,-0.12187382183685486,0.1195522059433345
qwen3_32b_api,api_actions,fake,ask_unc_neg,0.0,same,112,uncertainty-estimation,density_testlex,0.035470827128274006,-0.018225902724069806,0.08228628502885527
qwen3_32b_api,api_actions,fake,ask_unc_neg,0.0,same,112,backtracking,density,-0.033680365771117424,-0.09445337740980778,0.029120514003026315
qwen3_32b_api,api_actions,fake,ask_unc_neg,0.0,same,112,backtracking,density_nontest,-0.036125335272278805,-0.0981774775288705,0.025688674882683647
qwen3_32b_api,api_actions,fake,ask_unc_neg,0.0,same,112,backtracking,density_testlex,0.0024449695011613823,-0.005004107770245038,0.012339016273729185
qwen3_32b_api,api_actions,fake,ask_unc_pos,0.0,gained,19,initializing,density,-0.12311764018016906,-0.3613443019645307,0.09749828551339346
qwen3_32b_api,api_actions,fake,ask_unc_pos,0.0,gained,19,initializing,density_nontest,-0.12311764018016906,-0.3613443019645307,0.09749828551339346
qwen3_32b_api,api_actions,fake,ask_unc_pos,0.0,gained,19,initializing,density_testlex,0.0,0.0,0.0
qwen3_32b_api,api_actions,fake,ask_unc_pos,0.0,gained,19,deduction,density,0.30887846683841325,-0.23352376896440957,0.8628123678072052
qwen3_32b_api,api_actions,fake,ask_unc_pos,0.0,gained,19,deduction,density_nontest,0.37166528342454114,-0.16177821885809227,0.9426756114107359
qwen3_32b_api,api_actions,fake,ask_unc_pos,0.0,gained,19,deduction,density_testlex,-0.0627868165861278,-0.25295048131254544,0.12186124541797164
qwen3_32b_api,api_actions,fake,ask_unc_pos,0.0,gained,19,adding-knowledge,density,-0.7554591952340981,-1.2249064243484626,-0.2627215508438753
qwen3_32b_api,api_actions,fake,ask_unc_pos,0.0,gained,19,adding-knowledge,density_nontest,-0.7683674167468616,-1.2060422237433996,-0.2967459040693323
qwen3_32b_api,api_actions,fake,ask_unc_pos,0.0,gained,19,adding-knowledge,density_testlex,0.01290822151276356,-0.08290443667299073,0.08580558333135317
qwen3_32b_api,api_actions,fake,ask_unc_pos,0.0,gained,19,example-testing,density,0.1471841530641251,0.04866780448017342,0.28648140990513515
qwen3_32b_api,api_actions,fake,ask_unc_pos,0.0,gained,19,example-testing,density_nontest,0.1471841530641251,0.04866780448017342,0.28648140990513515
qwen3_32b_api,api_actions,fake,ask_unc_pos,0.0,gained,19,example-testing,density_testlex,0.0,0.0,0.0
qwen3_32b_api,api_actions,fake,ask_unc_pos,0.0,gained,19,uncertainty-estimation,density,0.2485938399410455,-0.13473710876964415,0.6137271730917838
qwen3_32b_api,api_actions,fake,ask_unc_pos,0.0,gained,19,uncertainty-estimation,density_nontest,0.23090692981739094,-0.12419064332545836,0.562072571442081
qwen3_32b_api,api_actions,fake,ask_unc_pos,0.0,gained,19,uncertainty-estimation,density_testlex,0.017686910123654597,-0.08575942039874795,0.10700994673990714
qwen3_32b_api,api_actions,fake,ask_unc_pos,0.0,gained,19,backtracking,density,0.03620111541543638,-0.10741503256282195,0.18124128383862337
qwen3_32b_api,api_actions,fake,ask_unc_pos,0.0,gained,19,backtracking,density_nontest,0.03620111541543638,-0.10741503256282195,0.18124128383862337
qwen3_32b_api,api_actions,fake,ask_unc_pos,0.0,gained,19,backtracking,density_testlex,0.0,0.0,0.0
qwen3_32b_api,api_actions,fake,ask_unc_pos,0.0,lost,13,initializing,density,0.10002312211328078,-0.1626851093075107,0.3316158869878334
qwen3_32b_api,api_actions,fake,ask_unc_pos,0.0,lost,13,initializing,density_nontest,0.10002312211328078,-0.1626851093075107,0.3316158869878334
qwen3_32b_api,api_actions,fake,ask_unc_pos,0.0,lost,13,initializing,density_testlex,0.0,0.0,0.0
qwen3_32b_api,api_actions,fake,ask_unc_pos,0.0,lost,13,deduction,density,0.36692206753267304,-0.354489745280547,1.0776381716153993
qwen3_32b_api,api_actions,fake,ask_unc_pos,0.0,lost,13,deduction,density_nontest,0.12612400677030658,-0.5930256743743789,0.8142591346747403
qwen3_32b_api,api_actions,fake,ask_unc_pos,0.0,lost,13,deduction,density_testlex,0.2407980607623665,0.12036995878191643,0.3735857368830258
qwen3_32b_api,api_actions,fake,ask_unc_pos,0.0,lost,13,adding-knowledge,density,0.06103363171796084,-0.4311746161446663,0.5239923547738778
qwen3_32b_api,api_actions,fake,ask_unc_pos,0.0,lost,13,adding-knowledge,density_nontest,0.019040977632915474,-0.45492669134310837,0.4715170405193431
qwen3_32b_api,api_actions,fake,ask_unc_pos,0.0,lost,13,adding-knowledge,density_testlex,0.041992654085045385,0.0,0.1140333850931677
qwen3_32b_api,api_actions,fake,ask_unc_pos,0.0,lost,13,example-testing,density,-0.3597465122301158,-0.7978492502892726,-0.0345121696907262
qwen3_32b_api,api_actions,fake,ask_unc_pos,0.0,lost,13,example-testing,density_nontest,-0.3597465122301158,-0.7978492502892726,-0.0345121696907262
qwen3_32b_api,api_actions,fake,ask_unc_pos,0.0,lost,13,example-testing,density_testlex,0.0,0.0,0.0
qwen3_32b_api,api_actions,fake,ask_unc_pos,0.0,lost,13,uncertainty-estimation,density,-0.18420711188800565,-0.5396002115980355,0.1794110565978762
qwen3_32b_api,api_actions,fake,ask_unc_pos,0.0,lost,13,uncertainty-estimation,density_nontest,-0.16908254489312255,-0.5095708276851526,0.18251685232618864
qwen3_32b_api,api_actions,fake,ask_unc_pos,0.0,lost,13,uncertainty-estimation,density_testlex,-0.015124566994883156,-0.18457689736646288,0.15114747048955984
qwen3_32b_api,api_actions,fake,ask_unc_pos,0.0,lost,13,backtracking,density,-0.18755905289569225,-0.41943747332460934,0.04473823597599606
qwen3_32b_api,api_actions,fake,ask_unc_pos,0.0,lost,13,backtracking,density_nontest,-0.18755905289569225,-0.41943747332460934,0.04473823597599606
qwen3_32b_api,api_actions,fake,ask_unc_pos,0.0,lost,13,backtracking,density_testlex,0.0,0.0,0.0
qwen3_32b_api,api_actions,fake,ask_unc_pos,0.0,comply_both,48,initializing,density,-0.08452754961432522,-0.20304491464181407,0.02768250859029151
qwen3_32b_api,api_actions,fake,ask_unc_pos,0.0,comply_both,48,initializing,density_nontest,-0.08452754961432522,-0.20304491464181407,0.02768250859029151
qwen3_32b_api,api_actions,fake,ask_unc_pos,0.0,comply_both,48,initializing,density_testlex,0.0,0.0,0.0
qwen3_32b_api,api_actions,fake,ask_unc_pos,0.0,comply_both,48,deduction,density,-0.06483155099170868,-0.5624084820953419,0.442659030119293
qwen3_32b_api,api_actions,fake,ask_unc_pos,0.0,comply_both,48,deduction,density_nontest,-0.045964495358768974,-0.5537572086380688,0.46283561691767827
qwen3_32b_api,api_actions,fake,ask_unc_pos,0.0,comply_both,48,deduction,density_testlex,-0.018867055632939694,-0.0963651730746771,0.056198991806087194
qwen3_32b_api,api_actions,fake,ask_unc_pos,0.0,comply_both,48,adding-knowledge,density,-0.23889179842801936,-0.5312862286286845,0.033128502800789605
qwen3_32b_api,api_actions,fake,ask_unc_pos,0.0,comply_both,48,adding-knowledge,density_nontest,-0.19462257189949259,-0.4835481692096012,0.08238365995841077
qwen3_32b_api,api_actions,fake,ask_unc_pos,0.0,comply_both,48,adding-knowledge,density_testlex,-0.044269226528526794,-0.09797761068755753,-0.0005214433941102622
qwen3_32b_api,api_actions,fake,ask_unc_pos,0.0,comply_both,48,example-testing,density,-0.04546579089013427,-0.2050817334161278,0.10952334998634744
qwen3_32b_api,api_actions,fake,ask_unc_pos,0.0,comply_both,48,example-testing,density_nontest,-0.04589716111917954,-0.1989817851546854,0.10380346503872577
qwen3_32b_api,api_actions,fake,ask_unc_pos,0.0,comply_both,48,example-testing,density_testlex,0.0004313702290452669,-0.016361256544502618,0.01765536723163842
qwen3_32b_api,api_actions,fake,ask_unc_pos,0.0,comply_both,48,uncertainty-estimation,density,0.15449985609040034,0.005053523763425273,0.31721927220847906
qwen3_32b_api,api_actions,fake,ask_unc_pos,0.0,comply_both,48,uncertainty-estimation,density_nontest,0.12851706593380993,-0.03400558788206054,0.300260918420311
qwen3_32b_api,api_actions,fake,ask_unc_pos,0.0,comply_both,48,uncertainty-estimation,density_testlex,0.025982790156590413,-0.03504021640467194,0.07995760340008025
qwen3_32b_api,api_actions,fake,ask_unc_pos,0.0,comply_both,48,backtracking,density,0.027523803476700654,-0.06890369652595005,0.12761524297373075
qwen3_32b_api,api_actions,fake,ask_unc_pos,0.0,comply_both,48,backtracking,density_nontest,0.03287941615879148,-0.06291089894187198,0.1326345269785707
qwen3_32b_api,api_actions,fake,ask_unc_pos,0.0,comply_both,48,backtracking,density_testlex,-0.005355612682090831,-0.016066838046272493,0.0
qwen3_32b_api,api_actions,fake,ask_unc_pos,0.0,refuse_both,69,initializing,density,0.0044898401433684865,-0.07312121944987507,0.08752763822938757
qwen3_32b_api,api_actions,fake,ask_unc_pos,0.0,refuse_both,69,initializing,density_nontest,0.00418874495594658,-0.07386693342752124,0.0873884829384159
qwen3_32b_api,api_actions,fake,ask_unc_pos,0.0,refuse_both,69,initializing,density_testlex,0.00030109518742191054,0.0,0.0009032855622657316
qwen3_32b_api,api_actions,fake,ask_unc_pos,0.0,refuse_both,69,deduction,density,0.04662256110785061,-0.24531999969038976,0.35519961175673814
qwen3_32b_api,api_actions,fake,ask_unc_pos,0.0,refuse_both,69,deduction,density_nontest,0.00870421609730238,-0.28791780940021977,0.31335777450730967
qwen3_32b_api,api_actions,fake,ask_unc_pos,0.0,refuse_both,69,deduction,density_testlex,0.03791834501054828,-0.059010651843517135,0.1402867154195446
qwen3_32b_api,api_actions,fake,ask_unc_pos,0.0,refuse_both,69,adding-knowledge,density,-0.045281417547118834,-0.25380306709546013,0.18038324531654745
qwen3_32b_api,api_actions,fake,ask_unc_pos,0.0,refuse_both,69,adding-knowledge,density_nontest,-0.0604987962389298,-0.2751181332319453,0.1668058425752533
qwen3_32b_api,api_actions,fake,ask_unc_pos,0.0,refuse_both,69,adding-knowledge,density_testlex,0.01521737869181097,-0.012352279076414601,0.046828257472505394
qwen3_32b_api,api_actions,fake,ask_unc_pos,0.0,refuse_both,69,example-testing,density,-0.06413667717215468,-0.1221329292519293,-0.01903183663659157
qwen3_32b_api,api_actions,fake,ask_unc_pos,0.0,refuse_both,69,example-testing,density_nontest,-0.054110158052196586,-0.11106115103602372,-0.010873714422178557
qwen3_32b_api,api_actions,fake,ask_unc_pos,0.0,refuse_both,69,example-testing,density_testlex,-0.010026519119958093,-0.025714270123974158,0.0
qwen3_32b_api,api_actions,fake,ask_unc_pos,0.0,refuse_both,69,uncertainty-estimation,density,-0.04689252760877829,-0.23206192548821478,0.1257610867556557
qwen3_32b_api,api_actions,fake,ask_unc_pos,0.0,refuse_both,69,uncertainty-estimation,density_nontest,-0.05479930552888574,-0.23498421926185478,0.10623193048231216
qwen3_32b_api,api_actions,fake,ask_unc_pos,0.0,refuse_both,69,uncertainty-estimation,density_testlex,0.007906777920107437,-0.06084976767839305,0.08028930968168231
qwen3_32b_api,api_actions,fake,ask_unc_pos,0.0,refuse_both,69,backtracking,density,-0.040006361161149875,-0.1092938714507053,0.03287062747248374
qwen3_32b_api,api_actions,fake,ask_unc_pos,0.0,refuse_both,69,backtracking,density_nontest,-0.048789848205506484,-0.11484730036773447,0.02202639300867742
qwen3_32b_api,api_actions,fake,ask_unc_pos,0.0,refuse_both,69,backtracking,density_testlex,0.00878348704435661,0.0,0.02635046113306983
qwen3_32b_api,api_actions,fake,ask_unc_pos,0.0,same,117,initializing,density,-0.03203011462901867,-0.10192038220331488,0.034492327848700356
qwen3_32b_api,api_actions,fake,ask_unc_pos,0.0,same,117,initializing,density_nontest,-0.03220768358570338,-0.10209691336226388,0.03448788862478327
qwen3_32b_api,api_actions,fake,ask_unc_pos,0.0,same,117,initializing,density_testlex,0.00017756895668471646,0.0,0.0005327068700541494
qwen3_32b_api,api_actions,fake,ask_unc_pos,0.0,same,117,deduction,density,0.0008977971695698495,-0.2799805910933801,0.2887522753998182
qwen3_32b_api,api_actions,fake,ask_unc_pos,0.0,same,117,deduction,density_nontest,-0.013723973218008974,-0.3026459103113608,0.26184967922183994
qwen3_32b_api,api_actions,fake,ask_unc_pos,0.0,same,117,deduction,density_testlex,0.01462177038757887,-0.049890152045092014,0.08705076338560415
qwen3_32b_api,api_actions,fake,ask_unc_pos,0.0,same,117,adding-knowledge,density,-0.12471131739569342,-0.3003438960327811,0.04507290294916671
qwen3_32b_api,api_actions,fake,ask_unc_pos,0.0,same,117,adding-knowledge,density_nontest,-0.11552393497146839,-0.2903616495758478,0.052541219439901976
qwen3_32b_api,api_actions,fake,ask_unc_pos,0.0,same,117,adding-knowledge,density_testlex,-0.009187382424225034,-0.037715611063843274,0.017598598566620535
qwen3_32b_api,api_actions,fake,ask_unc_pos,0.0,same,117,example-testing,density,-0.05647682638978733,-0.1335529251962395,0.018595307326037768
qwen3_32b_api,api_actions,fake,ask_unc_pos,0.0,same,117,example-testing,density_nontest,-0.05074072341301009,-0.12258778627100167,0.022625590336878384
qwen3_32b_api,api_actions,fake,ask_unc_pos,0.0,same,117,example-testing,density_testlex,-0.005736102976777228,-0.016640246421651163,0.004672827191716286
qwen3_32b_api,api_actions,fake,ask_unc_pos,0.0,same,117,uncertainty-estimation,density,0.03572998878062833,-0.09221950400404251,0.1608494299518001
qwen3_32b_api,api_actions,fake,ask_unc_pos,0.0,same,117,uncertainty-estimation,density_nontest,0.020407410968630437,-0.10250784684258339,0.13910613131097957
qwen3_32b_api,api_actions,fake,ask_unc_pos,0.0,same,117,uncertainty-estimation,density_testlex,0.015322577811997893,-0.03424352060583217,0.062219040541995466
qwen3_32b_api,api_actions,fake,ask_unc_pos,0.0,same,117,backtracking,density,-0.012301678232800935,-0.07111374680000004,0.04771763813491456
qwen3_32b_api,api_actions,fake,ask_unc_pos,0.0,same,117,backtracking,density_nontest,-0.01528450897912783,-0.07312391080406402,0.041473610203425604
qwen3_32b_api,api_actions,fake,ask_unc_pos,0.0,same,117,backtracking,density_testlex,0.0029828307463268906,-0.004394348867356579,0.01632567185266414
qwen3_32b_api,api_actions,fake,prompt_test,0.0,gained,36,initializing,density,-0.02772060704857969,-0.19472194169732066,0.1395383009299973
qwen3_32b_api,api_actions,fake,prompt_test,0.0,gained,36,initializing,density_nontest,-0.02772060704857969,-0.19472194169732066,0.1395383009299973
qwen3_32b_api,api_actions,fake,prompt_test,0.0,gained,36,initializing,density_testlex,0.0,0.0,0.0
qwen3_32b_api,api_actions,fake,prompt_test,0.0,gained,36,deduction,density,-0.15437595917617722,-0.6777604846028368,0.360855457133651
qwen3_32b_api,api_actions,fake,prompt_test,0.0,gained,36,deduction,density_nontest,-0.12146060400964404,-0.6855265866703656,0.43081571950149183
qwen3_32b_api,api_actions,fake,prompt_test,0.0,gained,36,deduction,density_testlex,-0.03291535516653314,-0.15282751845577958,0.09238010714180357
qwen3_32b_api,api_actions,fake,prompt_test,0.0,gained,36,adding-knowledge,density,-0.19001756543546372,-0.4844099591269413,0.10507321722962276
qwen3_32b_api,api_actions,fake,prompt_test,0.0,gained,36,adding-knowledge,density_nontest,-0.2717033270731985,-0.5437121537336395,0.002603363671475668
qwen3_32b_api,api_actions,fake,prompt_test,0.0,gained,36,adding-knowledge,density_testlex,0.08168576163773474,0.014509049395652675,0.15385760698015424
qwen3_32b_api,api_actions,fake,prompt_test,0.0,gained,36,example-testing,density,0.2804536884536904,0.14073351935721995,0.4207211522932315
qwen3_32b_api,api_actions,fake,prompt_test,0.0,gained,36,example-testing,density_nontest,0.2754631980949402,0.1367291666388322,0.41353366839935285
qwen3_32b_api,api_actions,fake,prompt_test,0.0,gained,36,example-testing,density_testlex,0.004990490358750233,-0.019190236121792135,0.029820983781111376
qwen3_32b_api,api_actions,fake,prompt_test,0.0,gained,36,uncertainty-estimation,density,-0.04780485821291389,-0.2848056668692162,0.19961564676919893
qwen3_32b_api,api_actions,fake,prompt_test,0.0,gained,36,uncertainty-estimation,density_nontest,-0.09169915658150014,-0.3231977623105016,0.1420036698704895
qwen3_32b_api,api_actions,fake,prompt_test,0.0,gained,36,uncertainty-estimation,density_testlex,0.043894298368586285,-0.026701021184410475,0.11517909831199367
qwen3_32b_api,api_actions,fake,prompt_test,0.0,gained,36,backtracking,density,0.011671466525268494,-0.1051303905249802,0.1263125190762577
qwen3_32b_api,api_actions,fake,prompt_test,0.0,gained,36,backtracking,density_nontest,-3.9690196417156866e-05,-0.11364662428883603,0.11148358639746213
qwen3_32b_api,api_actions,fake,prompt_test,0.0,gained,36,backtracking,density_testlex,0.011711156721685656,0.0,0.029370445729833366
qwen3_32b_api,api_actions,fake,prompt_test,0.0,lost,14,initializing,density,0.17599313833197375,-0.013816442999431492,0.34438755281380523
qwen3_32b_api,api_actions,fake,prompt_test,0.0,lost,14,initializing,density_nontest,0.17599313833197375,-0.013816442999431492,0.34438755281380523
qwen3_32b_api,api_actions,fake,prompt_test,0.0,lost,14,initializing,density_testlex,0.0,0.0,0.0
qwen3_32b_api,api_actions,fake,prompt_test,0.0,lost,14,deduction,density,-0.04700934630945798,-0.5572495808352784,0.4469731120270703
qwen3_32b_api,api_actions,fake,prompt_test,0.0,lost,14,deduction,density_nontest,-0.4542309726935601,-1.0716216697224163,0.0991572345988869
qwen3_32b_api,api_actions,fake,prompt_test,0.0,lost,14,deduction,density_testlex,0.40722162638410214,0.17842678410290827,0.6579801916487347
qwen3_32b_api,api_actions,fake,prompt_test,0.0,lost,14,adding-knowledge,density,0.4537481108657135,0.07467270815300439,0.8596430895454182
qwen3_32b_api,api_actions,fake,prompt_test,0.0,lost,14,adding-knowledge,density_nontest,0.47478909689188725,0.08873193456013279,0.8575319375591952
qwen3_32b_api,api_actions,fake,prompt_test,0.0,lost,14,adding-knowledge,density_testlex,-0.021040986026173877,-0.1250877967893529,0.0774226606723039
qwen3_32b_api,api_actions,fake,prompt_test,0.0,lost,14,example-testing,density,-0.3861036399171125,-0.676648925218333,-0.12147027124130351
qwen3_32b_api,api_actions,fake,prompt_test,0.0,lost,14,example-testing,density_nontest,-0.3930066995139737,-0.6558626628747954,-0.15992872826961724
qwen3_32b_api,api_actions,fake,prompt_test,0.0,lost,14,example-testing,density_testlex,0.0069030595968613195,-0.05609573672400898,0.07680491551459293
qwen3_32b_api,api_actions,fake,prompt_test,0.0,lost,14,uncertainty-estimation,density,-0.26824310789494693,-0.6635640681946249,0.1656243383472191
qwen3_32b_api,api_actions,fake,prompt_test,0.0,lost,14,uncertainty-estimation,density_nontest,-0.31458136893834865,-0.6338647441743109,0.04550454048576827
qwen3_32b_api,api_actions,fake,prompt_test,0.0,lost,14,uncertainty-estimation,density_testlex,0.04633826104340177,-0.1074708424002725,0.20664731574439357
qwen3_32b_api,api_actions,fake,prompt_test,0.0,lost,14,backtracking,density,0.009121026018008674,-0.2261034740364307,0.20588059346009674
qwen3_32b_api,api_actions,fake,prompt_test,0.0,lost,14,backtracking,density_nontest,0.009121026018008674,-0.2261034740364307,0.20588059346009674
qwen3_32b_api,api_actions,fake,prompt_test,0.0,lost,14,backtracking,density_testlex,0.0,0.0,0.0
qwen3_32b_api,api_actions,fake,prompt_test,0.0,comply_both,47,initializing,density,-0.1011514292480525,-0.2467827454939224,0.04514356102782463
qwen3_32b_api,api_actions,fake,prompt_test,0.0,comply_both,47,initializing,density_nontest,-0.1011514292480525,-0.2467827454939224,0.04514356102782463
qwen3_32b_api,api_actions,fake,prompt_test,0.0,comply_both,47,initializing,density_testlex,0.0,0.0,0.0
qwen3_32b_api,api_actions,fake,prompt_test,0.0,comply_both,47,deduction,density,0.2033114723802374,-0.2453190753900006,0.6848666628857039
qwen3_32b_api,api_actions,fake,prompt_test,0.0,comply_both,47,deduction,density_nontest,0.13593472933774708,-0.31224083869602276,0.606809486313413
qwen3_32b_api,api_actions,fake,prompt_test,0.0,comply_both,47,deduction,density_testlex,0.06737674304249022,-0.00784183927815948,0.14560837892731196
qwen3_32b_api,api_actions,fake,prompt_test,0.0,comply_both,47,adding-knowledge,density,-0.21989348652849297,-0.557568395129368,0.10178668407649928
qwen3_32b_api,api_actions,fake,prompt_test,0.0,comply_both,47,adding-knowledge,density_nontest,-0.22356317031936854,-0.5640937569229499,0.097703116562785
qwen3_32b_api,api_actions,fake,prompt_test,0.0,comply_both,47,adding-knowledge,density_testlex,0.0036696837908754883,-0.05806857676578234,0.06068125729251356
qwen3_32b_api,api_actions,fake,prompt_test,0.0,comply_both,47,example-testing,density,0.004939267366000806,-0.191502601500459,0.22991755963064134
qwen3_32b_api,api_actions,fake,prompt_test,0.0,comply_both,47,example-testing,density_nontest,-0.002500101775495987,-0.20148943506916656,0.22625170616970788
qwen3_32b_api,api_actions,fake,prompt_test,0.0,comply_both,47,example-testing,density_testlex,0.007439369141496801,0.0,0.022318107424490405
qwen3_32b_api,api_actions,fake,prompt_test,0.0,comply_both,47,uncertainty-estimation,density,0.06640323807770825,-0.09158308531369597,0.23204683979471727
qwen3_32b_api,api_actions,fake,prompt_test,0.0,comply_both,47,uncertainty-estimation,density_nontest,0.052049697020034064,-0.09370993613229278,0.21041425132318878
qwen3_32b_api,api_actions,fake,prompt_test,0.0,comply_both,47,uncertainty-estimation,density_testlex,0.014353541057674167,-0.0700169854777575,0.09261737453451632
qwen3_32b_api,api_actions,fake,prompt_test,0.0,comply_both,47,backtracking,density,0.023769793562386923,-0.07011046673214583,0.11838979404682014
qwen3_32b_api,api_actions,fake,prompt_test,0.0,comply_both,47,backtracking,density_nontest,0.01942930683408435,-0.07056973833112638,0.10784699661577246
qwen3_32b_api,api_actions,fake,prompt_test,0.0,comply_both,47,backtracking,density_testlex,0.004340486728302585,-0.013282073504883602,0.02630353368979136
qwen3_32b_api,api_actions,fake,prompt_test,0.0,refuse_both,51,initializing,density,0.0128814350742094,-0.08820302503103337,0.12524585410435937
qwen3_32b_api,api_actions,fake,prompt_test,0.0,refuse_both,51,initializing,density_nontest,0.00901007948294873,-0.09178260135496392,0.11928809575023301
qwen3_32b_api,api_actions,fake,prompt_test,0.0,refuse_both,51,initializing,density_testlex,0.0038713555912606723,-0.00034193513917828893,0.011956001912960305
qwen3_32b_api,api_actions,fake,prompt_test,0.0,refuse_both,51,deduction,density,-0.25417013003274447,-0.6175629012401901,0.12289968289215325
qwen3_32b_api,api_actions,fake,prompt_test,0.0,refuse_both,51,deduction,density_nontest,-0.464001810011689,-0.8726341362330926,-0.0626879381529632
qwen3_32b_api,api_actions,fake,prompt_test,0.0,refuse_both,51,deduction,density_testlex,0.20983167997894436,0.07563534021077943,0.354555151749767
qwen3_32b_api,api_actions,fake,prompt_test,0.0,refuse_both,51,adding-knowledge,density,-0.11637104751535655,-0.3568648453458892,0.12881208200938274
qwen3_32b_api,api_actions,fake,prompt_test,0.0,refuse_both,51,adding-knowledge,density_nontest,-0.17268138921751766,-0.4075246451859466,0.06547138739702996
qwen3_32b_api,api_actions,fake,prompt_test,0.0,refuse_both,51,adding-knowledge,density_testlex,0.0563103417021611,0.009930992673881029,0.111150397254565
qwen3_32b_api,api_actions,fake,prompt_test,0.0,refuse_both,51,example-testing,density,-0.02101736755659064,-0.08199432620552387,0.033722345391326194
qwen3_32b_api,api_actions,fake,prompt_test,0.0,refuse_both,51,example-testing,density_nontest,-0.04055846729575389,-0.09204383895665223,-0.005733287467033597
qwen3_32b_api,api_actions,fake,prompt_test,0.0,refuse_both,51,example-testing,density_testlex,0.01954109973916325,-0.012071788134432788,0.05856015651874785
qwen3_32b_api,api_actions,fake,prompt_test,0.0,refuse_both,51,uncertainty-estimation,density,0.10803340592804016,-0.14150099388315754,0.3675066051218457
qwen3_32b_api,api_actions,fake,prompt_test,0.0,refuse_both,51,uncertainty-estimation,density_nontest,0.06365720060223255,-0.15373929783901888,0.30693745492251595
qwen3_32b_api,api_actions,fake,prompt_test,0.0,refuse_both,51,uncertainty-estimation,density_testlex,0.04437620532580762,-0.04022074903444902,0.1292094798142814
qwen3_32b_api,api_actions,fake,prompt_test,0.0,refuse_both,51,backtracking,density,-0.0057921127691962495,-0.07550235186201681,0.06509861506770395
qwen3_32b_api,api_actions,fake,prompt_test,0.0,refuse_both,51,backtracking,density_nontest,-0.012461447169623087,-0.08281635852389033,0.06043328546018748
qwen3_32b_api,api_actions,fake,prompt_test,0.0,refuse_both,51,backtracking,density_testlex,0.006669334400426837,0.0,0.020008003201280513
qwen3_32b_api,api_actions,fake,prompt_test,0.0,same,98,initializing,density,-0.041807795774222334,-0.13422872074693287,0.04537236909837679
qwen3_32b_api,api_actions,fake,prompt_test,0.0,same,98,initializing,density_nontest,-0.04382248082681715,-0.1371229918001119,0.044280090361940215
qwen3_32b_api,api_actions,fake,prompt_test,0.0,same,98,initializing,density_testlex,0.0020146850525948395,-0.00017794583773564015,0.0062220009955201595
qwen3_32b_api,api_actions,fake,prompt_test,0.0,same,98,deduction,density,-0.03476568805917154,-0.33580277416297133,0.2761480904099858
qwen3_32b_api,api_actions,fake,prompt_test,0.0,same,98,deduction,density_nontest,-0.17627714318083698,-0.4906733808878477,0.14044839167512974
qwen3_32b_api,api_actions,fake,prompt_test,0.0,same,98,deduction,density_testlex,0.14151145512166538,0.06551586417165287,0.22800448041011895
qwen3_32b_api,api_actions,fake,prompt_test,0.0,same,98,adding-knowledge,density,-0.16601956418492203,-0.3642125899494182,0.03567250326116134
qwen3_32b_api,api_actions,fake,prompt_test,0.0,same,98,adding-knowledge,density_nontest,-0.19708387607248692,-0.40189063081664433,-0.0070536110991217945
qwen3_32b_api,api_actions,fake,prompt_test,0.0,same,98,adding-knowledge,density_testlex,0.03106431188756494,-0.005404899098831662,0.06885274581643352
qwen3_32b_api,api_actions,fake,prompt_test,0.0,same,98,example-testing,density,-0.00856877733861311,-0.1066903216019118,0.09401802770900361
qwen3_32b_api,api_actions,fake,prompt_test,0.0,same,98,example-testing,density_nontest,-0.022305985872773056,-0.11884202760827478,0.08158002516627444
qwen3_32b_api,api_actions,fake,prompt_test,0.0,same,98,example-testing,density_testlex,0.013737208534159955,-0.004180141972476267,0.035949666228977765
qwen3_32b_api,api_actions,fake,prompt_test,0.0,same,98,uncertainty-estimation,density,0.08806791726512588,-0.06338444453929422,0.2432595146842771
qwen3_32b_api,api_actions,fake,prompt_test,0.0,same,98,uncertainty-estimation,density_nontest,0.05809033663934145,-0.06944636573728266,0.1984551151658048
qwen3_32b_api,api_actions,fake,prompt_test,0.0,same,98,uncertainty-estimation,density_testlex,0.02997758062578444,-0.02941050549256213,0.08805120297045149
qwen3_32b_api,api_actions,fake,prompt_test,0.0,same,98,backtracking,density,0.008385536185746702,-0.053251659147773515,0.06669269913852124
qwen3_32b_api,api_actions,fake,prompt_test,0.0,same,98,backtracking,density_nontest,0.0028330981178692496,-0.057751712840505336,0.05915662406385256
qwen3_32b_api,api_actions,fake,prompt_test,0.0,same,98,backtracking,density_testlex,0.005552438067877451,-0.004496565629948414,0.017838487502510103
qwen3_32b_api,api_actions,real,ask_bt_neg,0.0,gained,17,initializing,density,-0.15690974699769564,-0.35096675508732084,0.006059547771657718
qwen3_32b_api,api_actions,real,ask_bt_neg,0.0,gained,17,initializing,density_nontest,-0.15690974699769564,-0.35096675508732084,0.006059547771657718
qwen3_32b_api,api_actions,real,ask_bt_neg,0.0,gained,17,initializing,density_testlex,0.0,0.0,0.0
qwen3_32b_api,api_actions,real,ask_bt_neg,0.0,gained,17,deduction,density,0.8090581045460901,0.3082221530385723,1.3203151537009241
qwen3_32b_api,api_actions,real,ask_bt_neg,0.0,gained,17,deduction,density_nontest,1.0208745817123923,0.48359079437561486,1.5772350902652807
qwen3_32b_api,api_actions,real,ask_bt_neg,0.0,gained,17,deduction,density_testlex,-0.21181647716630217,-0.31629722845845515,-0.11598730004508923
qwen3_32b_api,api_actions,real,ask_bt_neg,0.0,gained,17,adding-knowledge,density,-0.46049376269846526,-0.8175141217289288,-0.15833042785127363
qwen3_32b_api,api_actions,real,ask_bt_neg,0.0,gained,17,adding-knowledge,density_nontest,-0.420919732835613,-0.7904936177238346,-0.1019594537568817
qwen3_32b_api,api_actions,real,ask_bt_neg,0.0,gained,17,adding-knowledge,density_testlex,-0.039574029862852134,-0.11939523037370779,0.026028110359187923
qwen3_32b_api,api_actions,real,ask_bt_neg,0.0,gained,17,example-testing,density,0.21725614145442515,0.09560327743686826,0.351465185008462
qwen3_32b_api,api_actions,real,ask_bt_neg,0.0,gained,17,example-testing,density_nontest,0.20424208627483117,0.09434635246993386,0.3248345423311614
qwen3_32b_api,api_actions,real,ask_bt_neg,0.0,gained,17,example-testing,density_testlex,0.013014055179593961,0.0,0.039042165538781884
qwen3_32b_api,api_actions,real,ask_bt_neg,0.0,gained,17,uncertainty-estimation,density,0.2143466214548488,-0.02392088759207957,0.4776302602272789
qwen3_32b_api,api_actions,real,ask_bt_neg,0.0,gained,17,uncertainty-estimation,density_nontest,0.15082889353608336,-0.11262764743676253,0.4135119120923532
qwen3_32b_api,api_actions,real,ask_bt_neg,0.0,gained,17,uncertainty-estimation,density_testlex,0.06351772791876542,-0.03595370686721649,0.1598548632125186
qwen3_32b_api,api_actions,real,ask_bt_neg,0.0,gained,17,backtracking,density,0.05369362480056962,-0.0857241575511394,0.1768658602713478
qwen3_32b_api,api_actions,real,ask_bt_neg,0.0,gained,17,backtracking,density_nontest,0.05369362480056962,-0.0857241575511394,0.1768658602713478
qwen3_32b_api,api_actions,real,ask_bt_neg,0.0,gained,17,backtracking,density_testlex,0.0,0.0,0.0
qwen3_32b_api,api_actions,real,ask_bt_neg,0.0,lost,15,initializing,density,0.00996860415916961,-0.1888910125596084,0.15498729469889827
qwen3_32b_api,api_actions,real,ask_bt_neg,0.0,lost,15,initializing,density_nontest,0.00996860415916961,-0.1888910125596084,0.15498729469889827
qwen3_32b_api,api_actions,real,ask_bt_neg,0.0,lost,15,initializing,density_testlex,0.0,0.0,0.0
qwen3_32b_api,api_actions,real,ask_bt_neg,0.0,lost,15,deduction,density,-0.3217074197272953,-0.9746904781513556,0.3552432205190576
qwen3_32b_api,api_actions,real,ask_bt_neg,0.0,lost,15,deduction,density_nontest,-0.37959375422007136,-1.0216449215023913,0.3117355680454753
qwen3_32b_api,api_actions,real,ask_bt_neg,0.0,lost,15,deduction,density_testlex,0.0578863344927761,-0.10640915145894687,0.2200313241231517
qwen3_32b_api,api_actions,real,ask_bt_neg,0.0,lost,15,adding-knowledge,density,0.17511031564770704,-0.34293295034695803,0.7065499224533455
qwen3_32b_api,api_actions,real,ask_bt_neg,0.0,lost,15,adding-knowledge,density_nontest,0.1561709217083131,-0.3509245128895522,0.6835491639316178
qwen3_32b_api,api_actions,real,ask_bt_neg,0.0,lost,15,adding-knowledge,density_testlex,0.01893939393939394,0.0,0.056818181818181816
qwen3_32b_api,api_actions,real,ask_bt_neg,0.0,lost,15,example-testing,density,-0.17820003542944676,-0.34244708665127915,-0.01510606104907917
qwen3_32b_api,api_actions,real,ask_bt_neg,0.0,lost,15,example-testing,density_nontest,-0.17820003542944676,-0.34244708665127915,-0.01510606104907917
qwen3_32b_api,api_actions,real,ask_bt_neg,0.0,lost,15,example-testing,density_testlex,0.0,0.0,0.0
qwen3_32b_api,api_actions,real,ask_bt_neg,0.0,lost,15,uncertainty-estimation,density,-0.22941288963187784,-0.6471530622189414,0.20245726482831286
qwen3_32b_api,api_actions,real,ask_bt_neg,0.0,lost,15,uncertainty-estimation,density_nontest,-0.3355239626907772,-0.7372270411082266,0.0695296348586618
qwen3_32b_api,api_actions,real,ask_bt_neg,0.0,lost,15,uncertainty-estimation,density_testlex,0.10611107305889943,-0.03460399386767972,0.24131680481312287
qwen3_32b_api,api_actions,real,ask_bt_neg,0.0,lost,15,backtracking,density,0.06498328230303631,-0.0710404215406324,0.21355013261215006
qwen3_32b_api,api_actions,real,ask_bt_neg,0.0,lost,15,backtracking,density_nontest,0.05331133816319452,-0.07202576260316178,0.1833871638617005
qwen3_32b_api,api_actions,real,ask_bt_neg,0.0,lost,15,backtracking,density_testlex,0.011671944139841788,-0.07037523041834598,0.08818543244801556
qwen3_32b_api,api_actions,real,ask_bt_neg,0.0,comply_both,21,initializing,density,0.1613718830370299,0.05565983136018761,0.285918135835375
qwen3_32b_api,api_actions,real,ask_bt_neg,0.0,comply_both,21,initializing,density_nontest,0.1613718830370299,0.05565983136018761,0.285918135835375
qwen3_32b_api,api_actions,real,ask_bt_neg,0.0,comply_both,21,initializing,density_testlex,0.0,0.0,0.0
qwen3_32b_api,api_actions,real,ask_bt_neg,0.0,comply_both,21,deduction,density,0.005877521391651859,-0.6441864394546871,0.6990223241405035
qwen3_32b_api,api_actions,real,ask_bt_neg,0.0,comply_both,21,deduction,density_nontest,0.08419980544720371,-0.6118761484820293,0.8199032600292393
qwen3_32b_api,api_actions,real,ask_bt_neg,0.0,comply_both,21,deduction,density_testlex,-0.07832228405555178,-0.20034427953638403,0.05288314767771639
qwen3_32b_api,api_actions,real,ask_bt_neg,0.0,comply_both,21,adding-knowledge,density,0.09606422331398684,-0.431381418540834,0.6236677750965929
qwen3_32b_api,api_actions,real,ask_bt_neg,0.0,comply_both,21,adding-knowledge,density_nontest,0.09031576544169888,-0.4394526786706941,0.6206431176646106
qwen3_32b_api,api_actions,real,ask_bt_neg,0.0,comply_both,21,adding-knowledge,density_testlex,0.005748457872287967,-0.030854674483184203,0.0481000481000481
qwen3_32b_api,api_actions,real,ask_bt_neg,0.0,comply_both,21,example-testing,density,0.1398409115711095,-0.0829605207540813,0.3560008500653615
qwen3_32b_api,api_actions,real,ask_bt_neg,0.0,comply_both,21,example-testing,density_nontest,0.1398409115711095,-0.0829605207540813,0.3560008500653615
qwen3_32b_api,api_actions,real,ask_bt_neg,0.0,comply_both,21,example-testing,density_testlex,0.0,0.0,0.0
qwen3_32b_api,api_actions,real,ask_bt_neg,0.0,comply_both,21,uncertainty-estimation,density,-0.0076446839746057834,-0.1934923566792978,0.1721709731055731
qwen3_32b_api,api_actions,real,ask_bt_neg,0.0,comply_both,21,uncertainty-estimation,density_nontest,-0.02731120950690355,-0.23128773998903213,0.17899776416094307
qwen3_32b_api,api_actions,real,ask_bt_neg,0.0,comply_both,21,uncertainty-estimation,density_testlex,0.019666525532297762,-0.09424786392206246,0.13644781600437017
qwen3_32b_api,api_actions,real,ask_bt_neg,0.0,comply_both,21,backtracking,density,-0.023170293906077204,-0.17595629913437638,0.13506531780037367
qwen3_32b_api,api_actions,real,ask_bt_neg,0.0,comply_both,21,backtracking,density_nontest,-0.023170293906077204,-0.17595629913437638,0.13506531780037367
qwen3_32b_api,api_actions,real,ask_bt_neg,0.0,comply_both,21,backtracking,density_testlex,0.0,0.0,0.0
qwen3_32b_api,api_actions,real,ask_bt_neg,0.0,refuse_both,95,initializing,density,-0.06607553412573944,-0.15378389324373384,0.02584559815153592
qwen3_32b_api,api_actions,real,ask_bt_neg,0.0,refuse_both,95,initializing,density_nontest,-0.06181386781421165,-0.149865046416874,0.029388953637711462
qwen3_32b_api,api_actions,real,ask_bt_neg,0.0,refuse_both,95,initializing,density_testlex,-0.004261666311527807,-0.012784998934583422,0.0
qwen3_32b_api,api_actions,real,ask_bt_neg,0.0,refuse_both,95,deduction,density,0.060327565214544326,-0.19365560959062778,0.31310899778720885
qwen3_32b_api,api_actions,real,ask_bt_neg,0.0,refuse_both,95,deduction,density_nontest,0.0754493024442103,-0.18336323934199092,0.3228006306888346
qwen3_32b_api,api_actions,real,ask_bt_neg,0.0,refuse_both,95,deduction,density_testlex,-0.01512173722966592,-0.08434768256924631,0.05210337259245197
qwen3_32b_api,api_actions,real,ask_bt_neg,0.0,refuse_both,95,adding-knowledge,density,-0.018422503655313765,-0.16904167643962456,0.13589824725102098
qwen3_32b_api,api_actions,real,ask_bt_neg,0.0,refuse_both,95,adding-knowledge,density_nontest,-0.019417259288921213,-0.16852297157770718,0.13675199760154175
qwen3_32b_api,api_actions,real,ask_bt_neg,0.0,refuse_both,95,adding-knowledge,density_testlex,0.000994755633607457,-0.014279167949319516,0.014363432610910984
qwen3_32b_api,api_actions,real,ask_bt_neg,0.0,refuse_both,95,example-testing,density,0.014028618267856596,-0.02505341083845535,0.053376569062848836
qwen3_32b_api,api_actions,real,ask_bt_neg,0.0,refuse_both,95,example-testing,density_nontest,0.027026953253840122,-0.008166866421654423,0.06266766982840108
qwen3_32b_api,api_actions,real,ask_bt_neg,0.0,refuse_both,95,example-testing,density_testlex,-0.012998334985983528,-0.030130086478005132,0.0
qwen3_32b_api,api_actions,real,ask_bt_neg,0.0,refuse_both,95,uncertainty-estimation,density,0.1471586496654561,0.008334447450418551,0.2938788598854947
qwen3_32b_api,api_actions,real,ask_bt_neg,0.0,refuse_both,95,uncertainty-estimation,density_nontest,0.10561830712465836,-0.023212429353989514,0.23983924200683446
qwen3_32b_api,api_actions,real,ask_bt_neg,0.0,refuse_both,95,uncertainty-estimation,density_testlex,0.04154034254079772,-0.02099307136566627,0.1026532653792743
qwen3_32b_api,api_actions,real,ask_bt_neg,0.0,refuse_both,95,backtracking,density,0.04339556776015908,-0.022736043079860994,0.11644526066984409
qwen3_32b_api,api_actions,real,ask_bt_neg,0.0,refuse_both,95,backtracking,density_nontest,0.039765803694823326,-0.027114180915884693,0.1123263802202158
qwen3_32b_api,api_actions,real,ask_bt_neg,0.0,refuse_both,95,backtracking,density_testlex,0.0036297640653357535,0.0,0.01088929219600726
qwen3_32b_api,api_actions,real,ask_bt_neg,0.0,same,116,initializing,density,-0.024899708604893264,-0.10235832431997699,0.05252040260069212
qwen3_32b_api,api_actions,real,ask_bt_neg,0.0,same,116,initializing,density_nontest,-0.021409550849762732,-0.10011491712769104,0.054649867361356304
qwen3_32b_api,api_actions,real,ask_bt_neg,0.0,same,116,initializing,density_testlex,-0.0034901577551305317,-0.010470473265391595,0.0
qwen3_32b_api,api_actions,real,ask_bt_neg,0.0,same,116,deduction,density,0.05047022969488276,-0.177606782068662,0.2831067480724087
qwen3_32b_api,api_actions,real,ask_bt_neg,0.0,same,116,deduction,density_nontest,0.07703344522923498,-0.14658045325170044,0.3056537052944543
qwen3_32b_api,api_actions,real,ask_bt_neg,0.0,same,116,deduction,density_testlex,-0.026563215534352144,-0.08984733072393895,0.0361697472694327
qwen3_32b_api,api_actions,real,ask_bt_neg,0.0,same,116,adding-knowledge,density,0.002303541744300984,-0.14901828554976496,0.157479544680233
qwen3_32b_api,api_actions,real,ask_bt_neg,0.0,same,116,adding-knowledge,density_nontest,0.0004482020847255054,-0.15058043504391933,0.15472881393494883
qwen3_32b_api,api_actions,real,ask_bt_neg,0.0,same,116,adding-knowledge,density_testlex,0.0018553396595754807,-0.012008150730237036,0.014322970118977913
qwen3_32b_api,api_actions,real,ask_bt_neg,0.0,same,116,example-testing,density,0.03680498171068687,-0.012146216006362285,0.08932695142016513
qwen3_32b_api,api_actions,real,ask_bt_neg,0.0,same,116,example-testing,density_nontest,0.04745016984575959,-0.001336281925550074,0.09755898282622907
qwen3_32b_api,api_actions,real,ask_bt_neg,0.0,same,116,example-testing,density_testlex,-0.010645188135072717,-0.024503935392138486,0.0
qwen3_32b_api,api_actions,real,ask_bt_neg,0.0,same,116,uncertainty-estimation,density,0.1191339082306173,-0.0010406581980697402,0.23809859084075466
qwen3_32b_api,api_actions,real,ask_bt_neg,0.0,same,116,uncertainty-estimation,density_nontest,0.0815534808379101,-0.030953207346108055,0.19411466322728513
qwen3_32b_api,api_actions,real,ask_bt_neg,0.0,same,116,uncertainty-estimation,density_testlex,0.0375804273927072,-0.015174487067119932,0.08866050005289226
qwen3_32b_api,api_actions,real,ask_bt_neg,0.0,same,116,backtracking,density,0.03134485142403009,-0.03157788804866452,0.09604583925054377
qwen3_32b_api,api_actions,real,ask_bt_neg,0.0,same,116,backtracking,density_nontest,0.028372199818798224,-0.035311508936643976,0.09412671227687663
qwen3_32b_api,api_actions,real,ask_bt_neg,0.0,same,116,backtracking,density_testlex,0.002972651605231867,0.0,0.008917954815695602
qwen3_32b_api,api_actions,real,ask_bt_pos,0.0,gained,11,initializing,density,-0.22715706240361325,-0.4141855797460693,-0.06732022438522196
qwen3_32b_api,api_actions,real,ask_bt_pos,0.0,gained,11,initializing,density_nontest,-0.22715706240361325,-0.4141855797460693,-0.06732022438522196
qwen3_32b_api,api_actions,real,ask_bt_pos,0.0,gained,11,initializing,density_testlex,0.0,0.0,0.0
qwen3_32b_api,api_actions,real,ask_bt_pos,0.0,gained,11,deduction,density,0.2623845894567202,-0.3992531746704769,0.938195111046553
qwen3_32b_api,api_actions,real,ask_bt_pos,0.0,gained,11,deduction,density_nontest,0.456249879987042,-0.2296936929461205,1.1619011091124052
qwen3_32b_api,api_actions,real,ask_bt_pos,0.0,gained,11,deduction,density_testlex,-0.19386529053032178,-0.31327018720846794,-0.06816821720522756
qwen3_32b_api,api_actions,real,ask_bt_pos,0.0,gained,11,adding-knowledge,density,-0.8446607592186588,-1.3059365938454894,-0.345795312444313
qwen3_32b_api,api_actions,real,ask_bt_pos,0.0,gained,11,adding-knowledge,density_nontest,-0.808728312219018,-1.2105929202047854,-0.32624490443263215
qwen3_32b_api,api_actions,real,ask_bt_pos,0.0,gained,11,adding-knowledge,density_testlex,-0.035932446999640676,-0.10779734099892203,0.0
qwen3_32b_api,api_actions,real,ask_bt_pos,0.0,gained,11,example-testing,density,0.2429765160853989,0.10643400587587136,0.39425743706928185
qwen3_32b_api,api_actions,real,ask_bt_pos,0.0,gained,11,example-testing,density_nontest,0.2429765160853989,0.10643400587587136,0.39425743706928185
qwen3_32b_api,api_actions,real,ask_bt_pos,0.0,gained,11,example-testing,density_testlex,0.0,0.0,0.0
qwen3_32b_api,api_actions,real,ask_bt_pos,0.0,gained,11,uncertainty-estimation,density,0.4704792297512556,-0.015257865933454275,0.9936090111052803
qwen3_32b_api,api_actions,real,ask_bt_pos,0.0,gained,11,uncertainty-estimation,density_nontest,0.4706755393397451,0.029867140184906226,0.9480587730617919
qwen3_32b_api,api_actions,real,ask_bt_pos,0.0,gained,11,uncertainty-estimation,density_testlex,-0.00019630958848955565,-0.09406034719742555,0.09670812479567896
qwen3_32b_api,api_actions,real,ask_bt_pos,0.0,gained,11,backtracking,density,-0.10716427347665852,-0.4015927509562515,0.16846547368505593
qwen3_32b_api,api_actions,real,ask_bt_pos,0.0,gained,11,backtracking,density_nontest,-0.10716427347665852,-0.4015927509562515,0.16846547368505593
qwen3_32b_api,api_actions,real,ask_bt_pos,0.0,gained,11,backtracking,density_testlex,0.0,0.0,0.0
qwen3_32b_api,api_actions,real,ask_bt_pos,0.0,lost,15,initializing,density,0.29391261569994237,0.150697911023973,0.4388902815977649
qwen3_32b_api,api_actions,real,ask_bt_pos,0.0,lost,15,initializing,density_nontest,0.29391261569994237,0.150697911023973,0.4388902815977649
qwen3_32b_api,api_actions,real,ask_bt_pos,0.0,lost,15,initializing,density_testlex,0.0,0.0,0.0
qwen3_32b_api,api_actions,real,ask_bt_pos,0.0,lost,15,deduction,density,-0.4926453650974763,-1.1526135610629593,0.15210446053603835
qwen3_32b_api,api_actions,real,ask_bt_pos,0.0,lost,15,deduction,density_nontest,-0.4010570490276425,-1.0921465883453525,0.26462311448210907
qwen3_32b_api,api_actions,real,ask_bt_pos,0.0,lost,15,deduction,density_testlex,-0.09158831606983395,-0.2018540315904649,0.02885886634973785
qwen3_32b_api,api_actions,real,ask_bt_pos,0.0,lost,15,adding-knowledge,density,0.33647881991296014,-0.024813795616553377,0.6923827246662135
qwen3_32b_api,api_actions,real,ask_bt_pos,0.0,lost,15,adding-knowledge,density_nontest,0.3508776680051128,-0.006949641378979412,0.7067815727583662
qwen3_32b_api,api_actions,real,ask_bt_pos,0.0,lost,15,adding-knowledge,density_testlex,-0.014398848092152628,-0.04319654427645789,0.0
qwen3_32b_api,api_actions,real,ask_bt_pos,0.0,lost,15,example-testing,density,-0.15065494200288165,-0.3085812742729695,-0.01681381304900331
qwen3_32b_api,api_actions,real,ask_bt_pos,0.0,lost,15,example-testing,density_nontest,-0.15065494200288165,-0.3085812742729695,-0.01681381304900331
qwen3_32b_api,api_actions,real,ask_bt_pos,0.0,lost,15,example-testing,density_testlex,0.0,0.0,0.0
qwen3_32b_api,api_actions,real,ask_bt_pos,0.0,lost,15,uncertainty-estimation,density,-0.354384268430062,-0.6915462900155518,-0.0107453427573504
qwen3_32b_api,api_actions,real,ask_bt_pos,0.0,lost,15,uncertainty-estimation,density_nontest,-0.3441553116301796,-0.6455649272859619,-0.05178782923388344
qwen3_32b_api,api_actions,real,ask_bt_pos,0.0,lost,15,uncertainty-estimation,density_testlex,-0.01022895679988232,-0.10653092035478855,0.08604806136373917
qwen3_32b_api,api_actions,real,ask_bt_pos,0.0,lost,15,backtracking,density,0.028292019968834164,-0.102126561758055,0.1609837122138945
qwen3_32b_api,api_actions,real,ask_bt_pos,0.0,lost,15,backtracking,density_nontest,0.05766059559291639,-0.06271992070717947,0.17982777539469957
qwen3_32b_api,api_actions,real,ask_bt_pos,0.0,lost,15,backtracking,density_testlex,-0.02936857562408223,-0.0881057268722467,0.0
qwen3_32b_api,api_actions,real,ask_bt_pos,0.0,comply_both,21,initializing,density,0.013396502519596173,-0.19766974111852872,0.2181003677769395
qwen3_32b_api,api_actions,real,ask_bt_pos,0.0,comply_both,21,initializing,density_nontest,0.013396502519596173,-0.19766974111852872,0.2181003677769395
qwen3_32b_api,api_actions,real,ask_bt_pos,0.0,comply_both,21,initializing,density_testlex,0.0,0.0,0.0
qwen3_32b_api,api_actions,real,ask_bt_pos,0.0,comply_both,21,deduction,density,0.12349149156789803,-0.46638014766727826,0.7611830565168931
qwen3_32b_api,api_actions,real,ask_bt_pos,0.0,comply_both,21,deduction,density_nontest,0.09864021650547099,-0.4462571573445222,0.7021024318770823
qwen3_32b_api,api_actions,real,ask_bt_pos,0.0,comply_both,21,deduction,density_testlex,0.024851275062427108,-0.09136927679308379,0.1469058571705287
qwen3_32b_api,api_actions,real,ask_bt_pos,0.0,comply_both,21,adding-knowledge,density,0.09046930908802428,-0.1891294635873472,0.38364052608375393
qwen3_32b_api,api_actions,real,ask_bt_pos,0.0,comply_both,21,adding-knowledge,density_nontest,0.08211509020748961,-0.19200490481497173,0.3728129002387459
qwen3_32b_api,api_actions,real,ask_bt_pos,0.0,comply_both,21,adding-knowledge,density_testlex,0.00835421888053467,0.0,0.02506265664160401
qwen3_32b_api,api_actions,real,ask_bt_pos,0.0,comply_both,21,example-testing,density,-0.009764920588575463,-0.15759122536646206,0.12975518051178328
qwen3_32b_api,api_actions,real,ask_bt_pos,0.0,comply_both,21,example-testing,density_nontest,-0.009764920588575463,-0.15759122536646206,0.12975518051178328
qwen3_32b_api,api_actions,real,ask_bt_pos,0.0,comply_both,21,example-testing,density_testlex,0.0,0.0,0.0
qwen3_32b_api,api_actions,real,ask_bt_pos,0.0,comply_both,21,uncertainty-estimation,density,0.09428529963721648,-0.09399009760453664,0.2728316810661476
qwen3_32b_api,api_actions,real,ask_bt_pos,0.0,comply_both,21,uncertainty-estimation,density_nontest,0.16265009783598267,-0.06656319164715391,0.3656928024522553
qwen3_32b_api,api_actions,real,ask_bt_pos,0.0,comply_both,21,uncertainty-estimation,density_testlex,-0.06836479819876624,-0.15591228587587488,0.017655526451612627
qwen3_32b_api,api_actions,real,ask_bt_pos,0.0,comply_both,21,backtracking,density,-0.03796861013246543,-0.1524117551309785,0.07441645273556313
qwen3_32b_api,api_actions,real,ask_bt_pos,0.0,comply_both,21,backtracking,density_nontest,-0.06381726677392177,-0.17494377421863033,0.04274933946443247
qwen3_32b_api,api_actions,real,ask_bt_pos,0.0,comply_both,21,backtracking,density_testlex,0.02584865664145634,0.0,0.06477946922221148
qwen3_32b_api,api_actions,real,ask_bt_pos,0.0,refuse_both,102,initializing,density,-0.012703174770766502,-0.09676625243507789,0.07494959143811501
qwen3_32b_api,api_actions,real,ask_bt_pos,0.0,refuse_both,102,initializing,density_nontest,-0.014290490611728567,-0.09991393423204013,0.07663165674951976
qwen3_32b_api,api_actions,real,ask_bt_pos,0.0,refuse_both,102,initializing,density_testlex,0.0015873158409620634,-0.010999223142839427,0.01463271875914545
qwen3_32b_api,api_actions,real,ask_bt_pos,0.0,refuse_both,102,deduction,density,-0.11257736490811848,-0.3378391997383945,0.11687053148571895
qwen3_32b_api,api_actions,real,ask_bt_pos,0.0,refuse_both,102,deduction,density_nontest,-0.12548998335323294,-0.3653853255675289,0.11375737770606453
qwen3_32b_api,api_actions,real,ask_bt_pos,0.0,refuse_both,102,deduction,density_testlex,0.012912618445114453,-0.05659959598176975,0.07805648258407821
qwen3_32b_api,api_actions,real,ask_bt_pos,0.0,refuse_both,102,adding-knowledge,density,0.058453423798537685,-0.09280134395267335,0.1990611673450287
qwen3_32b_api,api_actions,real,ask_bt_pos,0.0,refuse_both,102,adding-knowledge,density_nontest,0.06093669318008539,-0.09040899869238878,0.2022495943514595
qwen3_32b_api,api_actions,real,ask_bt_pos,0.0,refuse_both,102,adding-knowledge,density_testlex,-0.0024832693815477337,-0.019895004460339923,0.015486971617195583
qwen3_32b_api,api_actions,real,ask_bt_pos,0.0,refuse_both,102,example-testing,density,-0.005559723022472489,-0.03858923117299607,0.029218097620088767
qwen3_32b_api,api_actions,real,ask_bt_pos,0.0,refuse_both,102,example-testing,density_nontest,0.006546569366433737,-0.024543649562374533,0.03840763449041886
qwen3_32b_api,api_actions,real,ask_bt_pos,0.0,refuse_both,102,example-testing,density_testlex,-0.012106292388906226,-0.027676868017610136,0.0
qwen3_32b_api,api_actions,real,ask_bt_pos,0.0,refuse_both,102,uncertainty-estimation,density,0.10577149394719429,-0.017436034419091206,0.2316948543846437
qwen3_32b_api,api_actions,real,ask_bt_pos,0.0,refuse_both,102,uncertainty-estimation,density_nontest,0.06534580263525128,-0.05199973414927791,0.1807184957947771
qwen3_32b_api,api_actions,real,ask_bt_pos,0.0,refuse_both,102,uncertainty-estimation,density_testlex,0.040425691311943006,-0.014198624039687009,0.09484079715888058
qwen3_32b_api,api_actions,real,ask_bt_pos,0.0,refuse_both,102,backtracking,density,-0.01882704533554694,-0.0756690535400348,0.03642056967322683
qwen3_32b_api,api_actions,real,ask_bt_pos,0.0,refuse_both,102,backtracking,density_nontest,-0.0222791303949228,-0.07907665875978127,0.03258841186775612
qwen3_32b_api,api_actions,real,ask_bt_pos,0.0,refuse_both,102,backtracking,density_testlex,0.003452085059375863,0.0,0.010356255178127589
qwen3_32b_api,api_actions,real,ask_bt_pos,0.0,same,123,initializing,density,-0.008247132306558252,-0.08593469371650989,0.07076300818318713
qwen3_32b_api,api_actions,real,ask_bt_pos,0.0,same,123,initializing,density_nontest,-0.009563443003941427,-0.08928558595175967,0.07218705634265288
qwen3_32b_api,api_actions,real,ask_bt_pos,0.0,same,123,initializing,density_testlex,0.0013163106973831747,-0.008748542631388384,0.012697474723537907
qwen3_32b_api,api_actions,real,ask_bt_pos,0.0,same,123,deduction,density,-0.07227292599757906,-0.2889798383151921,0.14484659919410442
qwen3_32b_api,api_actions,real,ask_bt_pos,0.0,same,123,deduction,density_nontest,-0.08722385167003956,-0.31694888407207356,0.1375388665444363
qwen3_32b_api,api_actions,real,ask_bt_pos,0.0,same,123,deduction,density_testlex,0.014950925672460511,-0.044764368891215975,0.07811872381178588
qwen3_32b_api,api_actions,real,ask_bt_pos,0.0,same,123,adding-knowledge,density,0.06391955055527933,-0.06905747419462267,0.19588881645277456
qwen3_32b_api,api_actions,real,ask_bt_pos,0.0,same,123,adding-knowledge,density_nontest,0.064552517062813,-0.07258081403195549,0.19947779763417142
qwen3_32b_api,api_actions,real,ask_bt_pos,0.0,same,123,adding-knowledge,density_testlex,-0.0006329665075336655,-0.0161265511048163,0.015195676612353383
qwen3_32b_api,api_actions,real,ask_bt_pos,0.0,same,123,example-testing,density,-0.0062776835825388505,-0.044288333799378,0.03000648891914163
qwen3_32b_api,api_actions,real,ask_bt_pos,0.0,same,123,example-testing,density_nontest,0.003761680837529727,-0.032270013613331025,0.037565227401545755
qwen3_32b_api,api_actions,real,ask_bt_pos,0.0,same,123,example-testing,density_testlex,-0.010039364420068577,-0.0234291671674468,0.0
qwen3_32b_api,api_actions,real,ask_bt_pos,0.0,same,123,uncertainty-estimation,density,0.10381043638207611,-0.008609514178475539,0.21377284724277257
qwen3_32b_api,api_actions,real,ask_bt_pos,0.0,same,123,uncertainty-estimation,density_nontest,0.08195873108415665,-0.021474126491429074,0.18776335657042967
qwen3_32b_api,api_actions,real,ask_bt_pos,0.0,same,123,uncertainty-estimation,density_testlex,0.021851705297919476,-0.0252342793841993,0.07017064100082569
qwen3_32b_api,api_actions,real,ask_bt_pos,0.0,same,123,backtracking,density,-0.022095117374045223,-0.07279389168655748,0.026988281822153626
qwen3_32b_api,api_actions,real,ask_bt_pos,0.0,same,123,backtracking,density_nontest,-0.02937100733767872,-0.07985795182930717,0.01956471154267551
qwen3_32b_api,api_actions,real,ask_bt_pos,0.0,same,123,backtracking,density_testlex,0.007275889963633505,0.0,0.01610226052413079
qwen3_32b_api,api_actions,real,ask_unc_neg,0.0,gained,20,initializing,density,-0.09625900220653152,-0.3139168879420104,0.12239036183174871
qwen3_32b_api,api_actions,real,ask_unc_neg,0.0,gained,20,initializing,density_nontest,-0.09625900220653152,-0.3139168879420104,0.12239036183174871
qwen3_32b_api,api_actions,real,ask_unc_neg,0.0,gained,20,initializing,density_testlex,0.0,0.0,0.0
qwen3_32b_api,api_actions,real,ask_unc_neg,0.0,gained,20,deduction,density,-0.08953444314269605,-0.6113784543903344,0.4776350437263798
qwen3_32b_api,api_actions,real,ask_unc_neg,0.0,gained,20,deduction,density_nontest,0.06506508709868927,-0.5185987385102075,0.6917747587301496
qwen3_32b_api,api_actions,real,ask_unc_neg,0.0,gained,20,deduction,density_testlex,-0.15459953024138523,-0.28990162324971325,-0.011759625819860314
qwen3_32b_api,api_actions,real,ask_unc_neg,0.0,gained,20,adding-knowledge,density,-0.40324018260582195,-0.760611550306307,-0.042294553944318414
qwen3_32b_api,api_actions,real,ask_unc_neg,0.0,gained,20,adding-knowledge,density_nontest,-0.3926864928959609,-0.7446533141520556,-0.022595961752409868
qwen3_32b_api,api_actions,real,ask_unc_neg,0.0,gained,20,adding-knowledge,density_testlex,-0.010553689709860994,-0.06944444444444445,0.037783375314861464
qwen3_32b_api,api_actions,real,ask_unc_neg,0.0,gained,20,example-testing,density,0.2350169579313993,0.06500309086668668,0.4416144091855158
qwen3_32b_api,api_actions,real,ask_unc_neg,0.0,gained,20,example-testing,density_nontest,0.2350169579313993,0.06500309086668668,0.4416144091855158
qwen3_32b_api,api_actions,real,ask_unc_neg,0.0,gained,20,example-testing,density_testlex,0.0,0.0,0.0
qwen3_32b_api,api_actions,real,ask_unc_neg,0.0,gained,20,uncertainty-estimation,density,0.4279646772326234,0.02395329652628941,0.8189780103448315
qwen3_32b_api,api_actions,real,ask_unc_neg,0.0,gained,20,uncertainty-estimation,density_nontest,0.4363227990131101,0.0381295946518946,0.8174205191190098
qwen3_32b_api,api_actions,real,ask_unc_neg,0.0,gained,20,uncertainty-estimation,density_testlex,-0.008358121780486824,-0.13637010965864912,0.08169850271428067
qwen3_32b_api,api_actions,real,ask_unc_neg,0.0,gained,20,backtracking,density,0.06708779309319463,-0.10163436430215435,0.23267070641969573
qwen3_32b_api,api_actions,real,ask_unc_neg,0.0,gained,20,backtracking,density_nontest,0.06708779309319463,-0.10163436430215435,0.23267070641969573
qwen3_32b_api,api_actions,real,ask_unc_neg,0.0,gained,20,backtracking,density_testlex,0.0,0.0,0.0
qwen3_32b_api,api_actions,real,ask_unc_neg,0.0,lost,15,initializing,density,0.08860013421994092,-0.018222749324025192,0.21153112679079947
qwen3_32b_api,api_actions,real,ask_unc_neg,0.0,lost,15,initializing,density_nontest,0.08860013421994092,-0.018222749324025192,0.21153112679079947
qwen3_32b_api,api_actions,real,ask_unc_neg,0.0,lost,15,initializing,density_testlex,0.0,0.0,0.0
qwen3_32b_api,api_actions,real,ask_unc_neg,0.0,lost,15,deduction,density,0.4381397042313101,-0.3730740660094364,1.2999865423937313
qwen3_32b_api,api_actions,real,ask_unc_neg,0.0,lost,15,deduction,density_nontest,0.4565888969128429,-0.2942793861563685,1.2767772011211171
qwen3_32b_api,api_actions,real,ask_unc_neg,0.0,lost,15,deduction,density_testlex,-0.018449192681532795,-0.1525597761089447,0.11254051693605342
qwen3_32b_api,api_actions,real,ask_unc_neg,0.0,lost,15,adding-knowledge,density,0.4171248510158901,-2.571164230746344e-05,0.876977448126972
qwen3_32b_api,api_actions,real,ask_unc_neg,0.0,lost,15,adding-knowledge,density_nontest,0.4315236991080428,0.0044580359132566924,0.9026679258923002
qwen3_32b_api,api_actions,real,ask_unc_neg,0.0,lost,15,adding-knowledge,density_testlex,-0.014398848092152628,-0.04319654427645789,0.0
qwen3_32b_api,api_actions,real,ask_unc_neg,0.0,lost,15,example-testing,density,-0.11724826190292564,-0.2346605641673057,-0.015704750687082842
qwen3_32b_api,api_actions,real,ask_unc_neg,0.0,lost,15,example-testing,density_nontest,-0.11724826190292564,-0.2346605641673057,-0.015704750687082842
qwen3_32b_api,api_actions,real,ask_unc_neg,0.0,lost,15,example-testing,density_testlex,0.0,0.0,0.0
qwen3_32b_api,api_actions,real,ask_unc_neg,0.0,lost,15,uncertainty-estimation,density,-0.27448955540443265,-0.5228713705042947,-0.009390077195637225
qwen3_32b_api,api_actions,real,ask_unc_neg,0.0,lost,15,uncertainty-estimation,density_nontest,-0.28689606374410553,-0.5269117169365831,-0.03545394161675927
qwen3_32b_api,api_actions,real,ask_unc_neg,0.0,lost,15,uncertainty-estimation,density_testlex,0.012406508339672929,-0.08621580376586918,0.12920467494885204
qwen3_32b_api,api_actions,real,ask_unc_neg,0.0,lost,15,backtracking,density,0.019084593472955658,-0.145838791359669,0.19198345677176082
qwen3_32b_api,api_actions,real,ask_unc_neg,0.0,lost,15,backtracking,density_nontest,0.04845316909703791,-0.1037012256428486,0.20726741409640936
qwen3_32b_api,api_actions,real,ask_unc_neg,0.0,lost,15,backtracking,density_testlex,-0.02936857562408223,-0.0881057268722467,0.0
qwen3_32b_api,api_actions,real,ask_unc_neg,0.0,comply_both,21,initializing,density,0.11304489237901368,-0.0928054973118664,0.3103507243749667
qwen3_32b_api,api_actions,real,ask_unc_neg,0.0,comply_both,21,initializing,density_nontest,0.11304489237901368,-0.0928054973118664,0.3103507243749667
qwen3_32b_api,api_actions,real,ask_unc_neg,0.0,comply_both,21,initializing,density_testlex,0.0,0.0,0.0
qwen3_32b_api,api_actions,real,ask_unc_neg,0.0,comply_both,21,deduction,density,-0.33137884876005264,-0.8422142497577884,0.15292738845260725
qwen3_32b_api,api_actions,real,ask_unc_neg,0.0,comply_both,21,deduction,density_nontest,-0.296233426561776,-0.7893461352128549,0.1707112389010657
qwen3_32b_api,api_actions,real,ask_unc_neg,0.0,comply_both,21,deduction,density_testlex,-0.035145422198276585,-0.11957379113018259,0.04601345158064587
qwen3_32b_api,api_actions,real,ask_unc_neg,0.0,comply_both,21,adding-knowledge,density,-0.11918378182422092,-0.4613198344938132,0.19811810428441298
qwen3_32b_api,api_actions,real,ask_unc_neg,0.0,comply_both,21,adding-knowledge,density_nontest,-0.14644972186723795,-0.4879435668888588,0.16868911271314757
qwen3_32b_api,api_actions,real,ask_unc_neg,0.0,comply_both,21,adding-knowledge,density_testlex,0.027265940043016995,0.0,0.06915953032370405
qwen3_32b_api,api_actions,real,ask_unc_neg,0.0,comply_both,21,example-testing,density,0.07441050768144686,-0.1330879998354915,0.3248474876916378
qwen3_32b_api,api_actions,real,ask_unc_neg,0.0,comply_both,21,example-testing,density_nontest,0.07441050768144686,-0.1330879998354915,0.3248474876916378
qwen3_32b_api,api_actions,real,ask_unc_neg,0.0,comply_both,21,example-testing,density_testlex,0.0,0.0,0.0
qwen3_32b_api,api_actions,real,ask_unc_neg,0.0,comply_both,21,uncertainty-estimation,density,-0.04486686291648016,-0.26127540871923505,0.1713639980880003
qwen3_32b_api,api_actions,real,ask_unc_neg,0.0,comply_both,21,uncertainty-estimation,density_nontest,-0.021274930932796653,-0.26847275210484883,0.20966051375897504
qwen3_32b_api,api_actions,real,ask_unc_neg,0.0,comply_both,21,uncertainty-estimation,density_testlex,-0.023591931983683506,-0.10658944687173706,0.06400231683992988
qwen3_32b_api,api_actions,real,ask_unc_neg,0.0,comply_both,21,backtracking,density,-0.0023107326831147005,-0.12580496490577964,0.13000763486732328
qwen3_32b_api,api_actions,real,ask_unc_neg,0.0,comply_both,21,backtracking,density_nontest,-0.0023107326831147005,-0.12580496490577964,0.13000763486732328
qwen3_32b_api,api_actions,real,ask_unc_neg,0.0,comply_both,21,backtracking,density_testlex,0.0,0.0,0.0
qwen3_32b_api,api_actions,real,ask_unc_neg,0.0,refuse_both,93,initializing,density,-0.08444184880888929,-0.1730513854323428,-0.00020509519535076928
qwen3_32b_api,api_actions,real,ask_unc_neg,0.0,refuse_both,93,initializing,density_nontest,-0.0800885337594792,-0.16816131862959396,0.004651216720927272
qwen3_32b_api,api_actions,real,ask_unc_neg,0.0,refuse_both,93,initializing,density_testlex,-0.004353315049410126,-0.013059945148230376,0.0
qwen3_32b_api,api_actions,real,ask_unc_neg,0.0,refuse_both,93,deduction,density,-0.038273776354840555,-0.3061364889670036,0.22796433658703627
qwen3_32b_api,api_actions,real,ask_unc_neg,0.0,refuse_both,93,deduction,density_nontest,-0.06044520760634445,-0.3394812097554191,0.22907056556704322
qwen3_32b_api,api_actions,real,ask_unc_neg,0.0,refuse_both,93,deduction,density_testlex,0.022171431251503868,-0.0414099817637893,0.08508654835867333
qwen3_32b_api,api_actions,real,ask_unc_neg,0.0,refuse_both,93,adding-knowledge,density,-0.07503477980133223,-0.22393280198106683,0.08185995324202634
qwen3_32b_api,api_actions,real,ask_unc_neg,0.0,refuse_both,93,adding-knowledge,density_nontest,-0.07645796851757027,-0.22963718796232474,0.08173729985887332
qwen3_32b_api,api_actions,real,ask_unc_neg,0.0,refuse_both,93,adding-knowledge,density_testlex,0.0014231887162380217,-0.019395581376108226,0.023148903441656696
qwen3_32b_api,api_actions,real,ask_unc_neg,0.0,refuse_both,93,example-testing,density,0.02826687370739053,-0.013860219986639909,0.07495853585445081
qwen3_32b_api,api_actions,real,ask_unc_neg,0.0,refuse_both,93,example-testing,density_nontest,0.03704571007112634,-0.00045629470802789905,0.07763006704154259
qwen3_32b_api,api_actions,real,ask_unc_neg,0.0,refuse_both,93,example-testing,density_testlex,-0.008778836363735816,-0.027394374738269542,0.008862318739402063
qwen3_32b_api,api_actions,real,ask_unc_neg,0.0,refuse_both,93,uncertainty-estimation,density,0.16474895979397422,0.033445238786281535,0.2971212890579691
qwen3_32b_api,api_actions,real,ask_unc_neg,0.0,refuse_both,93,uncertainty-estimation,density_nontest,0.16414027999245406,0.03791083775510534,0.28711101118988597
qwen3_32b_api,api_actions,real,ask_unc_neg,0.0,refuse_both,93,uncertainty-estimation,density_testlex,0.0006086798015201761,-0.04731527966821033,0.04962445128875121
qwen3_32b_api,api_actions,real,ask_unc_neg,0.0,refuse_both,93,backtracking,density,-0.02257302853622008,-0.09011963457217287,0.04694699922404243
qwen3_32b_api,api_actions,real,ask_unc_neg,0.0,refuse_both,93,backtracking,density_nontest,-0.025103072811994906,-0.0923176615429163,0.04416547475542002
qwen3_32b_api,api_actions,real,ask_unc_neg,0.0,refuse_both,93,backtracking,density_testlex,0.002530044275774826,0.0,0.0075901328273244775
qwen3_32b_api,api_actions,real,ask_unc_neg,0.0,same,114,initializing,density,-0.048062712274275596,-0.12736507512078346,0.03279466594958665
qwen3_32b_api,api_actions,real,ask_unc_neg,0.0,same,114,initializing,density_nontest,-0.04451132368133577,-0.12224472389431272,0.03619023023270939
qwen3_32b_api,api_actions,real,ask_unc_neg,0.0,same,114,initializing,density_testlex,-0.0035513885929398395,-0.010654165778819518,0.0
qwen3_32b_api,api_actions,real,ask_unc_neg,0.0,same,114,deduction,density,-0.09226681600843226,-0.3257737825761181,0.1455570778444115
qwen3_32b_api,api_actions,real,ask_unc_neg,0.0,same,114,deduction,density_nontest,-0.10387987951918709,-0.35192220485311226,0.13946595654272137
qwen3_32b_api,api_actions,real,ask_unc_neg,0.0,same,114,deduction,density_testlex,0.011613063510754841,-0.04401727525736951,0.07013617221696691
qwen3_32b_api,api_actions,real,ask_unc_neg,0.0,same,114,adding-knowledge,density,-0.08316749070028538,-0.2254293919323224,0.05657003106273907
qwen3_32b_api,api_actions,real,ask_unc_neg,0.0,same,114,adding-knowledge,density_nontest,-0.08935118623987748,-0.2295498771930147,0.0498157789785556
qwen3_32b_api,api_actions,real,ask_unc_neg,0.0,same,114,adding-knowledge,density_testlex,0.0061836955395920415,-0.011901891732334878,0.025805421248468102
qwen3_32b_api,api_actions,real,ask_unc_neg,0.0,same,114,example-testing,density,0.03676701680787459,-0.01491467314894865,0.09670816468153211
qwen3_32b_api,api_actions,real,ask_unc_neg,0.0,same,114,example-testing,density_nontest,0.04392869910460644,-0.0057581717058340105,0.10086047018920635
qwen3_32b_api,api_actions,real,ask_unc_neg,0.0,same,114,example-testing,density_testlex,-0.00716168229673185,-0.02234527403189585,0.0073405270498421785
qwen3_32b_api,api_actions,real,ask_unc_neg,0.0,same,114,uncertainty-estimation,density,0.1261355187683642,0.00935275664753673,0.2404667590951685
qwen3_32b_api,api_actions,real,ask_unc_neg,0.0,same,114,uncertainty-estimation,density_nontest,0.1299848464009605,0.018917236309955444,0.24071088855766246
qwen3_32b_api,api_actions,real,ask_unc_neg,0.0,same,114,uncertainty-estimation,density_testlex,-0.003849327632596287,-0.0453793638044592,0.03918725648788913
qwen3_32b_api,api_actions,real,ask_unc_neg,0.0,same,114,backtracking,density,-0.0188405003527533,-0.08143181936927496,0.04011665670857645
qwen3_32b_api,api_actions,real,ask_unc_neg,0.0,same,114,backtracking,density_nontest,-0.020904483840885394,-0.08174839665324032,0.03682130945504299
qwen3_32b_api,api_actions,real,ask_unc_neg,0.0,same,114,backtracking,density_testlex,0.0020639834881320948,0.0,0.006191950464396284
qwen3_32b_api,api_actions,real,ask_unc_pos,0.0,gained,15,initializing,density,-0.21872148663496277,-0.37515904684800194,-0.08482609695519835
qwen3_32b_api,api_actions,real,ask_unc_pos,0.0,gained,15,initializing,density_nontest,-0.21872148663496277,-0.37515904684800194,-0.08482609695519835
qwen3_32b_api,api_actions,real,ask_unc_pos,0.0,gained,15,initializing,density_testlex,0.0,0.0,0.0
qwen3_32b_api,api_actions,real,ask_unc_pos,0.0,gained,15,deduction,density,-0.1482473442367898,-0.6876032130814188,0.3469379280018376
qwen3_32b_api,api_actions,real,ask_unc_pos,0.0,gained,15,deduction,density_nontest,0.04858949645589729,-0.5104327363135162,0.5775269382783939
qwen3_32b_api,api_actions,real,ask_unc_pos,0.0,gained,15,deduction,density_testlex,-0.19683684069268714,-0.3189904077895424,-0.056025548356011354
qwen3_32b_api,api_actions,real,ask_unc_pos,0.0,gained,15,adding-knowledge,density,-0.6217619957612641,-1.1799817832554282,-0.08752496573673463
qwen3_32b_api,api_actions,real,ask_unc_pos,0.0,gained,15,adding-knowledge,density_nontest,-0.5666759024442863,-1.084355073916791,-0.049246955502680996
qwen3_32b_api,api_actions,real,ask_unc_pos,0.0,gained,15,adding-knowledge,density_testlex,-0.05508609331697788,-0.1389078188178638,0.0
qwen3_32b_api,api_actions,real,ask_unc_pos,0.0,gained,15,example-testing,density,0.28021641394022734,0.09541392530977663,0.49516230625489616
qwen3_32b_api,api_actions,real,ask_unc_pos,0.0,gained,15,example-testing,density_nontest,0.28021641394022734,0.09541392530977663,0.49516230625489616
qwen3_32b_api,api_actions,real,ask_unc_pos,0.0,gained,15,example-testing,density_testlex,0.0,0.0,0.0
qwen3_32b_api,api_actions,real,ask_unc_pos,0.0,gained,15,uncertainty-estimation,density,0.6535087852195096,0.27461498908855214,1.0108482082737995
qwen3_32b_api,api_actions,real,ask_unc_pos,0.0,gained,15,uncertainty-estimation,density_nontest,0.6545605096140185,0.29128028161248737,0.9875905071592387
qwen3_32b_api,api_actions,real,ask_unc_pos,0.0,gained,15,uncertainty-estimation,density_testlex,-0.0010517243945087989,-0.12553530518192157,0.09403814477935049
qwen3_32b_api,api_actions,real,ask_unc_pos,0.0,gained,15,backtracking,density,0.026462760490029272,-0.09725714027094168,0.1455019243640722
qwen3_32b_api,api_actions,real,ask_unc_pos,0.0,gained,15,backtracking,density_nontest,0.026462760490029272,-0.09725714027094168,0.1455019243640722
qwen3_32b_api,api_actions,real,ask_unc_pos,0.0,gained,15,backtracking,density_testlex,0.0,0.0,0.0
qwen3_32b_api,api_actions,real,ask_unc_pos,0.0,lost,15,initializing,density,-0.0874117264919627,-0.30385906981379535,0.06917288624803711
qwen3_32b_api,api_actions,real,ask_unc_pos,0.0,lost,15,initializing,density_nontest,-0.0874117264919627,-0.30385906981379535,0.06917288624803711
qwen3_32b_api,api_actions,real,ask_unc_pos,0.0,lost,15,initializing,density_testlex,0.0,0.0,0.0
qwen3_32b_api,api_actions,real,ask_unc_pos,0.0,lost,15,deduction,density,0.011355846215515738,-0.6214228134228534,0.6380549493447417
qwen3_32b_api,api_actions,real,ask_unc_pos,0.0,lost,15,deduction,density_nontest,-0.039286506422389365,-0.6379003858703842,0.5361811727678998
qwen3_32b_api,api_actions,real,ask_unc_pos,0.0,lost,15,deduction,density_testlex,0.05064235263790515,-0.06961599612062659,0.19413678005607166
qwen3_32b_api,api_actions,real,ask_unc_pos,0.0,lost,15,adding-knowledge,density,0.03398218269597074,-0.43910116946196526,0.5215778656652854
qwen3_32b_api,api_actions,real,ask_unc_pos,0.0,lost,15,adding-knowledge,density_nontest,0.009508338854206958,-0.4869729731533989,0.5226168950087053
qwen3_32b_api,api_actions,real,ask_unc_pos,0.0,lost,15,adding-knowledge,density_testlex,0.0244738438417638,-0.04319654427645789,0.11661807580174927
qwen3_32b_api,api_actions,real,ask_unc_pos,0.0,lost,15,example-testing,density,-0.1172288662153251,-0.23147470375625867,-0.01972386587771203
qwen3_32b_api,api_actions,real,ask_unc_pos,0.0,lost,15,example-testing,density_nontest,-0.1172288662153251,-0.23147470375625867,-0.01972386587771203
qwen3_32b_api,api_actions,real,ask_unc_pos,0.0,lost,15,example-testing,density_testlex,0.0,0.0,0.0
qwen3_32b_api,api_actions,real,ask_unc_pos,0.0,lost,15,uncertainty-estimation,density,0.0005859479445928499,-0.25923791563548254,0.28924308208187177
qwen3_32b_api,api_actions,real,ask_unc_pos,0.0,lost,15,uncertainty-estimation,density_nontest,-0.048509187819000855,-0.31067456732408727,0.21014450966143727
qwen3_32b_api,api_actions,real,ask_unc_pos,0.0,lost,15,uncertainty-estimation,density_testlex,0.04909513576359373,-0.0508901338793241,0.16051284550693126
qwen3_32b_api,api_actions,real,ask_unc_pos,0.0,lost,15,backtracking,density,0.18698184697150005,-0.019196687957177706,0.4177264434959873
qwen3_32b_api,api_actions,real,ask_unc_pos,0.0,lost,15,backtracking,density_nontest,0.18698184697150005,-0.019196687957177706,0.4177264434959873
qwen3_32b_api,api_actions,real,ask_unc_pos,0.0,lost,15,backtracking,density_testlex,0.0,0.0,0.0
qwen3_32b_api,api_actions,real,ask_unc_pos,0.0,comply_both,21,initializing,density,0.11474166502442618,-0.020764740471784515,0.280868859685942
qwen3_32b_api,api_actions,real,ask_unc_pos,0.0,comply_both,21,initializing,density_nontest,0.11474166502442618,-0.020764740471784515,0.280868859685942
qwen3_32b_api,api_actions,real,ask_unc_pos,0.0,comply_both,21,initializing,density_testlex,0.0,0.0,0.0
qwen3_32b_api,api_actions,real,ask_unc_pos,0.0,comply_both,21,deduction,density,0.32030944452316246,-0.2255042255014961,0.8784605023522483
qwen3_32b_api,api_actions,real,ask_unc_pos,0.0,comply_both,21,deduction,density_nontest,0.2658677862651302,-0.3138686620276267,0.8460636248739408
qwen3_32b_api,api_actions,real,ask_unc_pos,0.0,comply_both,21,deduction,density_testlex,0.05444165825803225,-0.03628373778313118,0.14827099468742347
qwen3_32b_api,api_actions,real,ask_unc_pos,0.0,comply_both,21,adding-knowledge,density,0.06082183862376118,-0.3341496540522665,0.5215042539638557
qwen3_32b_api,api_actions,real,ask_unc_pos,0.0,comply_both,21,adding-knowledge,density_nontest,0.029597541931092552,-0.34608844220121854,0.46985302005308
qwen3_32b_api,api_actions,real,ask_unc_pos,0.0,comply_both,21,adding-knowledge,density_testlex,0.031224296692668626,0.0,0.075566788321714
qwen3_32b_api,api_actions,real,ask_unc_pos,0.0,comply_both,21,example-testing,density,0.09670770826576813,-0.02669377773054395,0.24459271215000195
qwen3_32b_api,api_actions,real,ask_unc_pos,0.0,comply_both,21,example-testing,density_nontest,0.09670770826576813,-0.02669377773054395,0.24459271215000195
qwen3_32b_api,api_actions,real,ask_unc_pos,0.0,comply_both,21,example-testing,density_testlex,0.0,0.0,0.0
qwen3_32b_api,api_actions,real,ask_unc_pos,0.0,comply_both,21,uncertainty-estimation,density,-0.060595783597729526,-0.25434586080667737,0.14682372253880524
qwen3_32b_api,api_actions,real,ask_unc_pos,0.0,comply_both,21,uncertainty-estimation,density_nontest,-0.018654111652429393,-0.2162018495060118,0.18868990101479108
qwen3_32b_api,api_actions,real,ask_unc_pos,0.0,comply_both,21,uncertainty-estimation,density_testlex,-0.04194167194530012,-0.14168320539827642,0.04798490345017271
qwen3_32b_api,api_actions,real,ask_unc_pos,0.0,comply_both,21,backtracking,density,-0.053825391577155345,-0.1407992379426876,0.033791474413081966
qwen3_32b_api,api_actions,real,ask_unc_pos,0.0,comply_both,21,backtracking,density_nontest,-0.03284783755995376,-0.12884608141224574,0.059130211189931045
qwen3_32b_api,api_actions,real,ask_unc_pos,0.0,comply_both,21,backtracking,density_testlex,-0.020977554017201593,-0.06293266205160479,0.0
qwen3_32b_api,api_actions,real,ask_unc_pos,0.0,refuse_both,98,initializing,density,-0.09676682685558345,-0.17724682092093635,-0.015246328291999412
qwen3_32b_api,api_actions,real,ask_unc_pos,0.0,refuse_both,98,initializing,density_nontest,-0.0926356197168575,-0.17163388833040344,-0.011893382066021918
qwen3_32b_api,api_actions,real,ask_unc_pos,0.0,refuse_both,98,initializing,density_testlex,-0.004131207138725936,-0.012393621416177806,0.0
qwen3_32b_api,api_actions,real,ask_unc_pos,0.0,refuse_both,98,deduction,density,0.0008431013355095252,-0.21608650504318186,0.20584124805652537
qwen3_32b_api,api_actions,real,ask_unc_pos,0.0,refuse_both,98,deduction,density_nontest,-0.034774181386050255,-0.2577301998476098,0.18393668495223436
qwen3_32b_api,api_actions,real,ask_unc_pos,0.0,refuse_both,98,deduction,density_testlex,0.0356172827215598,-0.03041177509204016,0.0968132701638887
qwen3_32b_api,api_actions,real,ask_unc_pos,0.0,refuse_both,98,adding-knowledge,density,-0.058897946295431824,-0.21380603031193846,0.09432058384148924
qwen3_32b_api,api_actions,real,ask_unc_pos,0.0,refuse_both,98,adding-knowledge,density_nontest,-0.052023190736452264,-0.20961261922629368,0.10252352069204096
qwen3_32b_api,api_actions,real,ask_unc_pos,0.0,refuse_both,98,adding-knowledge,density_testlex,-0.006874755558979559,-0.01911097973899765,0.0012747135081390458
qwen3_32b_api,api_actions,real,ask_unc_pos,0.0,refuse_both,98,example-testing,density,-0.020420560457743344,-0.04761881812699923,0.005662828938586659
qwen3_32b_api,api_actions,real,ask_unc_pos,0.0,refuse_both,98,example-testing,density_nontest,-0.013065039473017723,-0.036731994240112927,0.010277770788051966
qwen3_32b_api,api_actions,real,ask_unc_pos,0.0,refuse_both,98,example-testing,density_testlex,-0.007355520984725621,-0.02540055881660356,0.006526519505704792
qwen3_32b_api,api_actions,real,ask_unc_pos,0.0,refuse_both,98,uncertainty-estimation,density,0.07514647942095135,-0.0598695061367932,0.21164262881995302
qwen3_32b_api,api_actions,real,ask_unc_pos,0.0,refuse_both,98,uncertainty-estimation,density_nontest,0.09483166861490862,-0.0415911526222733,0.22872240296688193
qwen3_32b_api,api_actions,real,ask_unc_pos,0.0,refuse_both,98,uncertainty-estimation,density_testlex,-0.01968518919395728,-0.06604526194290126,0.02881254801648239
qwen3_32b_api,api_actions,real,ask_unc_pos,0.0,refuse_both,98,backtracking,density,-0.0022961628566548504,-0.06945113172191346,0.06516595122229007
qwen3_32b_api,api_actions,real,ask_unc_pos,0.0,refuse_both,98,backtracking,density_nontest,-0.009885091299958654,-0.07488950837453222,0.05575668137821189
qwen3_32b_api,api_actions,real,ask_unc_pos,0.0,refuse_both,98,backtracking,density_testlex,0.007588928443303806,0.0,0.019500307781031113
qwen3_32b_api,api_actions,real,ask_unc_pos,0.0,same,119,initializing,density,-0.05944179887675824,-0.13802584470561938,0.013445580706745917
qwen3_32b_api,api_actions,real,ask_unc_pos,0.0,same,119,initializing,density_nontest,-0.05603962829192512,-0.1311766315411742,0.015922037510323225
qwen3_32b_api,api_actions,real,ask_unc_pos,0.0,same,119,initializing,density_testlex,-0.0034021705848331233,-0.01020651175449937,0.0
qwen3_32b_api,api_actions,real,ask_unc_pos,0.0,same,119,deduction,density,0.05721951483921299,-0.1474245346110854,0.26571834637650166
qwen3_32b_api,api_actions,real,ask_unc_pos,0.0,same,119,deduction,density_nontest,0.018280283493569846,-0.19480385953366292,0.24253667589763983
qwen3_32b_api,api_actions,real,ask_unc_pos,0.0,same,119,deduction,density_testlex,0.03893923134564317,-0.015534386913145301,0.09272063697587515
qwen3_32b_api,api_actions,real,ask_unc_pos,0.0,same,119,adding-knowledge,density,-0.03777092542733895,-0.18135278803756294,0.11556947496005396
qwen3_32b_api,api_actions,real,ask_unc_pos,0.0,same,119,adding-knowledge,density_nontest,-0.037619532030414966,-0.17679999477526168,0.11159755995203549
qwen3_32b_api,api_actions,real,ask_unc_pos,0.0,same,119,adding-knowledge,density_testlex,-0.00015139339692399708,-0.012372890868551428,0.011900558859750417
qwen3_32b_api,api_actions,real,ask_unc_pos,0.0,same,119,example-testing,density,0.00024913402287633253,-0.03252977055475201,0.035027824675176615
qwen3_32b_api,api_actions,real,ask_unc_pos,0.0,same,119,example-testing,density_nontest,0.006306621892650372,-0.023214627798659605,0.037226724921628415
qwen3_32b_api,api_actions,real,ask_unc_pos,0.0,same,119,example-testing,density_testlex,-0.006057487869774041,-0.020593452617938234,0.006092195221011305
qwen3_32b_api,api_actions,real,ask_unc_pos,0.0,same,119,uncertainty-estimation,density,0.05119196241765473,-0.05942472552208318,0.1659597834726148
qwen3_32b_api,api_actions,real,ask_unc_pos,0.0,same,119,uncertainty-estimation,density_nontest,0.07480476621479014,-0.03364973382037654,0.1915811767350507
qwen3_32b_api,api_actions,real,ask_unc_pos,0.0,same,119,uncertainty-estimation,density_testlex,-0.023612803797135425,-0.066852831262504,0.01794293105292958
qwen3_32b_api,api_actions,real,ask_unc_pos,0.0,same,119,backtracking,density,-0.011389556160272587,-0.06560105866710626,0.04826529000423986
qwen3_32b_api,api_actions,real,ask_unc_pos,0.0,same,119,backtracking,density_nontest,-0.013937340639957791,-0.06706487914485816,0.046042801735387204
qwen3_32b_api,api_actions,real,ask_unc_pos,0.0,same,119,backtracking,density_testlex,0.002547784479685206,-0.008557979411774462,0.012789286589708324
qwen3_32b_api,api_actions,real,prompt_test,0.0,gained,23,initializing,density,-0.27500841217739197,-0.44833916105653226,-0.12823280297038642
qwen3_32b_api,api_actions,real,prompt_test,0.0,gained,23,initializing,density_nontest,-0.27500841217739197,-0.44833916105653226,-0.12823280297038642
qwen3_32b_api,api_actions,real,prompt_test,0.0,gained,23,initializing,density_testlex,0.0,0.0,0.0
qwen3_32b_api,api_actions,real,prompt_test,0.0,gained,23,deduction,density,-0.15958518470196914,-0.5989860752571887,0.32166106930812727
qwen3_32b_api,api_actions,real,prompt_test,0.0,gained,23,deduction,density_nontest,-0.09057663000908124,-0.5564366249901428,0.4151102027674085
qwen3_32b_api,api_actions,real,prompt_test,0.0,gained,23,deduction,density_testlex,-0.06900855469288791,-0.15898580525019865,0.015027666238915618
qwen3_32b_api,api_actions,real,prompt_test,0.0,gained,23,adding-knowledge,density,-0.068539570985691,-0.37501787413890003,0.23804275057844682
qwen3_32b_api,api_actions,real,prompt_test,0.0,gained,23,adding-knowledge,density_nontest,-0.12188250081389927,-0.42427129199144986,0.1856326457649927
qwen3_32b_api,api_actions,real,prompt_test,0.0,gained,23,adding-knowledge,density_testlex,0.0533429298282083,0.009329550392352325,0.10623447182670474
qwen3_32b_api,api_actions,real,prompt_test,0.0,gained,23,example-testing,density,0.17942431273512624,0.025159883313953704,0.38101415170018016
qwen3_32b_api,api_actions,real,prompt_test,0.0,gained,23,example-testing,density_nontest,0.17942431273512624,0.025159883313953704,0.38101415170018016
qwen3_32b_api,api_actions,real,prompt_test,0.0,gained,23,example-testing,density_testlex,0.0,0.0,0.0
qwen3_32b_api,api_actions,real,prompt_test,0.0,gained,23,uncertainty-estimation,density,0.31481054973502764,0.02753616979558668,0.5806744440264625
qwen3_32b_api,api_actions,real,prompt_test,0.0,gained,23,uncertainty-estimation,density_nontest,0.3083578885054405,-0.006415899965776599,0.6028593362017935
qwen3_32b_api,api_actions,real,prompt_test,0.0,gained,23,uncertainty-estimation,density_testlex,0.0064526612295871125,-0.13436151941913574,0.13925214526615026
qwen3_32b_api,api_actions,real,prompt_test,0.0,gained,23,backtracking,density,0.05704939962420763,-0.09228186539813002,0.23047783254308674
qwen3_32b_api,api_actions,real,prompt_test,0.0,gained,23,backtracking,density_nontest,0.05120554735679295,-0.09570316293725263,0.22517778443405265
qwen3_32b_api,api_actions,real,prompt_test,0.0,gained,23,backtracking,density_testlex,0.005843852267414679,0.0,0.01753155680224404
qwen3_32b_api,api_actions,real,prompt_test,0.0,lost,19,initializing,density,0.28014251196195983,0.12907146774473735,0.43703418264399224
qwen3_32b_api,api_actions,real,prompt_test,0.0,lost,19,initializing,density_nontest,0.28014251196195983,0.12907146774473735,0.43703418264399224
qwen3_32b_api,api_actions,real,prompt_test,0.0,lost,19,initializing,density_testlex,0.0,0.0,0.0
qwen3_32b_api,api_actions,real,prompt_test,0.0,lost,19,deduction,density,-0.08760954034143312,-0.7500660787253447,0.5426193415012064
qwen3_32b_api,api_actions,real,prompt_test,0.0,lost,19,deduction,density_nontest,-0.170870636134081,-0.8243089003968344,0.4572826234751397
qwen3_32b_api,api_actions,real,prompt_test,0.0,lost,19,deduction,density_testlex,0.08326109579264794,-0.0341488423105919,0.19613648694498692
qwen3_32b_api,api_actions,real,prompt_test,0.0,lost,19,adding-knowledge,density,0.16783337180367613,-0.19120511484799585,0.5317588778550152
qwen3_32b_api,api_actions,real,prompt_test,0.0,lost,19,adding-knowledge,density_nontest,0.10313850896932308,-0.25311951707584684,0.4545376343831543
qwen3_32b_api,api_actions,real,prompt_test,0.0,lost,19,adding-knowledge,density_testlex,0.06469486283435309,-0.011367511651699443,0.16115516276797903
qwen3_32b_api,api_actions,real,prompt_test,0.0,lost,19,example-testing,density,-0.27851585695819636,-0.4644476335071194,-0.11068928032077949
qwen3_32b_api,api_actions,real,prompt_test,0.0,lost,19,example-testing,density_nontest,-0.27851585695819636,-0.4644476335071194,-0.11068928032077949
qwen3_32b_api,api_actions,real,prompt_test,0.0,lost,19,example-testing,density_testlex,0.0,0.0,0.0
qwen3_32b_api,api_actions,real,prompt_test,0.0,lost,19,uncertainty-estimation,density,-0.09878006874001674,-0.405657757106914,0.22413796620602602
qwen3_32b_api,api_actions,real,prompt_test,0.0,lost,19,uncertainty-estimation,density_nontest,-0.3092402683643762,-0.5520183372452744,-0.04679336820394797
qwen3_32b_api,api_actions,real,prompt_test,0.0,lost,19,uncertainty-estimation,density_testlex,0.21046019962435944,0.06759023507837772,0.35713802256801774
qwen3_32b_api,api_actions,real,prompt_test,0.0,lost,19,backtracking,density,-0.09596882469595724,-0.20008734341677747,0.00674121844238307
qwen3_32b_api,api_actions,real,prompt_test,0.0,lost,19,backtracking,density_nontest,-0.093751863650734,-0.18360339126900904,-0.01584071011833476
qwen3_32b_api,api_actions,real,prompt_test,0.0,lost,19,backtracking,density_testlex,-0.0022169610452232344,-0.06955715279387897,0.06290626965820927
qwen3_32b_api,api_actions,real,prompt_test,0.0,comply_both,17,initializing,density,-0.012933835448645844,-0.21289393849780772,0.12894557604126866
qwen3_32b_api,api_actions,real,prompt_test,0.0,comply_both,17,initializing,density_nontest,-0.012933835448645844,-0.21289393849780772,0.12894557604126866
qwen3_32b_api,api_actions,real,prompt_test,0.0,comply_both,17,initializing,density_testlex,0.0,0.0,0.0
qwen3_32b_api,api_actions,real,prompt_test,0.0,comply_both,17,deduction,density,0.092276779432735,-0.4666328445214797,0.6095925312341728
qwen3_32b_api,api_actions,real,prompt_test,0.0,comply_both,17,deduction,density_nontest,0.15652366752931218,-0.4104242113906487,0.7094134399369295
qwen3_32b_api,api_actions,real,prompt_test,0.0,comply_both,17,deduction,density_testlex,-0.06424688809657718,-0.1871846690697859,0.05859594713774178
qwen3_32b_api,api_actions,real,prompt_test,0.0,comply_both,17,adding-knowledge,density,0.05944508739130432,-0.41803331188454473,0.5117682102184793
qwen3_32b_api,api_actions,real,prompt_test,0.0,comply_both,17,adding-knowledge,density_nontest,-0.03145852730076237,-0.530143607310551,0.4473285788209295
qwen3_32b_api,api_actions,real,prompt_test,0.0,comply_both,17,adding-knowledge,density_testlex,0.0909036146920667,0.0,0.1945027049253433
qwen3_32b_api,api_actions,real,prompt_test,0.0,comply_both,17,example-testing,density,0.059982368648170456,-0.15319480755206036,0.27909806199389425
qwen3_32b_api,api_actions,real,prompt_test,0.0,comply_both,17,example-testing,density_nontest,0.059982368648170456,-0.15319480755206036,0.27909806199389425
qwen3_32b_api,api_actions,real,prompt_test,0.0,comply_both,17,example-testing,density_testlex,0.0,0.0,0.0
qwen3_32b_api,api_actions,real,prompt_test,0.0,comply_both,17,uncertainty-estimation,density,0.09366626664464377,-0.28649944607162114,0.43633207070575875
qwen3_32b_api,api_actions,real,prompt_test,0.0,comply_both,17,uncertainty-estimation,density_nontest,0.09260580154725068,-0.27250804699055164,0.42798455750573045
qwen3_32b_api,api_actions,real,prompt_test,0.0,comply_both,17,uncertainty-estimation,density_testlex,0.0010604650973931253,-0.06968134535971895,0.0735720220391024
qwen3_32b_api,api_actions,real,prompt_test,0.0,comply_both,17,backtracking,density,-0.02686826714056264,-0.13411932229327764,0.0855116781014172
qwen3_32b_api,api_actions,real,prompt_test,0.0,comply_both,17,backtracking,density_nontest,-0.02686826714056264,-0.13411932229327764,0.0855116781014172
qwen3_32b_api,api_actions,real,prompt_test,0.0,comply_both,17,backtracking,density_testlex,0.0,0.0,0.0
qwen3_32b_api,api_actions,real,prompt_test,0.0,refuse_both,90,initializing,density,-0.04450243573136507,-0.1376898963744052,0.05239828492027056
qwen3_32b_api,api_actions,real,prompt_test,0.0,refuse_both,90,initializing,density_nontest,-0.04000401018030794,-0.1331465191465261,0.056677625855149606
qwen3_32b_api,api_actions,real,prompt_test,0.0,refuse_both,90,initializing,density_testlex,-0.00449842555105713,-0.013495276653171389,0.0
qwen3_32b_api,api_actions,real,prompt_test,0.0,refuse_both,90,deduction,density,0.011160351357389395,-0.2245858126328088,0.25013168942198205
qwen3_32b_api,api_actions,real,prompt_test,0.0,refuse_both,90,deduction,density_nontest,-0.16702005852220736,-0.4220146998787794,0.08147450278494678
qwen3_32b_api,api_actions,real,prompt_test,0.0,refuse_both,90,deduction,density_testlex,0.17818040987959677,0.09005319346736913,0.2751243092803344
qwen3_32b_api,api_actions,real,prompt_test,0.0,refuse_both,90,adding-knowledge,density,0.07795077832958267,-0.09317050212564483,0.23636143713012478
qwen3_32b_api,api_actions,real,prompt_test,0.0,refuse_both,90,adding-knowledge,density_nontest,0.023654759533289542,-0.14383841314068782,0.18341614817559965
qwen3_32b_api,api_actions,real,prompt_test,0.0,refuse_both,90,adding-knowledge,density_testlex,0.05429601879629315,0.019496435721279824,0.08960348099551256
qwen3_32b_api,api_actions,real,prompt_test,0.0,refuse_both,90,example-testing,density,-0.002939092333606238,-0.03928694410921426,0.03414829915461581
qwen3_32b_api,api_actions,real,prompt_test,0.0,refuse_both,90,example-testing,density_nontest,0.005843100768882547,-0.025567237322548304,0.03966767457932457
qwen3_32b_api,api_actions,real,prompt_test,0.0,refuse_both,90,example-testing,density_testlex,-0.008782193102488785,-0.028155014199447808,0.009809809809809809
qwen3_32b_api,api_actions,real,prompt_test,0.0,refuse_both,90,uncertainty-estimation,density,0.06255325587046147,-0.08138461230360677,0.20066125487661327
qwen3_32b_api,api_actions,real,prompt_test,0.0,refuse_both,90,uncertainty-estimation,density_nontest,-0.03180229141504049,-0.1551051178132797,0.08829222672437047
qwen3_32b_api,api_actions,real,prompt_test,0.0,refuse_both,90,uncertainty-estimation,density_testlex,0.09435554728550197,0.037443539345565026,0.15404391015495889
qwen3_32b_api,api_actions,real,prompt_test,0.0,refuse_both,90,backtracking,density,0.015341066391894143,-0.06060898281333652,0.08484266479387682
qwen3_32b_api,api_actions,real,prompt_test,0.0,refuse_both,90,backtracking,density_nontest,0.012409374805848998,-0.06304194981580968,0.08226632145022073
qwen3_32b_api,api_actions,real,prompt_test,0.0,refuse_both,90,backtracking,density_testlex,0.002931691586045148,0.0,0.008795074758135445
qwen3_32b_api,api_actions,real,prompt_test,0.0,same,107,initializing,density,-0.03948686372383025,-0.12049817736889075,0.048301390041066324
qwen3_32b_api,api_actions,real,prompt_test,0.0,same,107,initializing,density_nontest,-0.03570314129770742,-0.1162334443617018,0.050160904771103694
qwen3_32b_api,api_actions,real,prompt_test,0.0,same,107,initializing,density_testlex,-0.0037837224261228195,-0.011351167278368457,0.0
qwen3_32b_api,api_actions,real,prompt_test,0.0,same,107,deduction,density,0.024048008154406934,-0.1756287192563152,0.240858234581851
qwen3_32b_api,api_actions,real,prompt_test,0.0,same,107,deduction,density_nontest,-0.11561591513084443,-0.33462883038811947,0.10961563971345405
qwen3_32b_api,api_actions,real,prompt_test,0.0,same,107,deduction,density_testlex,0.13966392328525137,0.058653728975856634,0.21867593845155844
qwen3_32b_api,api_actions,real,prompt_test,0.0,same,107,adding-knowledge,density,0.07501062182537027,-0.07672214304041924,0.23499724683144602
qwen3_32b_api,api_actions,real,prompt_test,0.0,same,107,adding-knowledge,density_nontest,0.014898442933486898,-0.1359117854653898,0.17154584759646718
qwen3_32b_api,api_actions,real,prompt_test,0.0,same,107,adding-knowledge,density_testlex,0.06011217889188334,0.028169049722317135,0.09474317927755087
qwen3_32b_api,api_actions,real,prompt_test,0.0,same,107,example-testing,density,0.007057775299012484,-0.041165047885246546,0.05575423642928361
qwen3_32b_api,api_actions,real,prompt_test,0.0,same,107,example-testing,density_nontest,0.014444666693629222,-0.027840799113473758,0.06159848001877075
qwen3_32b_api,api_actions,real,prompt_test,0.0,same,107,example-testing,density_testlex,-0.007386891394616736,-0.023988572031102398,0.008307372793354102
qwen3_32b_api,api_actions,real,prompt_test,0.0,same,107,uncertainty-estimation,density,0.0674964444981353,-0.06718443284021422,0.19859320924757123
qwen3_32b_api,api_actions,real,prompt_test,0.0,same,107,uncertainty-estimation,density_nontest,-0.012036519635984878,-0.13135415760631708,0.10319310566173621
qwen3_32b_api,api_actions,real,prompt_test,0.0,same,107,uncertainty-estimation,density_testlex,0.0795329641341202,0.02913641558064258,0.1304392702144827
qwen3_32b_api,api_actions,real,prompt_test,0.0,same,107,backtracking,density,0.00863491059701783,-0.05513987136820357,0.07298027999019575
qwen3_32b_api,api_actions,real,prompt_test,0.0,same,107,backtracking,density_nontest,0.00616900178632565,-0.05712914073409515,0.06980746571065392
qwen3_32b_api,api_actions,real,prompt_test,0.0,same,107,backtracking,density_testlex,0.0024659088106921806,0.0,0.007397726432076542
