model,family,framing,arm,signed_alpha,n,metric,behaviour,mean,ci_lo,ci_hi
deepseek_qwen,actions,fake,alpha0.0,0.0,149,density,initializing,0.6355112723033979,0.589606579669504,0.6825137962242822
deepseek_qwen,actions,fake,alpha0.0,0.0,149,density,deduction,4.0275746484176675,3.8793769610245517,4.1745689161321575
deepseek_qwen,actions,fake,alpha0.0,0.0,149,density,adding-knowledge,1.6328722051617022,1.5309984265654821,1.7344632351506617
deepseek_qwen,actions,fake,alpha0.0,0.0,149,density,example-testing,0.11221651895117433,0.0733505147308055,0.153376384683349
deepseek_qwen,actions,fake,alpha0.0,0.0,149,density,uncertainty-estimation,0.7605183653711478,0.6759261567537004,0.84905060176119
deepseek_qwen,actions,fake,alpha0.0,0.0,149,density,backtracking,0.11699756825074588,0.08530217977542821,0.15326112896660807
deepseek_qwen,actions,fake,alpha0.0,0.0,149,coverage,initializing,0.12978078616683414,0.1232753021511669,0.13649581293738053
deepseek_qwen,actions,fake,alpha0.0,0.0,149,coverage,deduction,0.5241846905230868,0.5069588685958505,0.5419193724752495
deepseek_qwen,actions,fake,alpha0.0,0.0,149,coverage,adding-knowledge,0.23019554067955325,0.21591828542052477,0.24541801315905645
deepseek_qwen,actions,fake,alpha0.0,0.0,149,coverage,example-testing,0.018045827055960122,0.011542133436823327,0.025097862113098977
deepseek_qwen,actions,fake,alpha0.0,0.0,149,coverage,uncertainty-estimation,0.08259191406436216,0.07191075311679469,0.09418673896854145
deepseek_qwen,actions,fake,alpha0.0,0.0,149,coverage,backtracking,0.015201241510203542,0.010849112668806503,0.0201700198386899
deepseek_qwen,actions,fake,alpha0.0,0.0,149,any,initializing,1.0,1.0,1.0
deepseek_qwen,actions,fake,alpha0.0,0.0,149,any,deduction,1.0,1.0,1.0
deepseek_qwen,actions,fake,alpha0.0,0.0,149,any,adding-knowledge,0.9932885906040269,0.9798657718120806,1.0
deepseek_qwen,actions,fake,alpha0.0,0.0,149,any,example-testing,0.21476510067114093,0.1476510067114094,0.28187919463087246
deepseek_qwen,actions,fake,alpha0.0,0.0,149,any,uncertainty-estimation,0.8859060402684564,0.825503355704698,0.9328859060402684
deepseek_qwen,actions,fake,alpha0.0,0.0,149,any,backtracking,0.26174496644295303,0.19463087248322147,0.33557046979865773
deepseek_qwen,actions,fake,alpha0.0,0.0,149,words,,252.3489932885906,239.93926174496644,266.4295302013423
deepseek_qwen,actions,fake,alpha0.0,0.0,149,n_spans_counted,,18.201342281879196,17.308724832214764,19.1746644295302
deepseek_qwen,actions,fake,alpha0.0,0.0,149,repetition_4gram,,0.003429830833114086,0.002457564415607041,0.004446991991787482
deepseek_qwen,actions,fake,alpha0.0,0.0,149,executed,,0.2080536912751678,0.14093959731543623,0.2751677852348993
deepseek_qwen,actions,fake,alpha0.05_aware,0.05,148,density,initializing,0.625545082965288,0.5685333209087469,0.6844908675707733
deepseek_qwen,actions,fake,alpha0.05_aware,0.05,148,density,deduction,3.9997651457091976,3.8708470761765414,4.133720592356709
deepseek_qwen,actions,fake,alpha0.05_aware,0.05,148,density,adding-knowledge,1.5325672614806711,1.4247941193639861,1.6439402051066487
deepseek_qwen,actions,fake,alpha0.05_aware,0.05,148,density,example-testing,0.1256843269429282,0.08335053050847858,0.1728783950212867
deepseek_qwen,actions,fake,alpha0.05_aware,0.05,148,density,uncertainty-estimation,0.8453588334202143,0.7622642186123298,0.9322885284491466
deepseek_qwen,actions,fake,alpha0.05_aware,0.05,148,density,backtracking,0.11828548547642555,0.08295046623593622,0.1555185838430797
deepseek_qwen,actions,fake,alpha0.05_aware,0.05,148,coverage,initializing,0.1265123623894141,0.11985473458717397,0.13340135308723627
deepseek_qwen,actions,fake,alpha0.05_aware,0.05,148,coverage,deduction,0.5245169196852071,0.507700521624179,0.5413685061829008
deepseek_qwen,actions,fake,alpha0.05_aware,0.05,148,coverage,adding-knowledge,0.21577591217663683,0.1998811872108172,0.23120966536575513
deepseek_qwen,actions,fake,alpha0.05_aware,0.05,148,coverage,example-testing,0.021269101489064083,0.013627918334678435,0.02998244415351906
deepseek_qwen,actions,fake,alpha0.05_aware,0.05,148,coverage,uncertainty-estimation,0.09676948840658314,0.08601490517869437,0.10878823204756281
deepseek_qwen,actions,fake,alpha0.05_aware,0.05,148,coverage,backtracking,0.015156215853094674,0.010602559407354195,0.01994172376830492
deepseek_qwen,actions,fake,alpha0.05_aware,0.05,148,any,initializing,1.0,1.0,1.0
deepseek_qwen,actions,fake,alpha0.05_aware,0.05,148,any,deduction,1.0,1.0,1.0
deepseek_qwen,actions,fake,alpha0.05_aware,0.05,148,any,adding-knowledge,1.0,1.0,1.0
deepseek_qwen,actions,fake,alpha0.05_aware,0.05,148,any,example-testing,0.23648648648648649,0.16891891891891891,0.3108108108108108
deepseek_qwen,actions,fake,alpha0.05_aware,0.05,148,any,uncertainty-estimation,0.8986486486486487,0.8445945945945946,0.9459459459459459
deepseek_qwen,actions,fake,alpha0.05_aware,0.05,148,any,backtracking,0.28378378378378377,0.20945945945945946,0.3581081081081081
deepseek_qwen,actions,fake,alpha0.05_aware,0.05,148,words,,274.68243243243245,259.9454391891892,289.9393581081081
deepseek_qwen,actions,fake,alpha0.05_aware,0.05,148,n_spans_counted,,19.7027027027027,18.68243243243243,20.72972972972973
deepseek_qwen,actions,fake,alpha0.05_aware,0.05,148,repetition_4gram,,0.003957946351357613,0.003073547822229074,0.004866511611570539
deepseek_qwen,actions,fake,alpha0.05_aware,0.05,148,executed,,0.36486486486486486,0.2905405405405405,0.4391891891891892
deepseek_qwen,actions,fake,alpha0.07_aware,0.07,147,density,initializing,0.546303459659706,0.5038062047790436,0.5870813216593197
deepseek_qwen,actions,fake,alpha0.07_aware,0.07,147,density,deduction,3.755600859990808,3.604816188590438,3.8998171571185973
deepseek_qwen,actions,fake,alpha0.07_aware,0.07,147,density,adding-knowledge,1.6326546279474705,1.5274659241313309,1.7464576435161354
deepseek_qwen,actions,fake,alpha0.07_aware,0.07,147,density,example-testing,0.12215663574569502,0.08367853003287225,0.16347122340538242
deepseek_qwen,actions,fake,alpha0.07_aware,0.07,147,density,uncertainty-estimation,0.7332194835751503,0.635302746462928,0.8277441089511861
deepseek_qwen,actions,fake,alpha0.07_aware,0.07,147,density,backtracking,0.09391830190160899,0.06432902496580126,0.12332010855608241
deepseek_qwen,actions,fake,alpha0.07_aware,0.07,147,coverage,initializing,0.1229546695672119,0.11679922609144913,0.12903801282618166
deepseek_qwen,actions,fake,alpha0.07_aware,0.07,147,coverage,deduction,0.5077277798603935,0.48642832672058417,0.5280397517538553
deepseek_qwen,actions,fake,alpha0.07_aware,0.07,147,coverage,adding-knowledge,0.2431580004340396,0.22696027741151237,0.26036859060510525
deepseek_qwen,actions,fake,alpha0.07_aware,0.07,147,coverage,example-testing,0.02181901331118232,0.014423793938735562,0.03007262495560999
deepseek_qwen,actions,fake,alpha0.07_aware,0.07,147,coverage,uncertainty-estimation,0.091553620770364,0.0783188472955053,0.10495540509144571
deepseek_qwen,actions,fake,alpha0.07_aware,0.07,147,coverage,backtracking,0.01278691605680862,0.0087025349005616,0.016942501802889254
deepseek_qwen,actions,fake,alpha0.07_aware,0.07,147,any,initializing,1.0,1.0,1.0
deepseek_qwen,actions,fake,alpha0.07_aware,0.07,147,any,deduction,1.0,1.0,1.0
deepseek_qwen,actions,fake,alpha0.07_aware,0.07,147,any,adding-knowledge,1.0,1.0,1.0
deepseek_qwen,actions,fake,alpha0.07_aware,0.07,147,any,example-testing,0.24489795918367346,0.17687074829931973,0.3197278911564626
deepseek_qwen,actions,fake,alpha0.07_aware,0.07,147,any,uncertainty-estimation,0.8571428571428571,0.7959183673469388,0.9115646258503401
deepseek_qwen,actions,fake,alpha0.07_aware,0.07,147,any,backtracking,0.24489795918367346,0.17687074829931973,0.3129251700680272
deepseek_qwen,actions,fake,alpha0.07_aware,0.07,147,words,,287.74149659863946,274.5091836734694,302.35476190476186
deepseek_qwen,actions,fake,alpha0.07_aware,0.07,147,n_spans_counted,,19.571428571428573,18.72091836734694,20.496598639455783
deepseek_qwen,actions,fake,alpha0.07_aware,0.07,147,repetition_4gram,,0.006646522489499313,0.00515632563397923,0.00835232972404221
deepseek_qwen,actions,fake,alpha0.07_aware,0.07,147,executed,,0.40816326530612246,0.32653061224489793,0.4897959183673469
deepseek_qwen,actions,fake,alpha0.25,-0.25,148,density,initializing,0.6136552848745045,0.5669797105951041,0.663191719821046
deepseek_qwen,actions,fake,alpha0.25,-0.25,148,density,deduction,4.040728594339878,3.916387720973978,4.170763378600828
deepseek_qwen,actions,fake,alpha0.25,-0.25,148,density,adding-knowledge,1.6161104390025893,1.5263956104001393,1.708985840210414
deepseek_qwen,actions,fake,alpha0.25,-0.25,148,density,example-testing,0.14912264143273113,0.09896676426993761,0.20307523159381471
deepseek_qwen,actions,fake,alpha0.25,-0.25,148,density,uncertainty-estimation,0.8093464681226494,0.721140172022363,0.896225251271938
deepseek_qwen,actions,fake,alpha0.25,-0.25,148,density,backtracking,0.10940345258416469,0.07926238183333381,0.13950752281282847
deepseek_qwen,actions,fake,alpha0.25,-0.25,148,coverage,initializing,0.12594514960603184,0.11953703558575093,0.13294974018338115
deepseek_qwen,actions,fake,alpha0.25,-0.25,148,coverage,deduction,0.5182365290399988,0.5036347186613751,0.533763137226123
deepseek_qwen,actions,fake,alpha0.25,-0.25,148,coverage,adding-knowledge,0.22900747290504359,0.21592803207937147,0.2418871713500067
deepseek_qwen,actions,fake,alpha0.25,-0.25,148,coverage,example-testing,0.02480062595093773,0.016491752832562233,0.03382741933462107
deepseek_qwen,actions,fake,alpha0.25,-0.25,148,coverage,uncertainty-estimation,0.08889233657414893,0.07882129369989554,0.0994130852643552
deepseek_qwen,actions,fake,alpha0.25,-0.25,148,coverage,backtracking,0.01311788592383915,0.009268552084041546,0.017363318524481378
deepseek_qwen,actions,fake,alpha0.25,-0.25,148,any,initializing,1.0,1.0,1.0
deepseek_qwen,actions,fake,alpha0.25,-0.25,148,any,deduction,1.0,1.0,1.0
deepseek_qwen,actions,fake,alpha0.25,-0.25,148,any,adding-knowledge,1.0,1.0,1.0
deepseek_qwen,actions,fake,alpha0.25,-0.25,148,any,example-testing,0.25675675675675674,0.18243243243243243,0.32432432432432434
deepseek_qwen,actions,fake,alpha0.25,-0.25,148,any,uncertainty-estimation,0.8851351351351351,0.831081081081081,0.9324324324324325
deepseek_qwen,actions,fake,alpha0.25,-0.25,148,any,backtracking,0.2702702702702703,0.19594594594594594,0.33783783783783783
deepseek_qwen,actions,fake,alpha0.25,-0.25,148,words,,255.98648648648648,241.70118243243243,272.18327702702703
deepseek_qwen,actions,fake,alpha0.25,-0.25,148,n_spans_counted,,18.533783783783782,17.58091216216216,19.56081081081081
deepseek_qwen,actions,fake,alpha0.25,-0.25,148,repetition_4gram,,0.004179179462365332,0.0030953947045282283,0.005479957688015733
deepseek_qwen,actions,fake,alpha0.25,-0.25,148,executed,,0.1554054054054054,0.10135135135135136,0.21621621621621623
deepseek_qwen,actions,fake,alpha0.3,-0.3,149,density,initializing,0.5918638430471518,0.5474473846536337,0.6427289008346246
deepseek_qwen,actions,fake,alpha0.3,-0.3,149,density,deduction,4.093763708906259,3.9494304260416264,4.236765096498408
deepseek_qwen,actions,fake,alpha0.3,-0.3,149,density,adding-knowledge,1.6579452184777654,1.5588012117919499,1.753896797491235
deepseek_qwen,actions,fake,alpha0.3,-0.3,149,density,example-testing,0.126158724655865,0.08493740416791473,0.1725170264188158
deepseek_qwen,actions,fake,alpha0.3,-0.3,149,density,uncertainty-estimation,0.7366329201260985,0.6632200601129988,0.814450133623689
deepseek_qwen,actions,fake,alpha0.3,-0.3,149,density,backtracking,0.12379740331741104,0.09112443518861339,0.1596608548187584
deepseek_qwen,actions,fake,alpha0.3,-0.3,149,coverage,initializing,0.12402560521201028,0.11778444333363514,0.13035784297643438
deepseek_qwen,actions,fake,alpha0.3,-0.3,149,coverage,deduction,0.5241988479795152,0.5062878694423688,0.5415499811159546
deepseek_qwen,actions,fake,alpha0.3,-0.3,149,coverage,adding-knowledge,0.2363886155155851,0.22127372752370686,0.2512717736949779
deepseek_qwen,actions,fake,alpha0.3,-0.3,149,coverage,example-testing,0.019806377776409246,0.013018866424491085,0.027512285387112586
deepseek_qwen,actions,fake,alpha0.3,-0.3,149,coverage,uncertainty-estimation,0.08032292132093671,0.07133738431381205,0.08960265958925273
deepseek_qwen,actions,fake,alpha0.3,-0.3,149,coverage,backtracking,0.015257632195543434,0.011012126852393988,0.02002656170571046
deepseek_qwen,actions,fake,alpha0.3,-0.3,149,any,initializing,1.0,1.0,1.0
deepseek_qwen,actions,fake,alpha0.3,-0.3,149,any,deduction,1.0,1.0,1.0
deepseek_qwen,actions,fake,alpha0.3,-0.3,149,any,adding-knowledge,1.0,1.0,1.0
deepseek_qwen,actions,fake,alpha0.3,-0.3,149,any,example-testing,0.22818791946308725,0.1610738255033557,0.2953020134228188
deepseek_qwen,actions,fake,alpha0.3,-0.3,149,any,uncertainty-estimation,0.8657718120805369,0.8053691275167785,0.9194630872483222
deepseek_qwen,actions,fake,alpha0.3,-0.3,149,any,backtracking,0.2751677852348993,0.2080536912751678,0.348993288590604
deepseek_qwen,actions,fake,alpha0.3,-0.3,149,words,,254.81208053691276,241.3265100671141,268.98741610738256
deepseek_qwen,actions,fake,alpha0.3,-0.3,149,n_spans_counted,,18.483221476510067,17.590436241610735,19.46996644295302
deepseek_qwen,actions,fake,alpha0.3,-0.3,149,repetition_4gram,,0.003810026030576745,0.002908495531705231,0.004726780315065982
deepseek_qwen,actions,fake,alpha0.3,-0.3,149,executed,,0.16778523489932887,0.1139261744966443,0.22835570469798566
deepseek_qwen,actions,fake,alpha0.35,-0.35,149,density,initializing,0.6090720754987519,0.5672390604659612,0.6528360461423831
deepseek_qwen,actions,fake,alpha0.35,-0.35,149,density,deduction,4.121488145204392,3.992021377491396,4.25431569470377
deepseek_qwen,actions,fake,alpha0.35,-0.35,149,density,adding-knowledge,1.586306161787115,1.4940263714702426,1.683676799387852
deepseek_qwen,actions,fake,alpha0.35,-0.35,149,density,example-testing,0.09047156271262036,0.05926330708291486,0.126037940131511
deepseek_qwen,actions,fake,alpha0.35,-0.35,149,density,uncertainty-estimation,0.7287117759202693,0.654615443590384,0.8064062656190508
deepseek_qwen,actions,fake,alpha0.35,-0.35,149,density,backtracking,0.1313856338059794,0.0906071696801923,0.1791996707330131
deepseek_qwen,actions,fake,alpha0.35,-0.35,149,coverage,initializing,0.12632782741821358,0.12025968700734072,0.13269118996513993
deepseek_qwen,actions,fake,alpha0.35,-0.35,149,coverage,deduction,0.5274872279807319,0.511859223015414,0.542752603975827
deepseek_qwen,actions,fake,alpha0.35,-0.35,149,coverage,adding-knowledge,0.2293552733189165,0.21521990348916142,0.2441839122042819
deepseek_qwen,actions,fake,alpha0.35,-0.35,149,coverage,example-testing,0.014155890830140062,0.008966175973618857,0.020153693100495102
deepseek_qwen,actions,fake,alpha0.35,-0.35,149,coverage,uncertainty-estimation,0.08614249365424333,0.07603704435533155,0.09684756236781619
deepseek_qwen,actions,fake,alpha0.35,-0.35,149,coverage,backtracking,0.01653128679775457,0.01136464263255053,0.022049749991875926
deepseek_qwen,actions,fake,alpha0.35,-0.35,149,any,initializing,1.0,1.0,1.0
deepseek_qwen,actions,fake,alpha0.35,-0.35,149,any,deduction,1.0,1.0,1.0
deepseek_qwen,actions,fake,alpha0.35,-0.35,149,any,adding-knowledge,1.0,1.0,1.0
deepseek_qwen,actions,fake,alpha0.35,-0.35,149,any,example-testing,0.18120805369127516,0.12080536912751678,0.2483221476510067
deepseek_qwen,actions,fake,alpha0.35,-0.35,149,any,uncertainty-estimation,0.8456375838926175,0.785234899328859,0.8993288590604027
deepseek_qwen,actions,fake,alpha0.35,-0.35,149,any,backtracking,0.2751677852348993,0.2080536912751678,0.3422818791946309
deepseek_qwen,actions,fake,alpha0.35,-0.35,149,words,,254.41610738255034,242.46946308724833,266.13422818791946
deepseek_qwen,actions,fake,alpha0.35,-0.35,149,n_spans_counted,,18.288590604026847,17.476342281879194,19.09412751677852
deepseek_qwen,actions,fake,alpha0.35,-0.35,149,repetition_4gram,,0.004446504502150326,0.003427254179475755,0.005604305049877318
deepseek_qwen,actions,fake,alpha0.35,-0.35,149,executed,,0.15436241610738255,0.10067114093959731,0.21476510067114093
deepseek_qwen,actions,real,alpha0.0,0.0,149,density,initializing,0.5869126373666699,0.5458114601313601,0.6295287663947471
deepseek_qwen,actions,real,alpha0.0,0.0,149,density,deduction,4.015496388730188,3.8764133787927384,4.144356065014388
deepseek_qwen,actions,real,alpha0.0,0.0,149,density,adding-knowledge,1.7614293219470705,1.6508467991151377,1.8691607426567947
deepseek_qwen,actions,real,alpha0.0,0.0,149,density,example-testing,0.06679005832383304,0.041193380281074096,0.09385298202508331
deepseek_qwen,actions,real,alpha0.0,0.0,149,density,uncertainty-estimation,0.6741833595141186,0.5920267738098386,0.7569409762061695
deepseek_qwen,actions,real,alpha0.0,0.0,149,density,backtracking,0.1042419419370657,0.07051392771686874,0.1428330387673638
deepseek_qwen,actions,real,alpha0.0,0.0,149,coverage,initializing,0.12689537569560239,0.12034605908257143,0.13364898592463154
deepseek_qwen,actions,real,alpha0.0,0.0,149,coverage,deduction,0.5241009514261743,0.5082050030511199,0.5387774836759875
deepseek_qwen,actions,real,alpha0.0,0.0,149,coverage,adding-knowledge,0.2531203863707629,0.23815221353254962,0.268047859344678
deepseek_qwen,actions,real,alpha0.0,0.0,149,coverage,example-testing,0.010654587334144948,0.006524322564785746,0.01537469399597656
deepseek_qwen,actions,real,alpha0.0,0.0,149,coverage,uncertainty-estimation,0.07104676222341585,0.06114634029757699,0.08089661978792172
deepseek_qwen,actions,real,alpha0.0,0.0,149,coverage,backtracking,0.01418193694989969,0.00944765532933421,0.019758483016272487
deepseek_qwen,actions,real,alpha0.0,0.0,149,any,initializing,1.0,1.0,1.0
deepseek_qwen,actions,real,alpha0.0,0.0,149,any,deduction,1.0,1.0,1.0
deepseek_qwen,actions,real,alpha0.0,0.0,149,any,adding-knowledge,1.0,1.0,1.0
deepseek_qwen,actions,real,alpha0.0,0.0,149,any,example-testing,0.15436241610738255,0.10067114093959731,0.21476510067114093
deepseek_qwen,actions,real,alpha0.0,0.0,149,any,uncertainty-estimation,0.7919463087248322,0.7248322147651006,0.8525167785234891
deepseek_qwen,actions,real,alpha0.0,0.0,149,any,backtracking,0.21476510067114093,0.1476510067114094,0.28187919463087246
deepseek_qwen,actions,real,alpha0.0,0.0,149,words,,243.6778523489933,231.61543624161072,256.1615771812081
deepseek_qwen,actions,real,alpha0.0,0.0,149,n_spans_counted,,17.29530201342282,16.456375838926174,18.10771812080537
deepseek_qwen,actions,real,alpha0.0,0.0,149,repetition_4gram,,0.0037176985143378247,0.0026982761917176065,0.004854142851709391
deepseek_qwen,actions,real,alpha0.0,0.0,149,executed,,0.12080536912751678,0.06711409395973154,0.174496644295302
deepseek_qwen,actions,real,alpha0.05_aware,0.05,148,density,initializing,0.5813142724105389,0.53984935344236,0.6261301184069872
deepseek_qwen,actions,real,alpha0.05_aware,0.05,148,density,deduction,4.0040396536379586,3.862543479714534,4.1418879869828
deepseek_qwen,actions,real,alpha0.05_aware,0.05,148,density,adding-knowledge,1.6906656376381233,1.5800891487573645,1.8014335472307461
deepseek_qwen,actions,real,alpha0.05_aware,0.05,148,density,example-testing,0.06738418061521068,0.040588279837754045,0.09724318666419257
deepseek_qwen,actions,real,alpha0.05_aware,0.05,148,density,uncertainty-estimation,0.7855850035046485,0.702991064696587,0.8697043413678066
deepseek_qwen,actions,real,alpha0.05_aware,0.05,148,density,backtracking,0.1176940143313449,0.08458723983346575,0.155912383771722
deepseek_qwen,actions,real,alpha0.05_aware,0.05,148,coverage,initializing,0.12308124447855134,0.11655177824765196,0.13022452569627777
deepseek_qwen,actions,real,alpha0.05_aware,0.05,148,coverage,deduction,0.5223692768781371,0.5063239195718632,0.5377810632250632
deepseek_qwen,actions,real,alpha0.05_aware,0.05,148,coverage,adding-knowledge,0.241349485161418,0.22572676712426565,0.256898210216254
deepseek_qwen,actions,real,alpha0.05_aware,0.05,148,coverage,example-testing,0.010185060157568211,0.005896189062476487,0.01491067657948686
deepseek_qwen,actions,real,alpha0.05_aware,0.05,148,coverage,uncertainty-estimation,0.08705807720259119,0.07618114222809517,0.09864558707343837
deepseek_qwen,actions,real,alpha0.05_aware,0.05,148,coverage,backtracking,0.015956856121734125,0.011094847469818859,0.02146748348200253
deepseek_qwen,actions,real,alpha0.05_aware,0.05,148,any,initializing,1.0,1.0,1.0
deepseek_qwen,actions,real,alpha0.05_aware,0.05,148,any,deduction,1.0,1.0,1.0
deepseek_qwen,actions,real,alpha0.05_aware,0.05,148,any,adding-knowledge,1.0,1.0,1.0
deepseek_qwen,actions,real,alpha0.05_aware,0.05,148,any,example-testing,0.13513513513513514,0.08108108108108109,0.1891891891891892
deepseek_qwen,actions,real,alpha0.05_aware,0.05,148,any,uncertainty-estimation,0.8716216216216216,0.8108108108108109,0.919087837837837
deepseek_qwen,actions,real,alpha0.05_aware,0.05,148,any,backtracking,0.25675675675675674,0.1891891891891892,0.3310810810810811
deepseek_qwen,actions,real,alpha0.05_aware,0.05,148,words,,249.0810810810811,236.82263513513513,261.5136824324324
deepseek_qwen,actions,real,alpha0.05_aware,0.05,148,n_spans_counted,,17.81081081081081,17.013344594594592,18.60810810810811
deepseek_qwen,actions,real,alpha0.05_aware,0.05,148,repetition_4gram,,0.0034349408493748526,0.002586875685116452,0.004341558338693699
deepseek_qwen,actions,real,alpha0.05_aware,0.05,148,executed,,0.16891891891891891,0.10810810810810811,0.22972972972972974
deepseek_qwen,actions,real,alpha0.07_aware,0.07,148,density,initializing,0.575524416728259,0.531398411531873,0.6187203158522746
deepseek_qwen,actions,real,alpha0.07_aware,0.07,148,density,deduction,3.8922298706302496,3.747154547602773,4.032298861696062
deepseek_qwen,actions,real,alpha0.07_aware,0.07,148,density,adding-knowledge,1.6267075185363291,1.5219250867878489,1.727173001610807
deepseek_qwen,actions,real,alpha0.07_aware,0.07,148,density,example-testing,0.09825760079774902,0.0641414829079731,0.13406643223853804
deepseek_qwen,actions,real,alpha0.07_aware,0.07,148,density,uncertainty-estimation,0.8367192513652976,0.7515547205377968,0.9260147205809323
deepseek_qwen,actions,real,alpha0.07_aware,0.07,148,density,backtracking,0.1746498547543979,0.13613529802460647,0.21587364826384997
deepseek_qwen,actions,real,alpha0.07_aware,0.07,148,coverage,initializing,0.12347295197304263,0.11711844644485854,0.13002691477913855
deepseek_qwen,actions,real,alpha0.07_aware,0.07,148,coverage,deduction,0.5010000661622838,0.48331327533767965,0.5187957335279483
deepseek_qwen,actions,real,alpha0.07_aware,0.07,148,coverage,adding-knowledge,0.24006783700655415,0.22326239333574263,0.256133391280205
deepseek_qwen,actions,real,alpha0.07_aware,0.07,148,coverage,example-testing,0.016506868305651533,0.010729261681602952,0.022826443888218563
deepseek_qwen,actions,real,alpha0.07_aware,0.07,148,coverage,uncertainty-estimation,0.09539396908015546,0.0850499574574388,0.10593913270608317
deepseek_qwen,actions,real,alpha0.07_aware,0.07,148,coverage,backtracking,0.023558307472312436,0.017997368295026718,0.029411956379040035
deepseek_qwen,actions,real,alpha0.07_aware,0.07,148,any,initializing,1.0,1.0,1.0
deepseek_qwen,actions,real,alpha0.07_aware,0.07,148,any,deduction,1.0,1.0,1.0
deepseek_qwen,actions,real,alpha0.07_aware,0.07,148,any,adding-knowledge,1.0,1.0,1.0
deepseek_qwen,actions,real,alpha0.07_aware,0.07,148,any,example-testing,0.20270270270270271,0.13513513513513514,0.2702702702702703
deepseek_qwen,actions,real,alpha0.07_aware,0.07,148,any,uncertainty-estimation,0.8851351351351351,0.831081081081081,0.9324324324324325
deepseek_qwen,actions,real,alpha0.07_aware,0.07,148,any,backtracking,0.3918918918918919,0.3108108108108108,0.46621621621621623
deepseek_qwen,actions,real,alpha0.07_aware,0.07,148,words,,267.86486486486484,254.8016891891892,281.12905405405405
deepseek_qwen,actions,real,alpha0.07_aware,0.07,148,n_spans_counted,,19.04054054054054,18.18902027027027,19.912331081081078
deepseek_qwen,actions,real,alpha0.07_aware,0.07,148,repetition_4gram,,0.004702563987345341,0.003701900858561526,0.005758434247313488
deepseek_qwen,actions,real,alpha0.07_aware,0.07,148,executed,,0.27702702702702703,0.20945945945945946,0.35135135135135137
deepseek_qwen,actions,real,alpha0.25,-0.25,149,density,initializing,0.603489945992429,0.5567779349366042,0.6555009980434444
deepseek_qwen,actions,real,alpha0.25,-0.25,149,density,deduction,4.13432344593747,4.0106916734739295,4.252775288454068
deepseek_qwen,actions,real,alpha0.25,-0.25,149,density,adding-knowledge,1.6448047099334537,1.5566467031523172,1.734154044244105
deepseek_qwen,actions,real,alpha0.25,-0.25,149,density,example-testing,0.08345317227012383,0.05157198023848284,0.11824616055445886
deepseek_qwen,actions,real,alpha0.25,-0.25,149,density,uncertainty-estimation,0.6321064778105042,0.5646144782099443,0.7081929633007968
deepseek_qwen,actions,real,alpha0.25,-0.25,149,density,backtracking,0.10273230034938573,0.07305269675918384,0.1328180469172302
deepseek_qwen,actions,real,alpha0.25,-0.25,149,coverage,initializing,0.12742896579769697,0.12027466207470776,0.13496586250696485
deepseek_qwen,actions,real,alpha0.25,-0.25,149,coverage,deduction,0.5351555025895339,0.5195521516955094,0.5510792373639791
deepseek_qwen,actions,real,alpha0.25,-0.25,149,coverage,adding-knowledge,0.24225478966817135,0.23002770794732696,0.2547176260704418
deepseek_qwen,actions,real,alpha0.25,-0.25,149,coverage,example-testing,0.012642200804523692,0.007310428173116025,0.018599617088769123
deepseek_qwen,actions,real,alpha0.25,-0.25,149,coverage,uncertainty-estimation,0.06868969795473376,0.060427559886502044,0.07767029540544763
deepseek_qwen,actions,real,alpha0.25,-0.25,149,coverage,backtracking,0.013828843185340198,0.009537674436494937,0.018132700157477095
deepseek_qwen,actions,real,alpha0.25,-0.25,149,any,initializing,1.0,1.0,1.0
deepseek_qwen,actions,real,alpha0.25,-0.25,149,any,deduction,1.0,1.0,1.0
deepseek_qwen,actions,real,alpha0.25,-0.25,149,any,adding-knowledge,1.0,1.0,1.0
deepseek_qwen,actions,real,alpha0.25,-0.25,149,any,example-testing,0.15436241610738255,0.10067114093959731,0.21476510067114093
deepseek_qwen,actions,real,alpha0.25,-0.25,149,any,uncertainty-estimation,0.8120805369127517,0.7516778523489933,0.87248322147651
deepseek_qwen,actions,real,alpha0.25,-0.25,149,any,backtracking,0.24161073825503357,0.174496644295302,0.3087248322147651
deepseek_qwen,actions,real,alpha0.25,-0.25,149,words,,241.74496644295303,232.90453020134228,250.84614093959732
deepseek_qwen,actions,real,alpha0.25,-0.25,149,n_spans_counted,,17.261744966442954,16.677852348993287,17.899328859060404
deepseek_qwen,actions,real,alpha0.25,-0.25,149,repetition_4gram,,0.003773063161635622,0.002861835582636087,0.00475388784093125
deepseek_qwen,actions,real,alpha0.25,-0.25,149,executed,,0.12080536912751678,0.0738255033557047,0.174496644295302
deepseek_qwen,actions,real,alpha0.3,-0.3,149,density,initializing,0.639016227344584,0.5781502866471089,0.7015772738063927
deepseek_qwen,actions,real,alpha0.3,-0.3,149,density,deduction,4.197936572400688,4.064996272394969,4.331622632310196
deepseek_qwen,actions,real,alpha0.3,-0.3,149,density,adding-knowledge,1.5827038502625375,1.4855177905524681,1.677269709268786
deepseek_qwen,actions,real,alpha0.3,-0.3,149,density,example-testing,0.11493791496308789,0.07484097802239137,0.159781266290759
deepseek_qwen,actions,real,alpha0.3,-0.3,149,density,uncertainty-estimation,0.6532380871188509,0.585380954509325,0.7222167253545916
deepseek_qwen,actions,real,alpha0.3,-0.3,149,density,backtracking,0.0857040093044869,0.05839442821794098,0.11569339018749562
deepseek_qwen,actions,real,alpha0.3,-0.3,149,coverage,initializing,0.1291075946104925,0.12210712428523854,0.13594982974772943
deepseek_qwen,actions,real,alpha0.3,-0.3,149,coverage,deduction,0.5436257421572636,0.5263404635416675,0.5612635040935581
deepseek_qwen,actions,real,alpha0.3,-0.3,149,coverage,adding-knowledge,0.22621642858310698,0.21303153888635934,0.2396914597272405
deepseek_qwen,actions,real,alpha0.3,-0.3,149,coverage,example-testing,0.017364851267661,0.01124891840237471,0.02413567131892409
deepseek_qwen,actions,real,alpha0.3,-0.3,149,coverage,uncertainty-estimation,0.0722790408427995,0.06326524315202356,0.08144403688886438
deepseek_qwen,actions,real,alpha0.3,-0.3,149,coverage,backtracking,0.011406342538676482,0.007507688580421563,0.015460442886081628
deepseek_qwen,actions,real,alpha0.3,-0.3,149,any,initializing,1.0,1.0,1.0
deepseek_qwen,actions,real,alpha0.3,-0.3,149,any,deduction,1.0,1.0,1.0
deepseek_qwen,actions,real,alpha0.3,-0.3,149,any,adding-knowledge,1.0,1.0,1.0
deepseek_qwen,actions,real,alpha0.3,-0.3,149,any,example-testing,0.2080536912751678,0.1476510067114094,0.2751677852348993
deepseek_qwen,actions,real,alpha0.3,-0.3,149,any,uncertainty-estimation,0.8590604026845637,0.7986577181208053,0.912751677852349
deepseek_qwen,actions,real,alpha0.3,-0.3,149,any,backtracking,0.18791946308724833,0.12751677852348994,0.2483221476510067
deepseek_qwen,actions,real,alpha0.3,-0.3,149,words,,244.3489932885906,234.41610738255034,255.09412751677854
deepseek_qwen,actions,real,alpha0.3,-0.3,149,n_spans_counted,,17.51006711409396,16.879194630872483,18.188087248322145
deepseek_qwen,actions,real,alpha0.3,-0.3,149,repetition_4gram,,0.0035024544475869357,0.002531020288938372,0.004466645020350297
deepseek_qwen,actions,real,alpha0.3,-0.3,149,executed,,0.10067114093959731,0.053691275167785234,0.15436241610738255
deepseek_qwen,actions,real,alpha0.35,-0.35,149,density,initializing,0.6204345649939388,0.567853786364986,0.6723445386719155
deepseek_qwen,actions,real,alpha0.35,-0.35,149,density,deduction,4.210814328711727,4.076318261932779,4.339334722561382
deepseek_qwen,actions,real,alpha0.35,-0.35,149,density,adding-knowledge,1.6577679523176223,1.5681328201012927,1.7548497029965315
deepseek_qwen,actions,real,alpha0.35,-0.35,149,density,example-testing,0.06529009519021878,0.03993618683889999,0.09711041675575015
deepseek_qwen,actions,real,alpha0.35,-0.35,149,density,uncertainty-estimation,0.6781565731855794,0.5955049975142027,0.7613922617736644
deepseek_qwen,actions,real,alpha0.35,-0.35,149,density,backtracking,0.08999713519128287,0.060181197919177316,0.12228099737467366
deepseek_qwen,actions,real,alpha0.35,-0.35,149,coverage,initializing,0.13215342942835417,0.12558971660904011,0.13831928919338377
deepseek_qwen,actions,real,alpha0.35,-0.35,149,coverage,deduction,0.5286592375991891,0.511212652553374,0.5440096272051598
deepseek_qwen,actions,real,alpha0.35,-0.35,149,coverage,adding-knowledge,0.24182683929904714,0.22831987987773508,0.25734002952707863
deepseek_qwen,actions,real,alpha0.35,-0.35,149,coverage,example-testing,0.01094481280596178,0.0065297463943144686,0.016785996331209505
deepseek_qwen,actions,real,alpha0.35,-0.35,149,coverage,uncertainty-estimation,0.07467922491351474,0.06431203670865711,0.08555052486823567
deepseek_qwen,actions,real,alpha0.35,-0.35,149,coverage,backtracking,0.011736455953933024,0.007886442632548226,0.015995206214047354
deepseek_qwen,actions,real,alpha0.35,-0.35,149,any,initializing,1.0,1.0,1.0
deepseek_qwen,actions,real,alpha0.35,-0.35,149,any,deduction,1.0,1.0,1.0
deepseek_qwen,actions,real,alpha0.35,-0.35,149,any,adding-knowledge,1.0,1.0,1.0
deepseek_qwen,actions,real,alpha0.35,-0.35,149,any,example-testing,0.1342281879194631,0.087248322147651,0.19463087248322147
deepseek_qwen,actions,real,alpha0.35,-0.35,149,any,uncertainty-estimation,0.8389261744966443,0.7785234899328859,0.8926174496644296
deepseek_qwen,actions,real,alpha0.35,-0.35,149,any,backtracking,0.20134228187919462,0.14093959731543623,0.2684563758389262
deepseek_qwen,actions,real,alpha0.35,-0.35,149,words,,239.36912751677852,230.6238255033557,248.40436241610738
deepseek_qwen,actions,real,alpha0.35,-0.35,149,n_spans_counted,,17.322147651006713,16.77181208053691,17.906040268456376
deepseek_qwen,actions,real,alpha0.35,-0.35,149,repetition_4gram,,0.0038226798228556506,0.0030064231199919715,0.004683738791321533
deepseek_qwen,actions,real,alpha0.35,-0.35,149,executed,,0.09395973154362416,0.053691275167785234,0.14093959731543623
deepseek_qwen,actions_sampling,fake,alpha0.0,0.0,149,density,initializing,0.6006842878682611,0.5570366803325856,0.6455379909502573
deepseek_qwen,actions_sampling,fake,alpha0.0,0.0,149,density,deduction,4.036611382860346,3.893921398732819,4.1789928741284195
deepseek_qwen,actions_sampling,fake,alpha0.0,0.0,149,density,adding-knowledge,1.7381429296864874,1.6165097113000146,1.8674743746613613
deepseek_qwen,actions_sampling,fake,alpha0.0,0.0,149,density,example-testing,0.08539536661173293,0.04891974502969317,0.1360729507951589
deepseek_qwen,actions_sampling,fake,alpha0.0,0.0,149,density,uncertainty-estimation,0.6099003595435827,0.5270113611894778,0.6970031254473723
deepseek_qwen,actions_sampling,fake,alpha0.0,0.0,149,density,backtracking,0.09444163317471697,0.05719968890066787,0.1385241758455666
deepseek_qwen,actions_sampling,fake,alpha0.0,0.0,149,coverage,initializing,0.12017235483958374,0.1132824132855362,0.12678215832552867
deepseek_qwen,actions_sampling,fake,alpha0.0,0.0,149,coverage,deduction,0.5374276937916201,0.5186332486795086,0.5556837748586063
deepseek_qwen,actions_sampling,fake,alpha0.0,0.0,149,coverage,adding-knowledge,0.24926048767203932,0.23112564344988218,0.26870881858245466
deepseek_qwen,actions_sampling,fake,alpha0.0,0.0,149,coverage,example-testing,0.013580626135661123,0.007677604976678896,0.021721809320099702
deepseek_qwen,actions_sampling,fake,alpha0.0,0.0,149,coverage,uncertainty-estimation,0.06683220305622221,0.056988729871797095,0.0769734099535896
deepseek_qwen,actions_sampling,fake,alpha0.0,0.0,149,coverage,backtracking,0.012726634504873333,0.007397265756864217,0.018946874494128234
deepseek_qwen,actions_sampling,fake,alpha0.0,0.0,149,any,initializing,1.0,1.0,1.0
deepseek_qwen,actions_sampling,fake,alpha0.0,0.0,149,any,deduction,1.0,1.0,1.0
deepseek_qwen,actions_sampling,fake,alpha0.0,0.0,149,any,adding-knowledge,0.9865771812080537,0.9664429530201343,1.0
deepseek_qwen,actions_sampling,fake,alpha0.0,0.0,149,any,example-testing,0.1610738255033557,0.10738255033557047,0.2214765100671141
deepseek_qwen,actions_sampling,fake,alpha0.0,0.0,149,any,uncertainty-estimation,0.7449664429530202,0.6778523489932886,0.8120805369127517
deepseek_qwen,actions_sampling,fake,alpha0.0,0.0,149,any,backtracking,0.18791946308724833,0.12751677852348994,0.2550335570469799
deepseek_qwen,actions_sampling,fake,alpha0.0,0.0,149,words,,251.11409395973155,236.4760067114094,268.0281879194631
deepseek_qwen,actions_sampling,fake,alpha0.0,0.0,149,n_spans_counted,,17.684563758389263,16.811912751677852,18.691442953020132
deepseek_qwen,actions_sampling,fake,alpha0.0,0.0,149,repetition_4gram,,0.004445174863156628,0.002453251460410691,0.0074681696152037735
deepseek_qwen,actions_sampling,fake,alpha0.0,0.0,149,executed,,0.20134228187919462,0.14093959731543623,0.26191275167785144
deepseek_qwen,actions_sampling,fake,alpha0.07_aware,0.07,149,density,initializing,0.645430676725702,0.5876727786524488,0.705166359893326
deepseek_qwen,actions_sampling,fake,alpha0.07_aware,0.07,149,density,deduction,3.7467417538181493,3.605995739380858,3.8853630430110218
deepseek_qwen,actions_sampling,fake,alpha0.07_aware,0.07,149,density,adding-knowledge,1.663161053249613,1.5621201611250957,1.772928454914964
deepseek_qwen,actions_sampling,fake,alpha0.07_aware,0.07,149,density,example-testing,0.1318752723326743,0.08809853880034764,0.1829564087680078
deepseek_qwen,actions_sampling,fake,alpha0.07_aware,0.07,149,density,uncertainty-estimation,0.6385598729745557,0.5601047542334467,0.7231853987768481
deepseek_qwen,actions_sampling,fake,alpha0.07_aware,0.07,149,density,backtracking,0.09732985988741165,0.0669459431350344,0.12964158480207613
deepseek_qwen,actions_sampling,fake,alpha0.07_aware,0.07,149,coverage,initializing,0.12844691071407557,0.12113409926352563,0.13579367858591512
deepseek_qwen,actions_sampling,fake,alpha0.07_aware,0.07,149,coverage,deduction,0.5100964338138357,0.4908739837238304,0.5281300488802114
deepseek_qwen,actions_sampling,fake,alpha0.07_aware,0.07,149,coverage,adding-knowledge,0.24640037096599185,0.23005083781920108,0.2645906791885446
deepseek_qwen,actions_sampling,fake,alpha0.07_aware,0.07,149,coverage,example-testing,0.021367364529614963,0.014506979919584528,0.029158078044293486
deepseek_qwen,actions_sampling,fake,alpha0.07_aware,0.07,149,coverage,uncertainty-estimation,0.07987238271366866,0.06912070151096607,0.09133333817751037
deepseek_qwen,actions_sampling,fake,alpha0.07_aware,0.07,149,coverage,backtracking,0.013816537262813153,0.00917979027212105,0.018883745932025294
deepseek_qwen,actions_sampling,fake,alpha0.07_aware,0.07,149,any,initializing,1.0,1.0,1.0
deepseek_qwen,actions_sampling,fake,alpha0.07_aware,0.07,149,any,deduction,1.0,1.0,1.0
deepseek_qwen,actions_sampling,fake,alpha0.07_aware,0.07,149,any,adding-knowledge,1.0,1.0,1.0
deepseek_qwen,actions_sampling,fake,alpha0.07_aware,0.07,149,any,example-testing,0.22818791946308725,0.1610738255033557,0.30201342281879195
deepseek_qwen,actions_sampling,fake,alpha0.07_aware,0.07,149,any,uncertainty-estimation,0.7718120805369127,0.7046979865771812,0.8389261744966443
deepseek_qwen,actions_sampling,fake,alpha0.07_aware,0.07,149,any,backtracking,0.21476510067114093,0.1476510067114094,0.28187919463087246
deepseek_qwen,actions_sampling,fake,alpha0.07_aware,0.07,149,words,,275.3020134228188,261.6907718120805,290.5377516778523
deepseek_qwen,actions_sampling,fake,alpha0.07_aware,0.07,149,n_spans_counted,,18.85234899328859,17.93288590604027,19.852516778523487
deepseek_qwen,actions_sampling,fake,alpha0.07_aware,0.07,149,repetition_4gram,,0.00511875292340213,0.0037110676672719796,0.0068566780470562735
deepseek_qwen,actions_sampling,fake,alpha0.07_aware,0.07,149,executed,,0.3959731543624161,0.3221476510067114,0.47651006711409394
deepseek_qwen,actions_sampling,fake,alpha0.35,-0.35,88,density,initializing,0.6870490655853861,0.6044466091864211,0.7718839138601081
deepseek_qwen,actions_sampling,fake,alpha0.35,-0.35,88,density,deduction,4.098606396584586,3.912758858176287,4.296491869061847
deepseek_qwen,actions_sampling,fake,alpha0.35,-0.35,88,density,adding-knowledge,1.742978746205888,1.5872942374715757,1.9024404242272568
deepseek_qwen,actions_sampling,fake,alpha0.35,-0.35,88,density,example-testing,0.10056752517725168,0.051632258044949114,0.1563663496953246
deepseek_qwen,actions_sampling,fake,alpha0.35,-0.35,88,density,uncertainty-estimation,0.6469714240870821,0.5357915928550283,0.7623343117236965
deepseek_qwen,actions_sampling,fake,alpha0.35,-0.35,88,density,backtracking,0.13606333318211652,0.08865347095872386,0.18898022034076814
deepseek_qwen,actions_sampling,fake,alpha0.35,-0.35,88,coverage,initializing,0.12425610897280787,0.11247685232825524,0.13645836267468028
deepseek_qwen,actions_sampling,fake,alpha0.35,-0.35,88,coverage,deduction,0.5260714278829243,0.5040100627651298,0.549810331359471
deepseek_qwen,actions_sampling,fake,alpha0.35,-0.35,88,coverage,adding-knowledge,0.24125690914477796,0.2199071387078081,0.2623430405052508
deepseek_qwen,actions_sampling,fake,alpha0.35,-0.35,88,coverage,example-testing,0.017236299052795445,0.009095530409630207,0.026372850468514092
deepseek_qwen,actions_sampling,fake,alpha0.35,-0.35,88,coverage,uncertainty-estimation,0.07285145028788689,0.05853929262466669,0.0878135236977561
deepseek_qwen,actions_sampling,fake,alpha0.35,-0.35,88,coverage,backtracking,0.018327804658807498,0.011708121742441825,0.025618607918713582
deepseek_qwen,actions_sampling,fake,alpha0.35,-0.35,88,any,initializing,1.0,1.0,1.0
deepseek_qwen,actions_sampling,fake,alpha0.35,-0.35,88,any,deduction,1.0,1.0,1.0
deepseek_qwen,actions_sampling,fake,alpha0.35,-0.35,88,any,adding-knowledge,1.0,1.0,1.0
deepseek_qwen,actions_sampling,fake,alpha0.35,-0.35,88,any,example-testing,0.19318181818181818,0.11363636363636363,0.2727272727272727
deepseek_qwen,actions_sampling,fake,alpha0.35,-0.35,88,any,uncertainty-estimation,0.7613636363636364,0.6704545454545454,0.8409090909090909
deepseek_qwen,actions_sampling,fake,alpha0.35,-0.35,88,any,backtracking,0.2840909090909091,0.19318181818181818,0.375
deepseek_qwen,actions_sampling,fake,alpha0.35,-0.35,88,words,,260.40909090909093,239.01789772727273,283.85312500000003
deepseek_qwen,actions_sampling,fake,alpha0.35,-0.35,88,n_spans_counted,,18.954545454545453,17.477272727272727,20.556818181818183
deepseek_qwen,actions_sampling,fake,alpha0.35,-0.35,88,repetition_4gram,,0.0032357920909618716,0.0021609757893701754,0.004377987963394654
deepseek_qwen,actions_sampling,fake,alpha0.35,-0.35,88,executed,,0.20454545454545456,0.125,0.29545454545454547
deepseek_qwen,actions_sampling,real,alpha0.0,0.0,149,density,initializing,0.6503038030475695,0.600182275686009,0.7035912170489507
deepseek_qwen,actions_sampling,real,alpha0.0,0.0,149,density,deduction,3.770466097635471,3.6419942978967375,3.8918307902863623
deepseek_qwen,actions_sampling,real,alpha0.0,0.0,149,density,adding-knowledge,1.7824270008111116,1.6865718301396317,1.8798061988239514
deepseek_qwen,actions_sampling,real,alpha0.0,0.0,149,density,example-testing,0.07151479995393296,0.04641198289508685,0.10024422826147085
deepseek_qwen,actions_sampling,real,alpha0.0,0.0,149,density,uncertainty-estimation,0.6057459182770416,0.5292635482147826,0.6814822979609171
deepseek_qwen,actions_sampling,real,alpha0.0,0.0,149,density,backtracking,0.11006262347884098,0.07765817706826565,0.14749539086157654
deepseek_qwen,actions_sampling,real,alpha0.0,0.0,149,coverage,initializing,0.12751473443376576,0.11921645711313922,0.1361667957053099
deepseek_qwen,actions_sampling,real,alpha0.0,0.0,149,coverage,deduction,0.5102914216978627,0.4936147759386014,0.5266627478989219
deepseek_qwen,actions_sampling,real,alpha0.0,0.0,149,coverage,adding-knowledge,0.2672890544348041,0.2525136656200804,0.28203488465465326
deepseek_qwen,actions_sampling,real,alpha0.0,0.0,149,coverage,example-testing,0.010361462635392718,0.006529426159253642,0.014598046713174238
deepseek_qwen,actions_sampling,real,alpha0.0,0.0,149,coverage,uncertainty-estimation,0.06920387299845936,0.058927024790586875,0.07949017970580946
deepseek_qwen,actions_sampling,real,alpha0.0,0.0,149,coverage,backtracking,0.015339453799715375,0.010621722138299405,0.02075653105345206
deepseek_qwen,actions_sampling,real,alpha0.0,0.0,149,any,initializing,1.0,1.0,1.0
deepseek_qwen,actions_sampling,real,alpha0.0,0.0,149,any,deduction,1.0,1.0,1.0
deepseek_qwen,actions_sampling,real,alpha0.0,0.0,149,any,adding-knowledge,1.0,1.0,1.0
deepseek_qwen,actions_sampling,real,alpha0.0,0.0,149,any,example-testing,0.18120805369127516,0.12080536912751678,0.24161073825503357
deepseek_qwen,actions_sampling,real,alpha0.0,0.0,149,any,uncertainty-estimation,0.7718120805369127,0.697986577181208,0.8389261744966443
deepseek_qwen,actions_sampling,real,alpha0.0,0.0,149,any,backtracking,0.24161073825503357,0.18120805369127516,0.3087248322147651
deepseek_qwen,actions_sampling,real,alpha0.0,0.0,149,words,,251.15436241610738,238.5496644295302,264.3057046979865
deepseek_qwen,actions_sampling,real,alpha0.0,0.0,149,n_spans_counted,,17.530201342281877,16.57701342281879,18.490100671140937
deepseek_qwen,actions_sampling,real,alpha0.0,0.0,149,repetition_4gram,,0.0030310296346992716,0.002170899284577982,0.0040237275586258595
deepseek_qwen,actions_sampling,real,alpha0.0,0.0,149,executed,,0.1610738255033557,0.10067114093959731,0.2214765100671141
deepseek_qwen,actions_sampling,real,alpha0.07_aware,0.07,148,density,initializing,0.5881470848043043,0.5420161208402795,0.6337731019385081
deepseek_qwen,actions_sampling,real,alpha0.07_aware,0.07,148,density,deduction,3.7960456895489787,3.6609293604197455,3.9326340748643314
deepseek_qwen,actions_sampling,real,alpha0.07_aware,0.07,148,density,adding-knowledge,1.7656221601505675,1.6660585105147523,1.8717779806596873
deepseek_qwen,actions_sampling,real,alpha0.07_aware,0.07,148,density,example-testing,0.11635672831677371,0.07995810056393621,0.15403814372353453
deepseek_qwen,actions_sampling,real,alpha0.07_aware,0.07,148,density,uncertainty-estimation,0.617442417994357,0.5388992364950103,0.7023176558168365
deepseek_qwen,actions_sampling,real,alpha0.07_aware,0.07,148,density,backtracking,0.09269894351609534,0.06303385971595092,0.12589299196162015
deepseek_qwen,actions_sampling,real,alpha0.07_aware,0.07,148,coverage,initializing,0.1196737065260169,0.11251474774579578,0.12699315351644946
deepseek_qwen,actions_sampling,real,alpha0.07_aware,0.07,148,coverage,deduction,0.5157729183164907,0.49908373996278205,0.5322803204617125
deepseek_qwen,actions_sampling,real,alpha0.07_aware,0.07,148,coverage,adding-knowledge,0.26672726055576174,0.2508538009498333,0.2837038539069074
deepseek_qwen,actions_sampling,real,alpha0.07_aware,0.07,148,coverage,example-testing,0.01754232120918882,0.012319620959644947,0.023164603278424987
deepseek_qwen,actions_sampling,real,alpha0.07_aware,0.07,148,coverage,uncertainty-estimation,0.06658962767778243,0.05758693804521272,0.07653444413686543
deepseek_qwen,actions_sampling,real,alpha0.07_aware,0.07,148,coverage,backtracking,0.013694165714759307,0.009361373768807168,0.018647112316892478
deepseek_qwen,actions_sampling,real,alpha0.07_aware,0.07,148,any,initializing,1.0,1.0,1.0
deepseek_qwen,actions_sampling,real,alpha0.07_aware,0.07,148,any,deduction,1.0,1.0,1.0
deepseek_qwen,actions_sampling,real,alpha0.07_aware,0.07,148,any,adding-knowledge,1.0,1.0,1.0
deepseek_qwen,actions_sampling,real,alpha0.07_aware,0.07,148,any,example-testing,0.22297297297297297,0.16216216216216217,0.2905405405405405
deepseek_qwen,actions_sampling,real,alpha0.07_aware,0.07,148,any,uncertainty-estimation,0.7837837837837838,0.7162162162162162,0.8513513513513513
deepseek_qwen,actions_sampling,real,alpha0.07_aware,0.07,148,any,backtracking,0.20270270270270271,0.14189189189189189,0.2702702702702703
deepseek_qwen,actions_sampling,real,alpha0.07_aware,0.07,148,words,,259.0472972972973,249.43158783783784,269.10827702702704
deepseek_qwen,actions_sampling,real,alpha0.07_aware,0.07,148,n_spans_counted,,17.93243243243243,17.256756756756758,18.68243243243243
deepseek_qwen,actions_sampling,real,alpha0.07_aware,0.07,148,repetition_4gram,,0.004110955354560759,0.002742021494409523,0.005875984435660518
deepseek_qwen,actions_sampling,real,alpha0.07_aware,0.07,148,executed,,0.25,0.18243243243243243,0.32432432432432434
deepseek_qwen,actions_sampling,real,alpha0.35,-0.35,88,density,initializing,0.6635744687817976,0.5886924665632295,0.746430738544854
deepseek_qwen,actions_sampling,real,alpha0.35,-0.35,88,density,deduction,4.029084161943366,3.8002451610677555,4.284009006696397
deepseek_qwen,actions_sampling,real,alpha0.35,-0.35,88,density,adding-knowledge,1.7670016091212082,1.6024545312060805,1.9578562546434475
deepseek_qwen,actions_sampling,real,alpha0.35,-0.35,88,density,example-testing,0.09772176720106757,0.053668395950309984,0.15249028920943314
deepseek_qwen,actions_sampling,real,alpha0.35,-0.35,88,density,uncertainty-estimation,0.5098493962710778,0.41784830110580345,0.6042153704228349
deepseek_qwen,actions_sampling,real,alpha0.35,-0.35,88,density,backtracking,0.08621846637026981,0.0526959895044152,0.122440367093585
deepseek_qwen,actions_sampling,real,alpha0.35,-0.35,88,coverage,initializing,0.13332376124363296,0.1224788703965644,0.14604419993478238
deepseek_qwen,actions_sampling,real,alpha0.35,-0.35,88,coverage,deduction,0.5272030532340266,0.5005030810502317,0.5525688025707148
deepseek_qwen,actions_sampling,real,alpha0.35,-0.35,88,coverage,adding-knowledge,0.2539867869516856,0.2306968578264922,0.27961885160146116
deepseek_qwen,actions_sampling,real,alpha0.35,-0.35,88,coverage,example-testing,0.016202233305162423,0.009089778378256691,0.024724759764007162
deepseek_qwen,actions_sampling,real,alpha0.35,-0.35,88,coverage,uncertainty-estimation,0.05849840151539009,0.04581405952528667,0.07200377986855395
deepseek_qwen,actions_sampling,real,alpha0.35,-0.35,88,coverage,backtracking,0.010785763750102302,0.006325439938211424,0.015581947634303877
deepseek_qwen,actions_sampling,real,alpha0.35,-0.35,88,any,initializing,1.0,1.0,1.0
deepseek_qwen,actions_sampling,real,alpha0.35,-0.35,88,any,deduction,1.0,1.0,1.0
deepseek_qwen,actions_sampling,real,alpha0.35,-0.35,88,any,adding-knowledge,1.0,1.0,1.0
deepseek_qwen,actions_sampling,real,alpha0.35,-0.35,88,any,example-testing,0.18181818181818182,0.11363636363636363,0.2727272727272727
deepseek_qwen,actions_sampling,real,alpha0.35,-0.35,88,any,uncertainty-estimation,0.7045454545454546,0.6022727272727273,0.7954545454545454
deepseek_qwen,actions_sampling,real,alpha0.35,-0.35,88,any,backtracking,0.2159090909090909,0.13636363636363635,0.3068181818181818
deepseek_qwen,actions_sampling,real,alpha0.35,-0.35,88,words,,245.6818181818182,228.4653409090909,263.684375
deepseek_qwen,actions_sampling,real,alpha0.35,-0.35,88,n_spans_counted,,17.181818181818183,16.09090909090909,18.329829545454544
deepseek_qwen,actions_sampling,real,alpha0.35,-0.35,88,repetition_4gram,,0.004350198445473677,0.0030412610234221886,0.005881559083135039
deepseek_qwen,actions_sampling,real,alpha0.35,-0.35,88,executed,,0.14772727272727273,0.07954545454545454,0.22727272727272727
qwen3,actions,fake,alpha0.0,0.0,149,density,initializing,0.6717218395203018,0.6083339237537799,0.7388683370332745
qwen3,actions,fake,alpha0.0,0.0,149,density,deduction,3.923338850835251,3.742261725657763,4.110340395580504
qwen3,actions,fake,alpha0.0,0.0,149,density,adding-knowledge,1.946134165738113,1.817449126751508,2.0705354013549977
qwen3,actions,fake,alpha0.0,0.0,149,density,example-testing,0.1531750227975358,0.10587322472356375,0.2065546987509276
qwen3,actions,fake,alpha0.0,0.0,149,density,uncertainty-estimation,0.5340794704188483,0.4557548491297318,0.6185545759334992
qwen3,actions,fake,alpha0.0,0.0,149,density,backtracking,0.15439546764087472,0.11615736649821189,0.19401896671910174
qwen3,actions,fake,alpha0.0,0.0,149,coverage,initializing,0.12777329733606899,0.11677175056532153,0.14265756413606884
qwen3,actions,fake,alpha0.0,0.0,149,coverage,deduction,0.49235483560166055,0.4735513453392072,0.5121551259509987
qwen3,actions,fake,alpha0.0,0.0,149,coverage,adding-knowledge,0.27023906106042556,0.25194072447928334,0.2877897446569305
qwen3,actions,fake,alpha0.0,0.0,149,coverage,example-testing,0.020410637210978726,0.013654917889047127,0.027935025529082298
qwen3,actions,fake,alpha0.0,0.0,149,coverage,uncertainty-estimation,0.06737147605427575,0.0573687040713452,0.07870108468201883
qwen3,actions,fake,alpha0.0,0.0,149,coverage,backtracking,0.0218506927365904,0.015910372679927558,0.028292836891287115
qwen3,actions,fake,alpha0.0,0.0,149,any,initializing,1.0,1.0,1.0
qwen3,actions,fake,alpha0.0,0.0,149,any,deduction,0.9932885906040269,0.9798657718120806,1.0
qwen3,actions,fake,alpha0.0,0.0,149,any,adding-knowledge,0.9865771812080537,0.9664429530201343,1.0
qwen3,actions,fake,alpha0.0,0.0,149,any,example-testing,0.2550335570469799,0.19463087248322147,0.3221476510067114
qwen3,actions,fake,alpha0.0,0.0,149,any,uncertainty-estimation,0.7181208053691275,0.6442953020134228,0.785234899328859
qwen3,actions,fake,alpha0.0,0.0,149,any,backtracking,0.3288590604026846,0.2550335570469799,0.40268456375838924
qwen3,actions,fake,alpha0.0,0.0,149,words,,250.85906040268458,233.42869127516778,271.4255033557047
qwen3,actions,fake,alpha0.0,0.0,149,n_spans_counted,,18.046979865771814,16.912583892617448,19.322147651006713
qwen3,actions,fake,alpha0.0,0.0,149,repetition_4gram,,0.009126308001643393,0.006148153741239059,0.012876825831969066
qwen3,actions,fake,alpha0.0,0.0,149,executed,,0.37583892617449666,0.30201342281879195,0.44966442953020136
qwen3,actions,fake,alpha0.043_aware,0.043,149,density,initializing,0.6643701080805785,0.5986611759736234,0.7383867504206296
qwen3,actions,fake,alpha0.043_aware,0.043,149,density,deduction,3.879327561157179,3.717854464044576,4.039543830662745
qwen3,actions,fake,alpha0.043_aware,0.043,149,density,adding-knowledge,1.7504147364892813,1.6329746135605518,1.877730939947947
qwen3,actions,fake,alpha0.043_aware,0.043,149,density,example-testing,0.16873677040214213,0.11617322008488212,0.22994077092443782
qwen3,actions,fake,alpha0.043_aware,0.043,149,density,uncertainty-estimation,0.6534535307394356,0.5807864074963939,0.7303244246085713
qwen3,actions,fake,alpha0.043_aware,0.043,149,density,backtracking,0.11751959451628248,0.08446541047836842,0.15347783163181475
qwen3,actions,fake,alpha0.043_aware,0.043,149,coverage,initializing,0.1160735641191721,0.10858964911369112,0.12389303950993855
qwen3,actions,fake,alpha0.043_aware,0.043,149,coverage,deduction,0.5092802052284413,0.4914619087449688,0.5269276354126935
qwen3,actions,fake,alpha0.043_aware,0.043,149,coverage,adding-knowledge,0.24677774442604156,0.23029071496991343,0.26409891980832356
qwen3,actions,fake,alpha0.043_aware,0.043,149,coverage,example-testing,0.021050515443682957,0.014740428637469808,0.028100444261129225
qwen3,actions,fake,alpha0.043_aware,0.043,149,coverage,uncertainty-estimation,0.08957636487952032,0.07879308659125277,0.10063078014545082
qwen3,actions,fake,alpha0.043_aware,0.043,149,coverage,backtracking,0.017241605903141898,0.012236767545538648,0.02265153914408971
qwen3,actions,fake,alpha0.043_aware,0.043,149,any,initializing,1.0,1.0,1.0
qwen3,actions,fake,alpha0.043_aware,0.043,149,any,deduction,1.0,1.0,1.0
qwen3,actions,fake,alpha0.043_aware,0.043,149,any,adding-knowledge,1.0,1.0,1.0
qwen3,actions,fake,alpha0.043_aware,0.043,149,any,example-testing,0.2550335570469799,0.18791946308724833,0.329026845637583
qwen3,actions,fake,alpha0.043_aware,0.043,149,any,uncertainty-estimation,0.8523489932885906,0.7986577181208053,0.9060402684563759
qwen3,actions,fake,alpha0.043_aware,0.043,149,any,backtracking,0.2953020134228188,0.2214765100671141,0.3691275167785235
qwen3,actions,fake,alpha0.043_aware,0.043,149,words,,289.61073825503354,252.52265100671138,350.05453020134223
qwen3,actions,fake,alpha0.043_aware,0.043,149,n_spans_counted,,19.20805369127517,17.986577181208055,20.543959731543623
qwen3,actions,fake,alpha0.043_aware,0.043,149,repetition_4gram,,0.01509411558032275,0.007402771448879112,0.028588835402337847
qwen3,actions,fake,alpha0.043_aware,0.043,149,executed,,0.42567567567567566,0.35135135135135137,0.5
qwen3,actions,fake,alpha0.053_aware,0.053,147,density,initializing,0.6446813631785145,0.5698886172937839,0.7349245837353886
qwen3,actions,fake,alpha0.053_aware,0.053,147,density,deduction,3.718160273054606,3.498548524723339,3.930535389502639
qwen3,actions,fake,alpha0.053_aware,0.053,147,density,adding-knowledge,1.6347852608245126,1.5122727877345385,1.761036091066085
qwen3,actions,fake,alpha0.053_aware,0.053,147,density,example-testing,0.12600622579039347,0.08684581806593836,0.16528395893667341
qwen3,actions,fake,alpha0.053_aware,0.053,147,density,uncertainty-estimation,0.5783118776365285,0.5015174943987363,0.6581754116560715
qwen3,actions,fake,alpha0.053_aware,0.053,147,density,backtracking,0.14875749392113605,0.11104592213571819,0.1861472182448062
qwen3,actions,fake,alpha0.053_aware,0.053,147,coverage,initializing,0.12106862993803735,0.11328902905467507,0.1294266930895056
qwen3,actions,fake,alpha0.053_aware,0.053,147,coverage,deduction,0.5064980826334406,0.4874361020035009,0.52564662800007
qwen3,actions,fake,alpha0.053_aware,0.053,147,coverage,adding-knowledge,0.24620377168255198,0.22915273119458868,0.26404213290354767
qwen3,actions,fake,alpha0.053_aware,0.053,147,coverage,example-testing,0.017334675176820143,0.01197489871410748,0.023081808972026843
qwen3,actions,fake,alpha0.053_aware,0.053,147,coverage,uncertainty-estimation,0.08938949558297042,0.0770575618341604,0.10179638295341314
qwen3,actions,fake,alpha0.053_aware,0.053,147,coverage,backtracking,0.0195053449861795,0.014361994363423326,0.02464194876513274
qwen3,actions,fake,alpha0.053_aware,0.053,147,any,initializing,1.0,1.0,1.0
qwen3,actions,fake,alpha0.053_aware,0.053,147,any,deduction,1.0,1.0,1.0
qwen3,actions,fake,alpha0.053_aware,0.053,147,any,adding-knowledge,1.0,1.0,1.0
qwen3,actions,fake,alpha0.053_aware,0.053,147,any,example-testing,0.2585034013605442,0.19047619047619047,0.32653061224489793
qwen3,actions,fake,alpha0.053_aware,0.053,147,any,uncertainty-estimation,0.8027210884353742,0.7346938775510204,0.8639455782312925
qwen3,actions,fake,alpha0.053_aware,0.053,147,any,backtracking,0.3401360544217687,0.2653061224489796,0.41496598639455784
qwen3,actions,fake,alpha0.053_aware,0.053,147,words,,403.21768707482994,315.7219387755102,519.43962585034
qwen3,actions,fake,alpha0.053_aware,0.053,147,n_spans_counted,,18.571428571428573,17.421768707482993,19.741666666666664
qwen3,actions,fake,alpha0.053_aware,0.053,147,repetition_4gram,,0.06515434749991332,0.035149946765878536,0.10320327131853767
qwen3,actions,fake,alpha0.053_aware,0.053,147,executed,,0.43884892086330934,0.3595323741007194,0.5251798561151079
qwen3,actions,fake,alpha0.05_aware,0.05,148,density,initializing,0.6183011225850928,0.5534269997930229,0.6864292510065615
qwen3,actions,fake,alpha0.05_aware,0.05,148,density,deduction,3.840387859900006,3.6222821315145364,4.06343048423864
qwen3,actions,fake,alpha0.05_aware,0.05,148,density,adding-knowledge,1.6783387941746508,1.5545210940941359,1.7995897772432827
qwen3,actions,fake,alpha0.05_aware,0.05,148,density,example-testing,0.16169022948644884,0.10846078618154494,0.21789993962161458
qwen3,actions,fake,alpha0.05_aware,0.05,148,density,uncertainty-estimation,0.6438692631927312,0.5636114954870841,0.7288948716870657
qwen3,actions,fake,alpha0.05_aware,0.05,148,density,backtracking,0.13685488843294255,0.10294419533154348,0.17398000716516057
qwen3,actions,fake,alpha0.05_aware,0.05,148,coverage,initializing,0.11632488646577302,0.10945823031312185,0.12392005619664244
qwen3,actions,fake,alpha0.05_aware,0.05,148,coverage,deduction,0.5035213308856322,0.48525341566580965,0.5217117767105917
qwen3,actions,fake,alpha0.05_aware,0.05,148,coverage,adding-knowledge,0.24750677603174037,0.2310348913535769,0.2651023655409658
qwen3,actions,fake,alpha0.05_aware,0.05,148,coverage,example-testing,0.020840649783810446,0.014064147193365462,0.028153485540387616
qwen3,actions,fake,alpha0.05_aware,0.05,148,coverage,uncertainty-estimation,0.0931191963934106,0.08138543494599236,0.10589750935617354
qwen3,actions,fake,alpha0.05_aware,0.05,148,coverage,backtracking,0.01868716043963347,0.013785639037822242,0.02387981907396648
qwen3,actions,fake,alpha0.05_aware,0.05,148,any,initializing,1.0,1.0,1.0
qwen3,actions,fake,alpha0.05_aware,0.05,148,any,deduction,1.0,1.0,1.0
qwen3,actions,fake,alpha0.05_aware,0.05,148,any,adding-knowledge,1.0,1.0,1.0
qwen3,actions,fake,alpha0.05_aware,0.05,148,any,example-testing,0.25,0.18243243243243243,0.31773648648648556
qwen3,actions,fake,alpha0.05_aware,0.05,148,any,uncertainty-estimation,0.8175675675675675,0.7565878378378379,0.8783783783783784
qwen3,actions,fake,alpha0.05_aware,0.05,148,any,backtracking,0.32432432432432434,0.25675675675675674,0.40540540540540543
qwen3,actions,fake,alpha0.05_aware,0.05,148,words,,357.97297297297297,287.51554054054054,445.03631756756755
qwen3,actions,fake,alpha0.05_aware,0.05,148,n_spans_counted,,19.256756756756758,18.053885135135133,20.466385135135134
qwen3,actions,fake,alpha0.05_aware,0.05,148,repetition_4gram,,0.043599607453279496,0.018867040791293303,0.07506121400177705
qwen3,actions,fake,alpha0.05_aware,0.05,148,executed,,0.44755244755244755,0.36363636363636365,0.5314685314685315
qwen3,actions,fake,alpha0.25,-0.25,148,density,initializing,0.6175419176085641,0.5663076730081533,0.6704985493700524
qwen3,actions,fake,alpha0.25,-0.25,148,density,deduction,3.921407414399359,3.747511777147573,4.099819535860044
qwen3,actions,fake,alpha0.25,-0.25,148,density,adding-knowledge,1.8521897688417335,1.7310316529077514,1.9762267641992677
qwen3,actions,fake,alpha0.25,-0.25,148,density,example-testing,0.1899599139764576,0.13873660882728056,0.24835992916756572
qwen3,actions,fake,alpha0.25,-0.25,148,density,uncertainty-estimation,0.6761995716951933,0.579762435942574,0.7691637280294525
qwen3,actions,fake,alpha0.25,-0.25,148,density,backtracking,0.2059590410260963,0.16320912947072974,0.2523684303005513
qwen3,actions,fake,alpha0.25,-0.25,148,coverage,initializing,0.12707961476461402,0.11844968649528272,0.13756837733897878
qwen3,actions,fake,alpha0.25,-0.25,148,coverage,deduction,0.48246037150740356,0.4658088364567763,0.4990756523066835
qwen3,actions,fake,alpha0.25,-0.25,148,coverage,adding-knowledge,0.25208825452856576,0.23591821038515526,0.2687332931755135
qwen3,actions,fake,alpha0.25,-0.25,148,coverage,example-testing,0.026690654884271522,0.019096597601302213,0.03448566456757211
qwen3,actions,fake,alpha0.25,-0.25,148,coverage,uncertainty-estimation,0.08480966710822052,0.07228300442129049,0.09729031068434049
qwen3,actions,fake,alpha0.25,-0.25,148,coverage,backtracking,0.026871437206924587,0.020929141764323297,0.03326461681467799
qwen3,actions,fake,alpha0.25,-0.25,148,any,initializing,1.0,1.0,1.0
qwen3,actions,fake,alpha0.25,-0.25,148,any,deduction,1.0,1.0,1.0
qwen3,actions,fake,alpha0.25,-0.25,148,any,adding-knowledge,0.9932432432432432,0.9797297297297297,1.0
qwen3,actions,fake,alpha0.25,-0.25,148,any,example-testing,0.34459459459459457,0.2702702702702703,0.4189189189189189
qwen3,actions,fake,alpha0.25,-0.25,148,any,uncertainty-estimation,0.777027027027027,0.7094594594594594,0.8445945945945946
qwen3,actions,fake,alpha0.25,-0.25,148,any,backtracking,0.42567567567567566,0.34459459459459457,0.5067567567567568
qwen3,actions,fake,alpha0.25,-0.25,148,words,,268.52027027027026,244.02685810810812,298.6633445945946
qwen3,actions,fake,alpha0.25,-0.25,148,n_spans_counted,,18.91891891891892,17.58108108108108,20.243243243243242
qwen3,actions,fake,alpha0.25,-0.25,148,repetition_4gram,,0.012100510312637477,0.007756981942351857,0.018294433823069632
qwen3,actions,fake,alpha0.25,-0.25,148,executed,,0.6148648648648649,0.5337837837837838,0.6891891891891891
qwen3,actions,fake,alpha0.3,-0.3,148,density,initializing,0.594253526574479,0.5345554456449344,0.6548316621144303
qwen3,actions,fake,alpha0.3,-0.3,148,density,deduction,3.840542153059338,3.6697788163739404,4.006302405914637
qwen3,actions,fake,alpha0.3,-0.3,148,density,adding-knowledge,1.7080769256800965,1.5758522844596952,1.8409794120246665
qwen3,actions,fake,alpha0.3,-0.3,148,density,example-testing,0.27950963575225385,0.21635791360142956,0.3504785366463229
qwen3,actions,fake,alpha0.3,-0.3,148,density,uncertainty-estimation,0.7506683596624185,0.6476638337851833,0.8419632342345839
qwen3,actions,fake,alpha0.3,-0.3,148,density,backtracking,0.17523522698968827,0.13793313970053134,0.21672009525401964
qwen3,actions,fake,alpha0.3,-0.3,148,coverage,initializing,0.11611320260048924,0.10841595420854959,0.1242776264798822
qwen3,actions,fake,alpha0.3,-0.3,148,coverage,deduction,0.48689546936394645,0.4683632390993932,0.5058600628016522
qwen3,actions,fake,alpha0.3,-0.3,148,coverage,adding-knowledge,0.23892960971617885,0.22137295574572516,0.25630992872022385
qwen3,actions,fake,alpha0.3,-0.3,148,coverage,example-testing,0.03628745605978253,0.028587181272690314,0.0449762079607271
qwen3,actions,fake,alpha0.3,-0.3,148,coverage,uncertainty-estimation,0.09545298649546016,0.0811418391511808,0.10876531406357479
qwen3,actions,fake,alpha0.3,-0.3,148,coverage,backtracking,0.02632127576414277,0.020026302691644376,0.03352083887728626
qwen3,actions,fake,alpha0.3,-0.3,148,any,initializing,1.0,1.0,1.0
qwen3,actions,fake,alpha0.3,-0.3,148,any,deduction,1.0,1.0,1.0
qwen3,actions,fake,alpha0.3,-0.3,148,any,adding-knowledge,1.0,1.0,1.0
qwen3,actions,fake,alpha0.3,-0.3,148,any,example-testing,0.43243243243243246,0.3581081081081081,0.5135135135135135
qwen3,actions,fake,alpha0.3,-0.3,148,any,uncertainty-estimation,0.7972972972972973,0.7297297297297297,0.8581081081081081
qwen3,actions,fake,alpha0.3,-0.3,148,any,backtracking,0.40540540540540543,0.32432432432432434,0.4864864864864865
qwen3,actions,fake,alpha0.3,-0.3,148,words,,319.1081081081081,281.2525337837838,372.9743243243243
qwen3,actions,fake,alpha0.3,-0.3,148,n_spans_counted,,21.45945945945946,20.04054054054054,22.9527027027027
qwen3,actions,fake,alpha0.3,-0.3,148,repetition_4gram,,0.024362942330261872,0.01425171839849751,0.04035523469397106
qwen3,actions,fake,alpha0.3,-0.3,148,executed,,0.6802721088435374,0.5986394557823129,0.7551020408163265
qwen3,actions,fake,alpha0.32,-0.32,149,density,initializing,0.6293767306049485,0.5789823582083758,0.6840972457319936
qwen3,actions,fake,alpha0.32,-0.32,149,density,deduction,3.800713195114815,3.6299582203090504,3.985505027060019
qwen3,actions,fake,alpha0.32,-0.32,149,density,adding-knowledge,1.8200437317369436,1.684808483736956,1.9498013837900212
qwen3,actions,fake,alpha0.32,-0.32,149,density,example-testing,0.2263452581895768,0.15694242015408516,0.3081811674707984
qwen3,actions,fake,alpha0.32,-0.32,149,density,uncertainty-estimation,0.7278209571026919,0.6286386312974139,0.8307117052595607
qwen3,actions,fake,alpha0.32,-0.32,149,density,backtracking,0.23576900859260208,0.18920974467669055,0.2836019536561859
qwen3,actions,fake,alpha0.32,-0.32,149,coverage,initializing,0.1210760233259139,0.11355843272084529,0.12909295777056468
qwen3,actions,fake,alpha0.32,-0.32,149,coverage,deduction,0.47236145646822414,0.45320137676014943,0.4924050712692945
qwen3,actions,fake,alpha0.32,-0.32,149,coverage,adding-knowledge,0.24919905902607872,0.23110439971486058,0.2654579572320142
qwen3,actions,fake,alpha0.32,-0.32,149,coverage,example-testing,0.030944640077048204,0.02159019058681142,0.041363626300769424
qwen3,actions,fake,alpha0.32,-0.32,149,coverage,uncertainty-estimation,0.0931953343118331,0.0801419254246549,0.10581479145659617
qwen3,actions,fake,alpha0.32,-0.32,149,coverage,backtracking,0.03322348679090186,0.026310885033838053,0.03982582876398759
qwen3,actions,fake,alpha0.32,-0.32,149,any,initializing,1.0,1.0,1.0
qwen3,actions,fake,alpha0.32,-0.32,149,any,deduction,1.0,1.0,1.0
qwen3,actions,fake,alpha0.32,-0.32,149,any,adding-knowledge,1.0,1.0,1.0
qwen3,actions,fake,alpha0.32,-0.32,149,any,example-testing,0.35570469798657717,0.28187919463087246,0.436241610738255
qwen3,actions,fake,alpha0.32,-0.32,149,any,uncertainty-estimation,0.7986577181208053,0.7315436241610739,0.8657718120805369
qwen3,actions,fake,alpha0.32,-0.32,149,any,backtracking,0.4697986577181208,0.38926174496644295,0.5503355704697986
qwen3,actions,fake,alpha0.32,-0.32,149,words,,290.56375838926175,254.16694630872482,339.74765100671135
qwen3,actions,fake,alpha0.32,-0.32,149,n_spans_counted,,20.006711409395972,18.523489932885905,21.64463087248322
qwen3,actions,fake,alpha0.32,-0.32,149,repetition_4gram,,0.020257306142141066,0.010978304367260017,0.03359902459321804
qwen3,actions,fake,alpha0.32,-0.32,149,executed,,0.6081081081081081,0.5337837837837838,0.6891891891891891
qwen3,actions,real,alpha0.0,0.0,149,density,initializing,0.6916163047594227,0.6376475082758416,0.7520752823131579
qwen3,actions,real,alpha0.0,0.0,149,density,deduction,3.7914125096841134,3.632136491220428,3.9498157670387792
qwen3,actions,real,alpha0.0,0.0,149,density,adding-knowledge,2.0153040435469394,1.9012761492659116,2.1367159809710556
qwen3,actions,real,alpha0.0,0.0,149,density,example-testing,0.13185011530850071,0.08201447635677202,0.19447145684473785
qwen3,actions,real,alpha0.0,0.0,149,density,uncertainty-estimation,0.48341148740864515,0.40643654991986994,0.5620884200213362
qwen3,actions,real,alpha0.0,0.0,149,density,backtracking,0.13734128396595044,0.09752598896676168,0.18397544742650376
qwen3,actions,real,alpha0.0,0.0,149,coverage,initializing,0.12884041645594368,0.1214126059808124,0.1360644641284501
qwen3,actions,real,alpha0.0,0.0,149,coverage,deduction,0.48191612000553874,0.462686222395708,0.5008671713114422
qwen3,actions,real,alpha0.0,0.0,149,coverage,adding-knowledge,0.28819913933371166,0.27073556003516874,0.30504650765343316
qwen3,actions,real,alpha0.0,0.0,149,coverage,example-testing,0.018246974429628773,0.011185439285947413,0.026847815433909065
qwen3,actions,real,alpha0.0,0.0,149,coverage,uncertainty-estimation,0.06439872515461743,0.05340111780447883,0.07577651976628542
qwen3,actions,real,alpha0.0,0.0,149,coverage,backtracking,0.01839862462055966,0.013086160721736675,0.024783150941544485
qwen3,actions,real,alpha0.0,0.0,149,any,initializing,1.0,1.0,1.0
qwen3,actions,real,alpha0.0,0.0,149,any,deduction,1.0,1.0,1.0
qwen3,actions,real,alpha0.0,0.0,149,any,adding-knowledge,1.0,1.0,1.0
qwen3,actions,real,alpha0.0,0.0,149,any,example-testing,0.19463087248322147,0.1342281879194631,0.26174496644295303
qwen3,actions,real,alpha0.0,0.0,149,any,uncertainty-estimation,0.610738255033557,0.5369127516778524,0.6845637583892618
qwen3,actions,real,alpha0.0,0.0,149,any,backtracking,0.2550335570469799,0.18791946308724833,0.3288590604026846
qwen3,actions,real,alpha0.0,0.0,149,words,,237.31543624161074,222.70469798657717,252.35805369127513
qwen3,actions,real,alpha0.0,0.0,149,n_spans_counted,,16.953020134228186,15.953020134228188,18.04731543624161
qwen3,actions,real,alpha0.0,0.0,149,repetition_4gram,,0.004716861430405263,0.0034273575700296136,0.006137376516991953
qwen3,actions,real,alpha0.0,0.0,149,executed,,0.20134228187919462,0.14093959731543623,0.2684563758389262
qwen3,actions,real,alpha0.043_aware,0.043,149,density,initializing,0.6791138166712746,0.6226644239842002,0.7350887801484376
qwen3,actions,real,alpha0.043_aware,0.043,149,density,deduction,3.6327148966028635,3.4763492858690674,3.7969327242307207
qwen3,actions,real,alpha0.043_aware,0.043,149,density,adding-knowledge,1.9587467884357295,1.845735386204344,2.0771825141537485
qwen3,actions,real,alpha0.043_aware,0.043,149,density,example-testing,0.0751848516044173,0.04316815458771899,0.10989570387221143
qwen3,actions,real,alpha0.043_aware,0.043,149,density,uncertainty-estimation,0.5991140738446469,0.5236528373978074,0.6760726013182782
qwen3,actions,real,alpha0.043_aware,0.043,149,density,backtracking,0.12318706546352215,0.0888229662635334,0.15854761559250874
qwen3,actions,real,alpha0.043_aware,0.043,149,coverage,initializing,0.12009496504477163,0.11410030532057652,0.12606245934894644
qwen3,actions,real,alpha0.043_aware,0.043,149,coverage,deduction,0.4837264688329031,0.46758538253097026,0.5010615037156496
qwen3,actions,real,alpha0.043_aware,0.043,149,coverage,adding-knowledge,0.2797630055326185,0.2636682242484393,0.29597237501626583
qwen3,actions,real,alpha0.043_aware,0.043,149,coverage,example-testing,0.010490848664976071,0.0056854468354853305,0.015974780506614224
qwen3,actions,real,alpha0.043_aware,0.043,149,coverage,uncertainty-estimation,0.08864311500369758,0.07688546233928091,0.10012956499747984
qwen3,actions,real,alpha0.043_aware,0.043,149,coverage,backtracking,0.017281596921033197,0.012420259747951466,0.022596353659310228
qwen3,actions,real,alpha0.043_aware,0.043,149,any,initializing,1.0,1.0,1.0
qwen3,actions,real,alpha0.043_aware,0.043,149,any,deduction,1.0,1.0,1.0
qwen3,actions,real,alpha0.043_aware,0.043,149,any,adding-knowledge,1.0,1.0,1.0
qwen3,actions,real,alpha0.043_aware,0.043,149,any,example-testing,0.1476510067114094,0.087248322147651,0.2080536912751678
qwen3,actions,real,alpha0.043_aware,0.043,149,any,uncertainty-estimation,0.785234899328859,0.7181208053691275,0.8458053691275159
qwen3,actions,real,alpha0.043_aware,0.043,149,any,backtracking,0.26174496644295303,0.19463087248322147,0.33557046979865773
qwen3,actions,real,alpha0.043_aware,0.043,149,words,,284.48993288590606,247.01258389261744,346.4976510067114
qwen3,actions,real,alpha0.043_aware,0.043,149,n_spans_counted,,18.033557046979865,16.973154362416107,19.295637583892617
qwen3,actions,real,alpha0.043_aware,0.043,149,repetition_4gram,,0.014684550674009459,0.006393604897827503,0.029764491282412427
qwen3,actions,real,alpha0.043_aware,0.043,149,executed,,0.22297297297297297,0.1554054054054054,0.2905405405405405
qwen3,actions,real,alpha0.053_aware,0.053,148,density,initializing,0.6472752750263718,0.5815498231614115,0.7180246524669863
qwen3,actions,real,alpha0.053_aware,0.053,148,density,deduction,3.337971806475602,3.1394381329575345,3.525878391909203
qwen3,actions,real,alpha0.053_aware,0.053,148,density,adding-knowledge,1.8104802868404868,1.6795542934341368,1.9349410303088133
qwen3,actions,real,alpha0.053_aware,0.053,148,density,example-testing,0.12045860678495776,0.08049738266920778,0.16589021623162284
qwen3,actions,real,alpha0.053_aware,0.053,148,density,uncertainty-estimation,0.4981938117489969,0.42975295653354656,0.5681080728777753
qwen3,actions,real,alpha0.053_aware,0.053,148,density,backtracking,0.11065013052948942,0.07660392250036124,0.1475597191874876
qwen3,actions,real,alpha0.053_aware,0.053,148,coverage,initializing,0.12431393524526131,0.11483307824047106,0.1348268324316939
qwen3,actions,real,alpha0.053_aware,0.053,148,coverage,deduction,0.48119294009116337,0.46241764137829167,0.49943696936679577
qwen3,actions,real,alpha0.053_aware,0.053,148,coverage,adding-knowledge,0.27713647761662713,0.2605299720422788,0.2937049989833875
qwen3,actions,real,alpha0.053_aware,0.053,148,coverage,example-testing,0.016985484650826697,0.011071992037687516,0.0238271005029563
qwen3,actions,real,alpha0.053_aware,0.053,148,coverage,uncertainty-estimation,0.08177284205144308,0.06995852668895099,0.09369522121879717
qwen3,actions,real,alpha0.053_aware,0.053,148,coverage,backtracking,0.01859832034467842,0.012795916186619245,0.024924527416526534
qwen3,actions,real,alpha0.053_aware,0.053,148,any,initializing,1.0,1.0,1.0
qwen3,actions,real,alpha0.053_aware,0.053,148,any,deduction,1.0,1.0,1.0
qwen3,actions,real,alpha0.053_aware,0.053,148,any,adding-knowledge,0.9932432432432432,0.9797297297297297,1.0
qwen3,actions,real,alpha0.053_aware,0.053,148,any,example-testing,0.22297297297297297,0.16216216216216217,0.2905405405405405
qwen3,actions,real,alpha0.053_aware,0.053,148,any,uncertainty-estimation,0.7567567567567568,0.6890202702702702,0.8243243243243243
qwen3,actions,real,alpha0.053_aware,0.053,148,any,backtracking,0.28378378378378377,0.20945945945945946,0.3581081081081081
qwen3,actions,real,alpha0.053_aware,0.053,148,words,,492.61486486486484,366.94949324324324,637.6287162162159
qwen3,actions,real,alpha0.053_aware,0.053,148,n_spans_counted,,17.905405405405407,16.776858108108108,19.175675675675677
qwen3,actions,real,alpha0.053_aware,0.053,148,repetition_4gram,,0.07871006924854486,0.0434616778516779,0.12041923510373764
qwen3,actions,real,alpha0.053_aware,0.053,148,executed,,0.26277372262773724,0.1897810218978102,0.3357664233576642
qwen3,actions,real,alpha0.05_aware,0.05,147,density,initializing,0.6740639081739465,0.6182891638745008,0.7317858179850772
qwen3,actions,real,alpha0.05_aware,0.05,147,density,deduction,3.6118125406955586,3.4525886864711843,3.7686263513386984
qwen3,actions,real,alpha0.05_aware,0.05,147,density,adding-knowledge,1.9348075924580963,1.8173342048499714,2.052369967514085
qwen3,actions,real,alpha0.05_aware,0.05,147,density,example-testing,0.0883033717660456,0.054796512032319424,0.12477829438885074
qwen3,actions,real,alpha0.05_aware,0.05,147,density,uncertainty-estimation,0.5438135624110867,0.4755919529455045,0.6164595337556604
qwen3,actions,real,alpha0.05_aware,0.05,147,density,backtracking,0.1211497836655114,0.08550190310747922,0.1601505319774394
qwen3,actions,real,alpha0.05_aware,0.05,147,coverage,initializing,0.1212503950842505,0.11419966759778659,0.12878747210323632
qwen3,actions,real,alpha0.05_aware,0.05,147,coverage,deduction,0.48681300118335236,0.4690024588720714,0.5049584666734683
qwen3,actions,real,alpha0.05_aware,0.05,147,coverage,adding-knowledge,0.281803365766448,0.2657287916775767,0.29758646930763544
qwen3,actions,real,alpha0.05_aware,0.05,147,coverage,example-testing,0.01244314167478065,0.007909759337304017,0.017399767966479844
qwen3,actions,real,alpha0.05_aware,0.05,147,coverage,uncertainty-estimation,0.08111353155623949,0.07046415235037444,0.09195661975483457
qwen3,actions,real,alpha0.05_aware,0.05,147,coverage,backtracking,0.01657656473492888,0.011777821011164813,0.021831913944600306
qwen3,actions,real,alpha0.05_aware,0.05,147,any,initializing,1.0,1.0,1.0
qwen3,actions,real,alpha0.05_aware,0.05,147,any,deduction,1.0,1.0,1.0
qwen3,actions,real,alpha0.05_aware,0.05,147,any,adding-knowledge,1.0,1.0,1.0
qwen3,actions,real,alpha0.05_aware,0.05,147,any,example-testing,0.17006802721088435,0.10884353741496598,0.23129251700680273
qwen3,actions,real,alpha0.05_aware,0.05,147,any,uncertainty-estimation,0.7755102040816326,0.7074829931972789,0.8435374149659864
qwen3,actions,real,alpha0.05_aware,0.05,147,any,backtracking,0.2585034013605442,0.19047619047619047,0.3333333333333333
qwen3,actions,real,alpha0.05_aware,0.05,147,words,,294.3741496598639,250.79591836734693,363.5721088435374
qwen3,actions,real,alpha0.05_aware,0.05,147,n_spans_counted,,17.79591836734694,16.85034013605442,18.843707482993196
qwen3,actions,real,alpha0.05_aware,0.05,147,repetition_4gram,,0.021060393160592838,0.007605767269243476,0.041231258494209916
qwen3,actions,real,alpha0.05_aware,0.05,147,executed,,0.22758620689655173,0.15862068965517243,0.296551724137931
qwen3,actions,real,alpha0.25,-0.25,149,density,initializing,0.6033316479090549,0.551402835836954,0.6596936190378055
qwen3,actions,real,alpha0.25,-0.25,149,density,deduction,3.8496883906278274,3.6923104538275577,4.000478192358319
qwen3,actions,real,alpha0.25,-0.25,149,density,adding-knowledge,1.8713511420052493,1.7674144441347832,1.9756524734223777
qwen3,actions,real,alpha0.25,-0.25,149,density,example-testing,0.15677127946553215,0.10630763771630594,0.21586264975091027
qwen3,actions,real,alpha0.25,-0.25,149,density,uncertainty-estimation,0.6419992980572766,0.5481856754877847,0.7405485375183134
qwen3,actions,real,alpha0.25,-0.25,149,density,backtracking,0.16454520085304386,0.12031427177549762,0.20982508372604455
qwen3,actions,real,alpha0.25,-0.25,149,coverage,initializing,0.12154797543006181,0.11527178005461478,0.1285128092009132
qwen3,actions,real,alpha0.25,-0.25,149,coverage,deduction,0.4854496193799309,0.46853811092109254,0.5021240307327539
qwen3,actions,real,alpha0.25,-0.25,149,coverage,adding-knowledge,0.26648963086927036,0.25202411210650527,0.2803952176811613
qwen3,actions,real,alpha0.25,-0.25,149,coverage,example-testing,0.019570070030289315,0.01322433002015255,0.02712416046960433
qwen3,actions,real,alpha0.25,-0.25,149,coverage,uncertainty-estimation,0.08487638744780163,0.07206488793796492,0.09851875865642137
qwen3,actions,real,alpha0.25,-0.25,149,coverage,backtracking,0.022066316842645962,0.01583992003819577,0.02876783482858774
qwen3,actions,real,alpha0.25,-0.25,149,any,initializing,1.0,1.0,1.0
qwen3,actions,real,alpha0.25,-0.25,149,any,deduction,1.0,1.0,1.0
qwen3,actions,real,alpha0.25,-0.25,149,any,adding-knowledge,1.0,1.0,1.0
qwen3,actions,real,alpha0.25,-0.25,149,any,example-testing,0.24161073825503357,0.174496644295302,0.3087248322147651
qwen3,actions,real,alpha0.25,-0.25,149,any,uncertainty-estimation,0.7919463087248322,0.7248322147651006,0.8590604026845637
qwen3,actions,real,alpha0.25,-0.25,149,any,backtracking,0.3087248322147651,0.2348993288590604,0.3825503355704698
qwen3,actions,real,alpha0.25,-0.25,149,words,,254.1476510067114,234.2273489932886,277.89278523489935
qwen3,actions,real,alpha0.25,-0.25,149,n_spans_counted,,18.21476510067114,16.85234899328859,19.691275167785236
qwen3,actions,real,alpha0.25,-0.25,149,repetition_4gram,,0.00968901864158769,0.005607132764057484,0.014819057823898769
qwen3,actions,real,alpha0.25,-0.25,149,executed,,0.40268456375838924,0.3221476510067114,0.48322147651006714
qwen3,actions,real,alpha0.3,-0.3,149,density,initializing,0.58005476615995,0.5317240806348948,0.6280699122023704
qwen3,actions,real,alpha0.3,-0.3,149,density,deduction,3.708405705261531,3.539169379710515,3.8801327580482927
qwen3,actions,real,alpha0.3,-0.3,149,density,adding-knowledge,1.8042587141338429,1.6793855988757023,1.9220518655033951
qwen3,actions,real,alpha0.3,-0.3,149,density,example-testing,0.172941738239671,0.11353753059007843,0.24177656403474806
qwen3,actions,real,alpha0.3,-0.3,149,density,uncertainty-estimation,0.587421686084828,0.5015230329609174,0.6729212614767158
qwen3,actions,real,alpha0.3,-0.3,149,density,backtracking,0.19867403592427127,0.15273184177861263,0.24805735755424138
qwen3,actions,real,alpha0.3,-0.3,149,coverage,initializing,0.1275584624280263,0.1180537316276044,0.1374952120640549
qwen3,actions,real,alpha0.3,-0.3,149,coverage,deduction,0.48087345206898635,0.46287998017982046,0.5002640955530028
qwen3,actions,real,alpha0.3,-0.3,149,coverage,adding-knowledge,0.26407206077261147,0.24734567707192492,0.280428518663353
qwen3,actions,real,alpha0.3,-0.3,149,coverage,example-testing,0.02457690951070284,0.015679039672520788,0.03459470092173149
qwen3,actions,real,alpha0.3,-0.3,149,coverage,uncertainty-estimation,0.07609356885006989,0.06523804924226241,0.08710319174636356
qwen3,actions,real,alpha0.3,-0.3,149,coverage,backtracking,0.026825546369603066,0.02015917907114687,0.03442185664043491
qwen3,actions,real,alpha0.3,-0.3,149,any,initializing,1.0,1.0,1.0
qwen3,actions,real,alpha0.3,-0.3,149,any,deduction,1.0,1.0,1.0
qwen3,actions,real,alpha0.3,-0.3,149,any,adding-knowledge,0.9932885906040269,0.9798657718120806,1.0
qwen3,actions,real,alpha0.3,-0.3,149,any,example-testing,0.2550335570469799,0.18791946308724833,0.3223154362416098
qwen3,actions,real,alpha0.3,-0.3,149,any,uncertainty-estimation,0.7046979865771812,0.6308724832214765,0.7719798657718112
qwen3,actions,real,alpha0.3,-0.3,149,any,backtracking,0.38926174496644295,0.31543624161073824,0.4697986577181208
qwen3,actions,real,alpha0.3,-0.3,149,words,,299.10738255033556,254.2746644295302,365.72533557046984
qwen3,actions,real,alpha0.3,-0.3,149,n_spans_counted,,19.026845637583893,17.335402684563757,21.12130872483221
qwen3,actions,real,alpha0.3,-0.3,149,repetition_4gram,,0.018784751685472445,0.008893132307114044,0.036006892964232075
qwen3,actions,real,alpha0.3,-0.3,149,executed,,0.4189189189189189,0.33783783783783783,0.5
qwen3,actions,real,alpha0.32,-0.32,149,density,initializing,0.6181986344112266,0.5524902668351622,0.6906683513700198
qwen3,actions,real,alpha0.32,-0.32,149,density,deduction,3.590623370986617,3.4311351832835686,3.763907651940328
qwen3,actions,real,alpha0.32,-0.32,149,density,adding-knowledge,1.7200534616632122,1.5932354904845065,1.854232262430609
qwen3,actions,real,alpha0.32,-0.32,149,density,example-testing,0.1798438823752187,0.1253970699909642,0.235868651205899
qwen3,actions,real,alpha0.32,-0.32,149,density,uncertainty-estimation,0.569212378471481,0.48838814998266916,0.6606357019644831
qwen3,actions,real,alpha0.32,-0.32,149,density,backtracking,0.21281387341710997,0.17114609532195774,0.2587342316154264
qwen3,actions,real,alpha0.32,-0.32,149,coverage,initializing,0.1259487967024144,0.11709788404141377,0.13480438068165726
qwen3,actions,real,alpha0.32,-0.32,149,coverage,deduction,0.47427229673215554,0.45595524723031555,0.49341814902782893
qwen3,actions,real,alpha0.32,-0.32,149,coverage,adding-knowledge,0.25775782338458775,0.2405678173727526,0.27597157514100185
qwen3,actions,real,alpha0.32,-0.32,149,coverage,example-testing,0.027870817487913074,0.01956573624993571,0.036618074111055436
qwen3,actions,real,alpha0.32,-0.32,149,coverage,uncertainty-estimation,0.08345080550146501,0.07014157537509107,0.09858761749847975
qwen3,actions,real,alpha0.32,-0.32,149,coverage,backtracking,0.030699460191464183,0.024470747041702694,0.037660493603940866
qwen3,actions,real,alpha0.32,-0.32,149,any,initializing,1.0,1.0,1.0
qwen3,actions,real,alpha0.32,-0.32,149,any,deduction,1.0,1.0,1.0
qwen3,actions,real,alpha0.32,-0.32,149,any,adding-knowledge,0.9865771812080537,0.9664429530201343,1.0
qwen3,actions,real,alpha0.32,-0.32,149,any,example-testing,0.3087248322147651,0.2348993288590604,0.3825503355704698
qwen3,actions,real,alpha0.32,-0.32,149,any,uncertainty-estimation,0.7449664429530202,0.6711409395973155,0.8120805369127517
qwen3,actions,real,alpha0.32,-0.32,149,any,backtracking,0.4429530201342282,0.3691275167785235,0.5234899328859061
qwen3,actions,real,alpha0.32,-0.32,149,words,,336.51677852348996,279.14614093959733,412.94932885906036
qwen3,actions,real,alpha0.32,-0.32,149,n_spans_counted,,19.906040268456376,18.248322147651006,21.765436241610736
qwen3,actions,real,alpha0.32,-0.32,149,repetition_4gram,,0.027662407468571914,0.012988691932212772,0.04838062156636972
qwen3,actions,real,alpha0.32,-0.32,149,executed,,0.5170068027210885,0.43537414965986393,0.5986394557823129
qwq,actions,fake,alpha0.0,0.0,149,density,initializing,0.8099310501989228,0.7234716322790457,0.9101846524859576
qwq,actions,fake,alpha0.0,0.0,149,density,deduction,4.081199523463889,3.9036595279557917,4.260105167216193
qwq,actions,fake,alpha0.0,0.0,149,density,adding-knowledge,1.693736420938381,1.555901067392018,1.855176454233462
qwq,actions,fake,alpha0.0,0.0,149,density,example-testing,0.2827349277477273,0.19734808265802428,0.3810345536764571
qwq,actions,fake,alpha0.0,0.0,149,density,uncertainty-estimation,0.6930601555827316,0.5957297292726704,0.7960609453939674
qwq,actions,fake,alpha0.0,0.0,149,density,backtracking,0.18047548403294802,0.138320259306501,0.22318583167279524
qwq,actions,fake,alpha0.0,0.0,149,coverage,initializing,0.1374096367311288,0.12673222028602166,0.14915962990167028
qwq,actions,fake,alpha0.0,0.0,149,coverage,deduction,0.499632500494876,0.4792181025696773,0.5184160250592709
qwq,actions,fake,alpha0.0,0.0,149,coverage,adding-knowledge,0.211743029847321,0.19439961127556205,0.23060453475208761
qwq,actions,fake,alpha0.0,0.0,149,coverage,example-testing,0.03771302931444244,0.026653836311290233,0.04918214133016184
qwq,actions,fake,alpha0.0,0.0,149,coverage,uncertainty-estimation,0.08816627974577484,0.0743445014739122,0.10301450140941602
qwq,actions,fake,alpha0.0,0.0,149,coverage,backtracking,0.025335523866457012,0.01937017126386282,0.03139635026099494
qwq,actions,fake,alpha0.0,0.0,149,any,initializing,1.0,1.0,1.0
qwq,actions,fake,alpha0.0,0.0,149,any,deduction,1.0,1.0,1.0
qwq,actions,fake,alpha0.0,0.0,149,any,adding-knowledge,0.9932885906040269,0.9798657718120806,1.0
qwq,actions,fake,alpha0.0,0.0,149,any,example-testing,0.348993288590604,0.2751677852348993,0.4228187919463087
qwq,actions,fake,alpha0.0,0.0,149,any,uncertainty-estimation,0.7583892617449665,0.6912751677852349,0.8187919463087249
qwq,actions,fake,alpha0.0,0.0,149,any,backtracking,0.3825503355704698,0.30201342281879195,0.46308724832214765
qwq,actions,fake,alpha0.0,0.0,149,words,,285.9865771812081,252.56040268456377,322.2890939597316
qwq,actions,fake,alpha0.0,0.0,149,n_spans_counted,,21.389261744966444,19.08053691275168,23.772651006711403
qwq,actions,fake,alpha0.0,0.0,149,repetition_4gram,,0.009501312635316169,0.005409351984839638,0.01388965088020528
qwq,actions,fake,alpha0.0,0.0,149,executed,,0.697986577181208,0.6241610738255033,0.7718120805369127
qwq,actions,fake,alpha0.05_aware,0.05,149,density,initializing,0.8597905821904331,0.7707899641181213,0.9546125955436469
qwq,actions,fake,alpha0.05_aware,0.05,149,density,deduction,4.0931858651383815,3.8975966886347106,4.295901867354633
qwq,actions,fake,alpha0.05_aware,0.05,149,density,adding-knowledge,1.7120000755465974,1.580670982296032,1.8432190154608517
qwq,actions,fake,alpha0.05_aware,0.05,149,density,example-testing,0.5268656601746013,0.39247148612421195,0.676234842228554
qwq,actions,fake,alpha0.05_aware,0.05,149,density,uncertainty-estimation,0.6892449458009221,0.5938339047988231,0.7910680245710348
qwq,actions,fake,alpha0.05_aware,0.05,149,density,backtracking,0.17981505639733536,0.13771771589966358,0.22447692521083765
qwq,actions,fake,alpha0.05_aware,0.05,149,coverage,initializing,0.1358202492987849,0.12516000239513875,0.14746797355264077
qwq,actions,fake,alpha0.05_aware,0.05,149,coverage,deduction,0.489592820785883,0.4685117644096783,0.511220317832039
qwq,actions,fake,alpha0.05_aware,0.05,149,coverage,adding-knowledge,0.20702231899462306,0.18977329617906194,0.2238614388000105
qwq,actions,fake,alpha0.05_aware,0.05,149,coverage,example-testing,0.061163750531456805,0.048626405744392566,0.07448337723218115
qwq,actions,fake,alpha0.05_aware,0.05,149,coverage,uncertainty-estimation,0.08278817149756464,0.07102751228365535,0.09620390208066895
qwq,actions,fake,alpha0.05_aware,0.05,149,coverage,backtracking,0.023612688891687626,0.01776097846038079,0.030098425720805178
qwq,actions,fake,alpha0.05_aware,0.05,149,any,initializing,1.0,1.0,1.0
qwq,actions,fake,alpha0.05_aware,0.05,149,any,deduction,0.9932885906040269,0.9798657718120806,1.0
qwq,actions,fake,alpha0.05_aware,0.05,149,any,adding-knowledge,1.0,1.0,1.0
qwq,actions,fake,alpha0.05_aware,0.05,149,any,example-testing,0.5369127516778524,0.4563758389261745,0.6174496644295302
qwq,actions,fake,alpha0.05_aware,0.05,149,any,uncertainty-estimation,0.7718120805369127,0.7046979865771812,0.8322147651006712
qwq,actions,fake,alpha0.05_aware,0.05,149,any,backtracking,0.3691275167785235,0.2953020134228188,0.44966442953020136
qwq,actions,fake,alpha0.05_aware,0.05,149,words,,277.06040268456377,247.34614093959732,313.0706375838926
qwq,actions,fake,alpha0.05_aware,0.05,149,n_spans_counted,,21.899328859060404,19.556543624161073,24.919630872483218
qwq,actions,fake,alpha0.05_aware,0.05,149,repetition_4gram,,0.010355134343965147,0.00613585372810239,0.015672753632033947
qwq,actions,fake,alpha0.05_aware,0.05,149,executed,,0.8523489932885906,0.7919463087248322,0.9060402684563759
qwq,actions,fake,alpha0.25,-0.25,149,density,initializing,0.7854063663700909,0.709752003104741,0.8722263390296222
qwq,actions,fake,alpha0.25,-0.25,149,density,deduction,4.223359972558674,4.008998307186721,4.4445312134572275
qwq,actions,fake,alpha0.25,-0.25,149,density,adding-knowledge,1.8519457254695286,1.7161665600779281,1.9916421543200091
qwq,actions,fake,alpha0.25,-0.25,149,density,example-testing,0.24812239467702749,0.1762204303660911,0.33079148334810643
qwq,actions,fake,alpha0.25,-0.25,149,density,uncertainty-estimation,0.7167438840444289,0.6150018871030393,0.8202470245810748
qwq,actions,fake,alpha0.25,-0.25,149,density,backtracking,0.1981612612651777,0.15204426666634005,0.2424123048161602
qwq,actions,fake,alpha0.25,-0.25,149,coverage,initializing,0.13416676883192627,0.12375833530269503,0.14450779101739095
qwq,actions,fake,alpha0.25,-0.25,149,coverage,deduction,0.4850157898930349,0.46601313931019456,0.5036595668693555
qwq,actions,fake,alpha0.25,-0.25,149,coverage,adding-knowledge,0.23770474951533904,0.21951079182502278,0.2563817779321173
qwq,actions,fake,alpha0.25,-0.25,149,coverage,example-testing,0.03315311595810338,0.023591069604732052,0.04464999694319365
qwq,actions,fake,alpha0.25,-0.25,149,coverage,uncertainty-estimation,0.0861973716549816,0.07415440301831257,0.09893691603911069
qwq,actions,fake,alpha0.25,-0.25,149,coverage,backtracking,0.023762204146614868,0.018052465591094486,0.03015949563055391
qwq,actions,fake,alpha0.25,-0.25,149,any,initializing,1.0,1.0,1.0
qwq,actions,fake,alpha0.25,-0.25,149,any,deduction,1.0,1.0,1.0
qwq,actions,fake,alpha0.25,-0.25,149,any,adding-knowledge,0.9932885906040269,0.9798657718120806,1.0
qwq,actions,fake,alpha0.25,-0.25,149,any,example-testing,0.3691275167785235,0.28859060402684567,0.4431208053691266
qwq,actions,fake,alpha0.25,-0.25,149,any,uncertainty-estimation,0.7315436241610739,0.6577181208053692,0.7986577181208053
qwq,actions,fake,alpha0.25,-0.25,149,any,backtracking,0.3624161073825503,0.28859060402684567,0.4429530201342282
qwq,actions,fake,alpha0.25,-0.25,149,words,,278.5973154362416,247.24093959731542,315.80788590604027
qwq,actions,fake,alpha0.25,-0.25,149,n_spans_counted,,21.644295302013422,19.40268456375839,24.147818791946307
qwq,actions,fake,alpha0.25,-0.25,149,repetition_4gram,,0.008583179408303086,0.005660559563137971,0.012385052612076996
qwq,actions,fake,alpha0.25,-0.25,149,executed,,0.5234899328859061,0.4429530201342282,0.6040268456375839
qwq,actions,fake,alpha0.3,-0.3,149,density,initializing,0.7716550993176232,0.7009738028766541,0.8424157304008857
qwq,actions,fake,alpha0.3,-0.3,149,density,deduction,4.334596326714899,4.136972480892651,4.51898783282171
qwq,actions,fake,alpha0.3,-0.3,149,density,adding-knowledge,1.8635355580608999,1.7218505353095435,2.0146560863875704
qwq,actions,fake,alpha0.3,-0.3,149,density,example-testing,0.251271928815015,0.1836776127249218,0.32723514899339756
qwq,actions,fake,alpha0.3,-0.3,149,density,uncertainty-estimation,0.7509033638356108,0.6439133239060689,0.8554036059570228
qwq,actions,fake,alpha0.3,-0.3,149,density,backtracking,0.23899604738999639,0.1892961286228665,0.2902865259486243
qwq,actions,fake,alpha0.3,-0.3,149,coverage,initializing,0.13385181764884033,0.12447573993933059,0.14381816306321224
qwq,actions,fake,alpha0.3,-0.3,149,coverage,deduction,0.48979971383817117,0.47086130086997086,0.5085710407592139
qwq,actions,fake,alpha0.3,-0.3,149,coverage,adding-knowledge,0.22909965160753992,0.21105031012635533,0.2474540428991138
qwq,actions,fake,alpha0.3,-0.3,149,coverage,example-testing,0.03384767708761067,0.024856189702201728,0.044564779739722206
qwq,actions,fake,alpha0.3,-0.3,149,coverage,uncertainty-estimation,0.0863109513070248,0.07230665668838206,0.100511930375766
qwq,actions,fake,alpha0.3,-0.3,149,coverage,backtracking,0.027090188510813087,0.021459990194549895,0.033061330181754625
qwq,actions,fake,alpha0.3,-0.3,149,any,initializing,1.0,1.0,1.0
qwq,actions,fake,alpha0.3,-0.3,149,any,deduction,1.0,1.0,1.0
qwq,actions,fake,alpha0.3,-0.3,149,any,adding-knowledge,1.0,1.0,1.0
qwq,actions,fake,alpha0.3,-0.3,149,any,example-testing,0.348993288590604,0.2751677852348993,0.4228187919463087
qwq,actions,fake,alpha0.3,-0.3,149,any,uncertainty-estimation,0.7516778523489933,0.6845637583892618,0.8187919463087249
qwq,actions,fake,alpha0.3,-0.3,149,any,backtracking,0.4429530201342282,0.3624161073825503,0.5234899328859061
qwq,actions,fake,alpha0.3,-0.3,149,words,,254.98657718120805,228.91107382550337,282.54865771812075
qwq,actions,fake,alpha0.3,-0.3,149,n_spans_counted,,20.409395973154364,18.402516778523488,22.54412751677852
qwq,actions,fake,alpha0.3,-0.3,149,repetition_4gram,,0.006798743893831694,0.004674237979128512,0.00922870359741073
qwq,actions,fake,alpha0.3,-0.3,149,executed,,0.5302013422818792,0.44966442953020136,0.610738255033557
qwq,actions,real,alpha0.0,0.0,149,density,initializing,0.8433833059815325,0.7636817249527998,0.9221372512498148
qwq,actions,real,alpha0.0,0.0,149,density,deduction,4.319483415406983,4.133993199127547,4.501138628202577
qwq,actions,real,alpha0.0,0.0,149,density,adding-knowledge,2.0286416872753024,1.9079212629201847,2.1539014059512396
qwq,actions,real,alpha0.0,0.0,149,density,example-testing,0.1594335346964224,0.1083514504321791,0.2148915499512765
qwq,actions,real,alpha0.0,0.0,149,density,uncertainty-estimation,0.6811418438205122,0.5923560044035264,0.7752037248412759
qwq,actions,real,alpha0.0,0.0,149,density,backtracking,0.2034565029439869,0.15318291277461465,0.2539432674254748
qwq,actions,real,alpha0.0,0.0,149,coverage,initializing,0.14434456995918118,0.1348195193775079,0.1540413916557463
qwq,actions,real,alpha0.0,0.0,149,coverage,deduction,0.4833828665618694,0.46786880238572714,0.49841046599939054
qwq,actions,real,alpha0.0,0.0,149,coverage,adding-knowledge,0.24973413548466458,0.234779061423368,0.26465067371667256
qwq,actions,real,alpha0.0,0.0,149,coverage,example-testing,0.020802116681703446,0.014225526118120882,0.028101707234172355
qwq,actions,real,alpha0.0,0.0,149,coverage,uncertainty-estimation,0.07760878989683449,0.06599466070025105,0.0898903311138435
qwq,actions,real,alpha0.0,0.0,149,coverage,backtracking,0.024127521415746967,0.01773674764977087,0.03077620667614015
qwq,actions,real,alpha0.0,0.0,149,any,initializing,1.0,1.0,1.0
qwq,actions,real,alpha0.0,0.0,149,any,deduction,1.0,1.0,1.0
qwq,actions,real,alpha0.0,0.0,149,any,adding-knowledge,1.0,1.0,1.0
qwq,actions,real,alpha0.0,0.0,149,any,example-testing,0.2348993288590604,0.16778523489932887,0.30201342281879195
qwq,actions,real,alpha0.0,0.0,149,any,uncertainty-estimation,0.7449664429530202,0.6778523489932886,0.8120805369127517
qwq,actions,real,alpha0.0,0.0,149,any,backtracking,0.3624161073825503,0.28859060402684567,0.4429530201342282
qwq,actions,real,alpha0.0,0.0,149,words,,210.1208053691275,196.4270134228188,224.06208053691276
qwq,actions,real,alpha0.0,0.0,149,n_spans_counted,,16.93959731543624,15.87248322147651,18.00687919463087
qwq,actions,real,alpha0.0,0.0,149,repetition_4gram,,0.002848317103550419,0.0019569796940296725,0.0038281387868796058
qwq,actions,real,alpha0.0,0.0,149,executed,,0.3624161073825503,0.28859060402684567,0.4429530201342282
qwq,actions,real,alpha0.05_aware,0.05,149,density,initializing,0.7823014788112713,0.7087509391020654,0.8606663380508325
qwq,actions,real,alpha0.05_aware,0.05,149,density,deduction,4.017604612819121,3.821921092919863,4.218437559960074
qwq,actions,real,alpha0.05_aware,0.05,149,density,adding-knowledge,1.8401094309260366,1.7049296449332065,1.9837619499793344
qwq,actions,real,alpha0.05_aware,0.05,149,density,example-testing,0.29516352915093297,0.2311569270277911,0.36178875180016073
qwq,actions,real,alpha0.05_aware,0.05,149,density,uncertainty-estimation,0.9133111978905054,0.8040429089493202,1.0203983742198852
qwq,actions,real,alpha0.05_aware,0.05,149,density,backtracking,0.2380473617907954,0.19122483966878986,0.28584429698482755
qwq,actions,real,alpha0.05_aware,0.05,149,coverage,initializing,0.13347033156147398,0.12394868797374511,0.14361773482526832
qwq,actions,real,alpha0.05_aware,0.05,149,coverage,deduction,0.46801132185864697,0.4465368037220065,0.4880657941275309
qwq,actions,real,alpha0.05_aware,0.05,149,coverage,adding-knowledge,0.22227568138750134,0.205818051931484,0.23940046131297518
qwq,actions,real,alpha0.05_aware,0.05,149,coverage,example-testing,0.039683266954519805,0.03046442803217376,0.04884592433558328
qwq,actions,real,alpha0.05_aware,0.05,149,coverage,uncertainty-estimation,0.10716865680278724,0.0933641157677478,0.12130320533422526
qwq,actions,real,alpha0.05_aware,0.05,149,coverage,backtracking,0.02939074143507059,0.0234682438265651,0.03562481391483153
qwq,actions,real,alpha0.05_aware,0.05,149,any,initializing,1.0,1.0,1.0
qwq,actions,real,alpha0.05_aware,0.05,149,any,deduction,1.0,1.0,1.0
qwq,actions,real,alpha0.05_aware,0.05,149,any,adding-knowledge,1.0,1.0,1.0
qwq,actions,real,alpha0.05_aware,0.05,149,any,example-testing,0.4429530201342282,0.3624161073825503,0.5167785234899329
qwq,actions,real,alpha0.05_aware,0.05,149,any,uncertainty-estimation,0.8120805369127517,0.7516778523489933,0.87248322147651
qwq,actions,real,alpha0.05_aware,0.05,149,any,backtracking,0.4563758389261745,0.37583892617449666,0.5369127516778524
qwq,actions,real,alpha0.05_aware,0.05,149,words,,254.1208053691275,229.58187919463086,281.1546979865772
qwq,actions,real,alpha0.05_aware,0.05,149,n_spans_counted,,19.74496644295302,18.161073825503355,21.510234899328857
qwq,actions,real,alpha0.05_aware,0.05,149,repetition_4gram,,0.010412137622454805,0.00634848927756928,0.015515203163342133
qwq,actions,real,alpha0.05_aware,0.05,149,executed,,0.5637583892617449,0.4899328859060403,0.6442953020134228
qwq,actions,real,alpha0.25,-0.25,149,density,initializing,0.791848601223873,0.7323448694029433,0.8586157924183793
qwq,actions,real,alpha0.25,-0.25,149,density,deduction,4.314749011077378,4.14187403273548,4.494899106818954
qwq,actions,real,alpha0.25,-0.25,149,density,adding-knowledge,2.1871316794551356,2.0345130266596363,2.334309290087302
qwq,actions,real,alpha0.25,-0.25,149,density,example-testing,0.1483364789098352,0.09643169362744161,0.20986860818228625
qwq,actions,real,alpha0.25,-0.25,149,density,uncertainty-estimation,0.5695626244500199,0.486085252102111,0.6551231637235698
qwq,actions,real,alpha0.25,-0.25,149,density,backtracking,0.2455296999227624,0.1912837435620101,0.3025406923753687
qwq,actions,real,alpha0.25,-0.25,149,coverage,initializing,0.1461875155336178,0.13778163530463333,0.15463773377243498
qwq,actions,real,alpha0.25,-0.25,149,coverage,deduction,0.46773517173632984,0.44924736153819705,0.4861084064666402
qwq,actions,real,alpha0.25,-0.25,149,coverage,adding-knowledge,0.2739995750825841,0.2543046046916382,0.29244043231348205
qwq,actions,real,alpha0.25,-0.25,149,coverage,example-testing,0.02161044855118923,0.013350550669174788,0.03138840959915391
qwq,actions,real,alpha0.25,-0.25,149,coverage,uncertainty-estimation,0.06049628315147479,0.051339677358464,0.07000911141703192
qwq,actions,real,alpha0.25,-0.25,149,coverage,backtracking,0.029971005944804337,0.0231484774194579,0.037475175887505
qwq,actions,real,alpha0.25,-0.25,149,any,initializing,1.0,1.0,1.0
qwq,actions,real,alpha0.25,-0.25,149,any,deduction,1.0,1.0,1.0
qwq,actions,real,alpha0.25,-0.25,149,any,adding-knowledge,0.9865771812080537,0.9664429530201343,1.0
qwq,actions,real,alpha0.25,-0.25,149,any,example-testing,0.2080536912751678,0.1476510067114094,0.2684563758389262
qwq,actions,real,alpha0.25,-0.25,149,any,uncertainty-estimation,0.6577181208053692,0.5838926174496645,0.738255033557047
qwq,actions,real,alpha0.25,-0.25,149,any,backtracking,0.40939597315436244,0.33557046979865773,0.4899328859060403
qwq,actions,real,alpha0.25,-0.25,149,words,,203.43624161073825,189.4023489932886,219.53070469798658
qwq,actions,real,alpha0.25,-0.25,149,n_spans_counted,,16.395973154362416,15.355704697986576,17.543624161073826
qwq,actions,real,alpha0.25,-0.25,149,repetition_4gram,,0.0023721501749607494,0.0016373165040515611,0.003158263304522141
qwq,actions,real,alpha0.25,-0.25,149,executed,,0.31543624161073824,0.2481543624161074,0.3959731543624161
qwq,actions,real,alpha0.3,-0.3,149,density,initializing,0.7957405006090464,0.7263985555736459,0.8748922734657018
qwq,actions,real,alpha0.3,-0.3,149,density,deduction,4.262493967272996,4.068713954356817,4.458487039207197
qwq,actions,real,alpha0.3,-0.3,149,density,adding-knowledge,2.1702176218063123,2.023892461633207,2.3179570372508005
qwq,actions,real,alpha0.3,-0.3,149,density,example-testing,0.15973687989011598,0.09763969416177687,0.23887371495799428
qwq,actions,real,alpha0.3,-0.3,149,density,uncertainty-estimation,0.6079895590951252,0.5078914122691603,0.7152416892546041
qwq,actions,real,alpha0.3,-0.3,149,density,backtracking,0.22531037266748574,0.17610553680709842,0.27665120588948167
qwq,actions,real,alpha0.3,-0.3,149,coverage,initializing,0.1429939642829128,0.13385650336374924,0.15316073900641664
qwq,actions,real,alpha0.3,-0.3,149,coverage,deduction,0.4703067398462642,0.4499838610227913,0.48947644232204357
qwq,actions,real,alpha0.3,-0.3,149,coverage,adding-knowledge,0.27273029875647137,0.2539786623952113,0.292251824037292
qwq,actions,real,alpha0.3,-0.3,149,coverage,example-testing,0.022398779701526206,0.014061037518170985,0.03212775214456579
qwq,actions,real,alpha0.3,-0.3,149,coverage,uncertainty-estimation,0.06392724319018629,0.05313253542869069,0.07568032584789552
qwq,actions,real,alpha0.3,-0.3,149,coverage,backtracking,0.027642974222639234,0.021288320565200324,0.034312689509783806
qwq,actions,real,alpha0.3,-0.3,149,any,initializing,1.0,1.0,1.0
qwq,actions,real,alpha0.3,-0.3,149,any,deduction,1.0,1.0,1.0
qwq,actions,real,alpha0.3,-0.3,149,any,adding-knowledge,0.9932885906040269,0.9798657718120806,1.0
qwq,actions,real,alpha0.3,-0.3,149,any,example-testing,0.22818791946308725,0.1610738255033557,0.2953020134228188
qwq,actions,real,alpha0.3,-0.3,149,any,uncertainty-estimation,0.6241610738255033,0.5503355704697986,0.697986577181208
qwq,actions,real,alpha0.3,-0.3,149,any,backtracking,0.38926174496644295,0.3087248322147651,0.4697986577181208
qwq,actions,real,alpha0.3,-0.3,149,words,,221.8724832214765,197.68691275167785,251.8731543624161
qwq,actions,real,alpha0.3,-0.3,149,n_spans_counted,,17.80536912751678,15.919295302013424,20.107382550335572
qwq,actions,real,alpha0.3,-0.3,149,repetition_4gram,,0.0049904286030836575,0.0023948631966999286,0.009425074509042257
qwq,actions,real,alpha0.3,-0.3,149,executed,,0.28859060402684567,0.2214765100671141,0.3625838926174487
qwq,triggers,hypothetical,alpha0.0,0.0,493,density,initializing,0.615590840873535,0.5781318039497072,0.6576669459879366
qwq,triggers,hypothetical,alpha0.0,0.0,493,density,deduction,3.788936416274134,3.6878762167309,3.8886355340734453
qwq,triggers,hypothetical,alpha0.0,0.0,493,density,adding-knowledge,1.696449798494647,1.6134648538543401,1.7747261295047563
qwq,triggers,hypothetical,alpha0.0,0.0,493,density,example-testing,0.40544414896870146,0.34747272259272144,0.46744900159846725
qwq,triggers,hypothetical,alpha0.0,0.0,493,density,uncertainty-estimation,0.7546205482396192,0.7101450326763159,0.8017227927593542
qwq,triggers,hypothetical,alpha0.0,0.0,493,density,backtracking,0.1854373745666005,0.16212920151811805,0.21020777497348714
qwq,triggers,hypothetical,alpha0.0,0.0,493,coverage,initializing,0.13070355051217603,0.12492236731288464,0.13720273418631257
qwq,triggers,hypothetical,alpha0.0,0.0,493,coverage,deduction,0.47259143924572705,0.46075250791154365,0.4840420998961781
qwq,triggers,hypothetical,alpha0.0,0.0,493,coverage,adding-knowledge,0.2249617415971861,0.2138549501223296,0.2357618685374318
qwq,triggers,hypothetical,alpha0.0,0.0,493,coverage,example-testing,0.056717715697830136,0.048576825056961634,0.06467937916881218
qwq,triggers,hypothetical,alpha0.0,0.0,493,coverage,uncertainty-estimation,0.09028348981724428,0.08475987891143665,0.09586848598403928
qwq,triggers,hypothetical,alpha0.0,0.0,493,coverage,backtracking,0.02474206312983642,0.021367631558047186,0.028341097560950473
qwq,triggers,hypothetical,alpha0.0,0.0,493,any,initializing,1.0,1.0,1.0
qwq,triggers,hypothetical,alpha0.0,0.0,493,any,deduction,1.0,1.0,1.0
qwq,triggers,hypothetical,alpha0.0,0.0,493,any,adding-knowledge,0.9898580121703854,0.9797160243407708,0.9979716024340771
qwq,triggers,hypothetical,alpha0.0,0.0,493,any,example-testing,0.4766734279918864,0.4340770791075051,0.5192697768762677
qwq,triggers,hypothetical,alpha0.0,0.0,493,any,uncertainty-estimation,0.922920892494929,0.8985801217038539,0.9452332657200812
qwq,triggers,hypothetical,alpha0.0,0.0,493,any,backtracking,0.4158215010141988,0.37322515212981744,0.460446247464503
qwq,triggers,hypothetical,alpha0.0,0.0,493,words,,409.1419878296146,383.5996957403651,436.4658722109533
qwq,triggers,hypothetical,alpha0.0,0.0,493,n_spans_counted,,29.801217038539555,27.947210953346854,31.91501014198783
qwq,triggers,hypothetical,alpha0.0,0.0,493,repetition_4gram,,0.00657660549878654,0.005061232115323785,0.008452817479726388
qwq,triggers,hypothetical,alpha0.05_aware,0.05,492,density,initializing,0.634869342725022,0.5934471007111868,0.6780804317078146
qwq,triggers,hypothetical,alpha0.05_aware,0.05,492,density,deduction,3.7628142838384666,3.6652148987553668,3.865808911689615
qwq,triggers,hypothetical,alpha0.05_aware,0.05,492,density,adding-knowledge,1.5526515228390338,1.4751843875981765,1.6251575283503004
qwq,triggers,hypothetical,alpha0.05_aware,0.05,492,density,example-testing,0.3921776601709777,0.33863965867658197,0.44542942841709093
qwq,triggers,hypothetical,alpha0.05_aware,0.05,492,density,uncertainty-estimation,0.8573500138865009,0.8109295308155752,0.9034768872191287
qwq,triggers,hypothetical,alpha0.05_aware,0.05,492,density,backtracking,0.2058813069152641,0.17603169918305317,0.24008830690402444
qwq,triggers,hypothetical,alpha0.05_aware,0.05,492,coverage,initializing,0.13110923591421253,0.12476356473794858,0.13791457004743343
qwq,triggers,hypothetical,alpha0.05_aware,0.05,492,coverage,deduction,0.47632627901617325,0.4644273533591121,0.4885990787026439
qwq,triggers,hypothetical,alpha0.05_aware,0.05,492,coverage,adding-knowledge,0.20711865667538315,0.19731514899114852,0.2165752618772406
qwq,triggers,hypothetical,alpha0.05_aware,0.05,492,coverage,example-testing,0.054735466185621216,0.04771612203746435,0.06186649157785232
qwq,triggers,hypothetical,alpha0.05_aware,0.05,492,coverage,uncertainty-estimation,0.10554987891681952,0.09968156865679417,0.1116862733715299
qwq,triggers,hypothetical,alpha0.05_aware,0.05,492,coverage,backtracking,0.025160483291790228,0.02192534751809594,0.02830365305770103
qwq,triggers,hypothetical,alpha0.05_aware,0.05,492,any,initializing,1.0,1.0,1.0
qwq,triggers,hypothetical,alpha0.05_aware,0.05,492,any,deduction,1.0,1.0,1.0
qwq,triggers,hypothetical,alpha0.05_aware,0.05,492,any,adding-knowledge,0.9939024390243902,0.9857723577235772,1.0
qwq,triggers,hypothetical,alpha0.05_aware,0.05,492,any,example-testing,0.47764227642276424,0.4349593495934959,0.5223577235772358
qwq,triggers,hypothetical,alpha0.05_aware,0.05,492,any,uncertainty-estimation,0.9573170731707317,0.9390243902439024,0.9735772357723578
qwq,triggers,hypothetical,alpha0.05_aware,0.05,492,any,backtracking,0.4410569105691057,0.39634146341463417,0.48577235772357724
qwq,triggers,hypothetical,alpha0.05_aware,0.05,492,words,,409.1361788617886,384.1420731707317,435.31463414634146
qwq,triggers,hypothetical,alpha0.05_aware,0.05,492,n_spans_counted,,29.473577235772357,27.684959349593495,31.31112804878049
qwq,triggers,hypothetical,alpha0.05_aware,0.05,492,repetition_4gram,,0.008553946306974989,0.0069095467549257885,0.010533326648324268
qwq,triggers,hypothetical,alpha0.25,-0.25,127,density,initializing,0.5987615609094458,0.531442666754507,0.6732470424469025
qwq,triggers,hypothetical,alpha0.25,-0.25,127,density,deduction,3.753162514775017,3.5640786559177537,3.9582293220463893
qwq,triggers,hypothetical,alpha0.25,-0.25,127,density,adding-knowledge,1.9657933250038544,1.8048073415488362,2.1355365953038588
qwq,triggers,hypothetical,alpha0.25,-0.25,127,density,example-testing,0.2625214599404309,0.18908600755671573,0.337505702346411
qwq,triggers,hypothetical,alpha0.25,-0.25,127,density,uncertainty-estimation,0.6664726346204063,0.5859666598159317,0.754030073380278
qwq,triggers,hypothetical,alpha0.25,-0.25,127,density,backtracking,0.21205740436772116,0.16295058373480256,0.2677553111492911
qwq,triggers,hypothetical,alpha0.25,-0.25,127,coverage,initializing,0.12735962349455424,0.11536361065205367,0.14025420236978972
qwq,triggers,hypothetical,alpha0.25,-0.25,127,coverage,deduction,0.4652283059396555,0.44234581809922596,0.4893918435091069
qwq,triggers,hypothetical,alpha0.25,-0.25,127,coverage,adding-knowledge,0.26268178094073097,0.24242530040591365,0.2841861835490955
qwq,triggers,hypothetical,alpha0.25,-0.25,127,coverage,example-testing,0.04054700848775847,0.02827189376231598,0.052662835411000024
qwq,triggers,hypothetical,alpha0.25,-0.25,127,coverage,uncertainty-estimation,0.07848816952351892,0.06935364556079474,0.08808701612209108
qwq,triggers,hypothetical,alpha0.25,-0.25,127,coverage,backtracking,0.025695111613781966,0.019373693646682576,0.0324976034346029
qwq,triggers,hypothetical,alpha0.25,-0.25,127,any,initializing,1.0,1.0,1.0
qwq,triggers,hypothetical,alpha0.25,-0.25,127,any,deduction,1.0,1.0,1.0
qwq,triggers,hypothetical,alpha0.25,-0.25,127,any,adding-knowledge,1.0,1.0,1.0
qwq,triggers,hypothetical,alpha0.25,-0.25,127,any,example-testing,0.3700787401574803,0.28346456692913385,0.4566929133858268
qwq,triggers,hypothetical,alpha0.25,-0.25,127,any,uncertainty-estimation,0.905511811023622,0.8503937007874016,0.952755905511811
qwq,triggers,hypothetical,alpha0.25,-0.25,127,any,backtracking,0.41732283464566927,0.33858267716535434,0.5039370078740157
qwq,triggers,hypothetical,alpha0.25,-0.25,127,words,,367.1023622047244,334.603937007874,400.0793307086614
qwq,triggers,hypothetical,alpha0.25,-0.25,127,n_spans_counted,,26.700787401574804,24.47244094488189,29.0
qwq,triggers,hypothetical,alpha0.25,-0.25,127,repetition_4gram,,0.00455218283021954,0.0034760507483329044,0.005763715990420096
