model,family,framing,arm,signed_alpha,n_pairs,metric,behaviour,base_mean,arm_mean,delta,ci_lo,ci_hi,p_paired_t,p_wilcoxon
deepseek_qwen,actions,fake,alpha0.05_aware,0.05,148,density,initializing,0.6340054761790124,0.625545082965288,-0.008460393213724382,-0.06739059508246925,0.0534220741283342,0.783471694579296,0.21442807217294202
deepseek_qwen,actions,fake,alpha0.05_aware,0.05,148,density,deduction,4.025789034599123,3.9997651457091976,-0.026023888889924768,-0.1999707887852421,0.16129737539456973,0.7776260893969841,0.8466916336566577
deepseek_qwen,actions,fake,alpha0.05_aware,0.05,148,density,adding-knowledge,1.6352054386555739,1.5325672614806711,-0.10263817717490271,-0.22741630341204636,0.017653941784808395,0.10981016234603316,0.11296262399587596
deepseek_qwen,actions,fake,alpha0.05_aware,0.05,148,density,example-testing,0.11297473867381741,0.12568432694292817,0.012709588269110797,-0.03839001509544436,0.06424702806874968,0.6301812440827144,0.5866747207433314
deepseek_qwen,actions,fake,alpha0.05_aware,0.05,148,density,uncertainty-estimation,0.7598572117674904,0.8453588334202143,0.08550162165272389,-0.02278405633350607,0.19462774704579758,0.12227744492497977,0.07200281990612784
deepseek_qwen,actions,fake,alpha0.05_aware,0.05,148,density,backtracking,0.11778809236054821,0.11828548547642555,0.0004973931158773219,-0.043912661475189595,0.04368491803822343,0.9825297649265017,0.8292578166716783
deepseek_qwen,actions,fake,alpha0.05_aware,0.05,148,coverage,initializing,0.12970071782142387,0.1265123623894141,-0.00318835543200976,-0.01058994988198921,0.0036531085700139674,0.38273029989966245,0.3035895165719703
deepseek_qwen,actions,fake,alpha0.05_aware,0.05,148,coverage,deduction,0.5236666251273056,0.5245169196852071,0.0008502945579016505,-0.018810508570898776,0.023468616409548955,0.9378810877542657,0.8752683210408857
deepseek_qwen,actions,fake,alpha0.05_aware,0.05,148,coverage,adding-knowledge,0.2308229493612125,0.21577591217663686,-0.015047037184575658,-0.03405141161287882,0.0023619707533163504,0.11314877338061358,0.13540281407992674
deepseek_qwen,actions,fake,alpha0.05_aware,0.05,148,coverage,example-testing,0.018167758319851745,0.021269101489064083,0.003101343169212341,-0.006664658537364706,0.012855367449942213,0.5320973803466382,0.8366219784981852
deepseek_qwen,actions,fake,alpha0.05_aware,0.05,148,coverage,uncertainty-estimation,0.0823379967687177,0.09676948840658314,0.014431491637865456,0.0003470097704375159,0.028422879829624156,0.04912807731220942,0.015151559348843543
deepseek_qwen,actions,fake,alpha0.05_aware,0.05,148,coverage,backtracking,0.0153039526014887,0.015156215853094674,-0.00014773674839402658,-0.005858219962972721,0.005473148454687465,0.9599920672518829,0.768465655836488
deepseek_qwen,actions,fake,alpha0.05_aware,0.05,148,any,initializing,1.0,1.0,0.0,0.0,0.0,,
deepseek_qwen,actions,fake,alpha0.05_aware,0.05,148,any,deduction,1.0,1.0,0.0,0.0,0.0,,
deepseek_qwen,actions,fake,alpha0.05_aware,0.05,148,any,adding-knowledge,0.9932432432432432,1.0,0.006756756756756757,0.0,0.02027027027027027,0.3189537646241514,
deepseek_qwen,actions,fake,alpha0.05_aware,0.05,148,any,example-testing,0.21621621621621623,0.23648648648648649,0.02027027027027027,-0.05405405405405406,0.10135135135135136,0.6137434104569448,0.6120898800892568
deepseek_qwen,actions,fake,alpha0.05_aware,0.05,148,any,uncertainty-estimation,0.8851351351351351,0.8986486486486487,0.013513513513513514,-0.05405405405405406,0.07432432432432433,0.6962835148687053,0.6948866023724733
deepseek_qwen,actions,fake,alpha0.05_aware,0.05,148,any,backtracking,0.2635135135135135,0.28378378378378377,0.02027027027027027,-0.06756756756756757,0.10827702702702612,0.6562522952733525,0.6547208460185769
deepseek_qwen,actions,fake,alpha0.05_aware,0.05,148,density_testlex,initializing,0.0,0.0,0.0,0.0,0.0,,
deepseek_qwen,actions,fake,alpha0.05_aware,0.05,148,density_testlex,deduction,0.0496299863931583,0.16094234948006683,0.11131236308690853,0.06105546750719442,0.16082304966638622,2.0131587706874453e-05,4.742146836305175e-05
deepseek_qwen,actions,fake,alpha0.05_aware,0.05,148,density_testlex,adding-knowledge,0.004651736632009001,0.018075366547475026,0.013423629915466027,-0.0020586307268162093,0.03253601557713514,0.13570970559127635,0.109375
deepseek_qwen,actions,fake,alpha0.05_aware,0.05,148,density_testlex,example-testing,0.0033783783783783786,0.004724372701900792,0.0013459943235224136,-0.00794138294138294,0.010794739727323997,0.7782919969006397,
deepseek_qwen,actions,fake,alpha0.05_aware,0.05,148,density_testlex,uncertainty-estimation,0.025499602219166854,0.11801882312350373,0.09251922090433688,0.05603883775658907,0.1344011139536827,1.9069193744475507e-05,6.445199583377182e-05
deepseek_qwen,actions,fake,alpha0.05_aware,0.05,148,density_testlex,backtracking,0.0,0.003981115791251161,0.003981115791251161,0.0,0.0099791738979521,0.15803852900428497,
deepseek_qwen,actions,fake,alpha0.05_aware,0.05,148,density_nontest,initializing,0.6340054761790124,0.625545082965288,-0.008460393213724382,-0.06739059508246925,0.0534220741283342,0.783471694579296,0.21442807217294202
deepseek_qwen,actions,fake,alpha0.05_aware,0.05,148,density_nontest,deduction,3.976159048205964,3.8388227962291315,-0.13733625197683333,-0.3140302259707342,0.05537282214792175,0.15421432234501634,0.2368014450712823
deepseek_qwen,actions,fake,alpha0.05_aware,0.05,148,density_nontest,adding-knowledge,1.630553702023565,1.514491894933196,-0.11606180709036873,-0.24544706112654374,0.005576519915429003,0.07575403341295957,0.062251537551293076
deepseek_qwen,actions,fake,alpha0.05_aware,0.05,148,density_nontest,example-testing,0.10959636029543902,0.12095995424102737,0.011363593945588385,-0.04053318592891942,0.06297873936118775,0.6668887836295202,0.6359049831816286
deepseek_qwen,actions,fake,alpha0.05_aware,0.05,148,density_nontest,uncertainty-estimation,0.7343576095483236,0.7273400102967106,-0.0070175992516130145,-0.11594595049885591,0.10109443830599721,0.8971848961946222,0.9397615697306901
deepseek_qwen,actions,fake,alpha0.05_aware,0.05,148,density_nontest,backtracking,0.11778809236054821,0.11430436968517439,-0.003483722675373839,-0.04841203161502099,0.039928954695054794,0.877153114077179,0.6981104730834478
deepseek_qwen,actions,fake,alpha0.05_aware,0.05,148,words,,252.47972972972974,274.68243243243245,22.2027027027027,7.216047297297297,36.07432432432432,0.003294517969753671,0.006267254944469234
deepseek_qwen,actions,fake,alpha0.05_aware,0.05,148,n_spans_counted,,18.20945945945946,19.7027027027027,1.4932432432432432,0.3780405405405406,2.574324324324324,0.010612046918998459,0.01795253613202918
deepseek_qwen,actions,fake,alpha0.07_aware,0.07,147,density,initializing,0.6366837287735186,0.5463034596597058,-0.09038026911381275,-0.14977074425488182,-0.02999100259421025,0.002594263493928781,0.0012795936854914822
deepseek_qwen,actions,fake,alpha0.07_aware,0.07,147,density,deduction,4.014334216694687,3.755600859990808,-0.2587333567038785,-0.46327533390582765,-0.054150689919768756,0.016502081670854554,0.01802996494963196
deepseek_qwen,actions,fake,alpha0.07_aware,0.07,147,density,adding-knowledge,1.629315193205157,1.6326546279474707,0.003339434742313638,-0.13308942939345247,0.14130669616751076,0.9627817269161641,0.9260654474046769
deepseek_qwen,actions,fake,alpha0.07_aware,0.07,147,density,example-testing,0.11374327431105426,0.12215663574569502,0.008413361434640745,-0.04151919429989754,0.05874563051793281,0.7426459174808532,0.7074924815262489
deepseek_qwen,actions,fake,alpha0.07_aware,0.07,147,density,uncertainty-estimation,0.7600405044854666,0.7332194835751504,-0.026821020910316094,-0.13829588417347252,0.08623530628176908,0.6471783436723094,0.8174016054503406
deepseek_qwen,actions,fake,alpha0.07_aware,0.07,147,density,backtracking,0.11858937190041588,0.09391830190160899,-0.02467106999880692,-0.06825510438674942,0.016534758859837732,0.258065478910239,0.26495007913764224
deepseek_qwen,actions,fake,alpha0.07_aware,0.07,147,coverage,initializing,0.12986101234848907,0.1229546695672119,-0.006906342781277154,-0.015176281668666178,0.001814904602871482,0.10160358853122212,0.07303596204853346
deepseek_qwen,actions,fake,alpha0.07_aware,0.07,147,coverage,deduction,0.523327040415525,0.5077277798603935,-0.015599260555131566,-0.03969045882482115,0.009298843224562146,0.23058774529278167,0.17646936300894678
deepseek_qwen,actions,fake,alpha0.07_aware,0.07,147,coverage,adding-knowledge,0.2301727530912186,0.2431580004340396,0.012985247342821004,-0.007994462846003025,0.03305699332918377,0.2287275296998215,0.269513608591337
deepseek_qwen,actions,fake,alpha0.07_aware,0.07,147,coverage,example-testing,0.018291348512503795,0.021819013311182325,0.0035276647986785268,-0.005574223783106554,0.012664037215220468,0.4536875826083241,0.5847053433124754
deepseek_qwen,actions,fake,alpha0.07_aware,0.07,147,coverage,uncertainty-estimation,0.08293978450967619,0.091553620770364,0.00861383626068783,-0.0065818692957248055,0.023772218478442877,0.27848184912497537,0.23381478668581424
deepseek_qwen,actions,fake,alpha0.07_aware,0.07,147,coverage,backtracking,0.015408061122587262,0.012786916056808621,-0.0026211450657786448,-0.008910378095589136,0.003274456948192941,0.39780456682697324,0.5349418378891201
deepseek_qwen,actions,fake,alpha0.07_aware,0.07,147,any,initializing,1.0,1.0,0.0,0.0,0.0,,
deepseek_qwen,actions,fake,alpha0.07_aware,0.07,147,any,deduction,1.0,1.0,0.0,0.0,0.0,,
deepseek_qwen,actions,fake,alpha0.07_aware,0.07,147,any,adding-knowledge,0.9931972789115646,1.0,0.006802721088435374,0.0,0.02040816326530612,0.31896500045819287,
deepseek_qwen,actions,fake,alpha0.07_aware,0.07,147,any,example-testing,0.21768707482993196,0.24489795918367346,0.027210884353741496,-0.061224489795918366,0.11564625850340136,0.5482985518724138,0.5464935954065822
deepseek_qwen,actions,fake,alpha0.07_aware,0.07,147,any,uncertainty-estimation,0.8843537414965986,0.8571428571428571,-0.027210884353741496,-0.09523809523809523,0.04081632653061224,0.4346417464358149,0.43276758066778476
deepseek_qwen,actions,fake,alpha0.07_aware,0.07,147,any,backtracking,0.2653061224489796,0.24489795918367346,-0.02040816326530612,-0.11581632653061223,0.06802721088435375,0.6697334604685253,0.6682351417952492
deepseek_qwen,actions,fake,alpha0.07_aware,0.07,147,density_testlex,initializing,0.0,0.0,0.0,0.0,0.0,,
deepseek_qwen,actions,fake,alpha0.07_aware,0.07,147,density_testlex,deduction,0.049967605348213796,0.24095947553224595,0.19099187018403216,0.13224579436616762,0.2526699012419413,4.723313658038395e-09,4.757758677156737e-08
deepseek_qwen,actions,fake,alpha0.07_aware,0.07,147,density_testlex,adding-knowledge,0.0046833810988934155,0.051559554491913656,0.04687617339302025,0.025809317780076627,0.07044894652228212,5.93105008901259e-05,8.044908054470441e-05
deepseek_qwen,actions,fake,alpha0.07_aware,0.07,147,density_testlex,example-testing,0.003401360544217687,0.014486671447860535,0.011085310903642847,-0.0018008747051186443,0.025590177454315872,0.11824142522556295,0.21875
deepseek_qwen,actions,fake,alpha0.07_aware,0.07,147,density_testlex,uncertainty-estimation,0.025673068900929893,0.1348591604550785,0.10918609155414863,0.07091334663821262,0.148888629754529,1.0221318812360108e-07,1.874663530722165e-06
deepseek_qwen,actions,fake,alpha0.07_aware,0.07,147,density_testlex,backtracking,0.0,0.01045402913960928,0.01045402913960928,0.002395324326913864,0.021085373371100623,0.04584228903782412,
deepseek_qwen,actions,fake,alpha0.07_aware,0.07,147,density_nontest,initializing,0.6366837287735186,0.5463034596597058,-0.09038026911381275,-0.14977074425488182,-0.02999100259421025,0.002594263493928781,0.0012795936854914822
deepseek_qwen,actions,fake,alpha0.07_aware,0.07,147,density_nontest,deduction,3.9643666113464726,3.514641384458563,-0.44972522688791056,-0.6597259129860679,-0.24376930030724042,4.2422448089175216e-05,9.526316329962895e-05
deepseek_qwen,actions,fake,alpha0.07_aware,0.07,147,density_nontest,adding-knowledge,1.6246318121062637,1.581095073455557,-0.04353673865070661,-0.1825626130586721,0.09607346840426653,0.5483069648395615,0.430533212616682
deepseek_qwen,actions,fake,alpha0.07_aware,0.07,147,density_nontest,example-testing,0.11034191376683658,0.10766996429783446,-0.002671949469002105,-0.04995316902546151,0.04209599110742516,0.9115982972010925,0.8908580695584617
deepseek_qwen,actions,fake,alpha0.07_aware,0.07,147,density_nontest,uncertainty-estimation,0.7343674355845365,0.5983603231200719,-0.13600711246446473,-0.243175402210112,-0.025253695664626895,0.017513253711145527,0.03318702539894876
deepseek_qwen,actions,fake,alpha0.07_aware,0.07,147,density_nontest,backtracking,0.11858937190041588,0.0834642727619997,-0.0351250991384162,-0.07851577427852316,0.006498602041464166,0.10390098736409295,0.10143908869824027
deepseek_qwen,actions,fake,alpha0.07_aware,0.07,147,words,,253.27891156462584,287.74149659863946,34.46258503401361,19.433843537414965,49.80544217687069,1.625959361086727e-05,1.53476836612612e-05
deepseek_qwen,actions,fake,alpha0.07_aware,0.07,147,n_spans_counted,,18.244897959183675,19.571428571428573,1.3265306122448979,0.2585034013605442,2.4081632653061225,0.01772047252203303,0.017572800378911724
deepseek_qwen,actions,fake,alpha0.25,-0.25,148,density,initializing,0.636625617148055,0.6136552848745046,-0.022970332273550574,-0.07678677195371458,0.03398984312509177,0.41686528698169606,0.29416869734830886
deepseek_qwen,actions,fake,alpha0.25,-0.25,148,density,deduction,4.013452537536548,4.040728594339878,0.02727605680333209,-0.15126348760691513,0.1986496061788646,0.7648843040275078,0.7740046358936077
deepseek_qwen,actions,fake,alpha0.25,-0.25,148,density,adding-knowledge,1.6375458249899013,1.616110439002589,-0.02143538598731191,-0.1575924133012721,0.11347059579505164,0.7605037971652033,0.9770926395793587
deepseek_qwen,actions,fake,alpha0.25,-0.25,148,density,example-testing,0.11138491355458051,0.14912264143273113,0.03773772787815063,-0.023731811953349755,0.09981952801000728,0.23399301854304605,0.22261690095118958
deepseek_qwen,actions,fake,alpha0.25,-0.25,148,density,uncertainty-estimation,0.7640671778557699,0.8093464681226494,0.045279290266879234,-0.05342160194992669,0.1464329118757187,0.3811559652610853,0.4022508614527205
deepseek_qwen,actions,fake,alpha0.25,-0.25,148,density,backtracking,0.11778809236054821,0.10940345258416471,-0.008384639776383521,-0.05484664581593046,0.03573772777261251,0.7272219340744627,0.4652642840296187
deepseek_qwen,actions,fake,alpha0.25,-0.25,148,coverage,initializing,0.13002175332296936,0.12594514960603187,-0.004076603716937483,-0.011363880342938136,0.0029489021824661873,0.2768380508226332,0.3626980434997883
deepseek_qwen,actions,fake,alpha0.25,-0.25,148,coverage,deduction,0.5227503263493556,0.5182365290399988,-0.004513797309356859,-0.02685002579126795,0.015531458489368322,0.6814558897474966,0.6200382266771367
deepseek_qwen,actions,fake,alpha0.25,-0.25,148,coverage,adding-knowledge,0.23097190164598908,0.22900747290504353,-0.001964428740945507,-0.02035068371702847,0.01695164058510965,0.8430226527901464,0.7813430130296456
deepseek_qwen,actions,fake,alpha0.25,-0.25,148,coverage,example-testing,0.017881589798389108,0.02480062595093773,0.006919036152548626,-0.003447694082229139,0.01716164836226176,0.18329507744070198,0.20791640334418793
deepseek_qwen,actions,fake,alpha0.25,-0.25,148,coverage,uncertainty-estimation,0.08307047628180815,0.08889233657414893,0.005821860292340772,-0.006999238102772114,0.0191796939861299,0.39268531422553415,0.4833041518110214
deepseek_qwen,actions,fake,alpha0.25,-0.25,148,coverage,backtracking,0.0153039526014887,0.01311788592383915,-0.0021860666776495493,-0.008228836063333057,0.0034365277757587155,0.48875153730132803,0.40424314830364705
deepseek_qwen,actions,fake,alpha0.25,-0.25,148,any,initializing,1.0,1.0,0.0,0.0,0.0,,
deepseek_qwen,actions,fake,alpha0.25,-0.25,148,any,deduction,1.0,1.0,0.0,0.0,0.0,,
deepseek_qwen,actions,fake,alpha0.25,-0.25,148,any,adding-knowledge,0.9932432432432432,1.0,0.006756756756756757,0.0,0.02027027027027027,0.3189537646241514,
deepseek_qwen,actions,fake,alpha0.25,-0.25,148,any,example-testing,0.20945945945945946,0.25675675675675674,0.0472972972972973,-0.04054054054054054,0.13513513513513514,0.2982849474441955,0.2967175263220604
deepseek_qwen,actions,fake,alpha0.25,-0.25,148,any,uncertainty-estimation,0.8851351351351351,0.8851351351351351,0.0,-0.060810810810810814,0.06756756756756757,1.0,1.0
deepseek_qwen,actions,fake,alpha0.25,-0.25,148,any,backtracking,0.2635135135135135,0.2702702702702703,0.006756756756756757,-0.08783783783783784,0.10135135135135136,0.8951546660472484,0.8946258095467281
deepseek_qwen,actions,fake,alpha0.25,-0.25,148,density_testlex,initializing,0.0,0.0,0.0,0.0,0.0,,
deepseek_qwen,actions,fake,alpha0.25,-0.25,148,density_testlex,deduction,0.0496299863931583,0.04491991780266397,-0.004710068590494332,-0.03399526756263688,0.02469382890378404,0.7579426308782832,0.596713803377027
deepseek_qwen,actions,fake,alpha0.25,-0.25,148,density_testlex,adding-knowledge,0.004651736632009001,0.0028998956037582647,-0.001751841028250736,-0.009119802765218605,0.0062574994352500414,0.6614125868728696,
deepseek_qwen,actions,fake,alpha0.25,-0.25,148,density_testlex,example-testing,0.0033783783783783786,0.005513798617246893,0.0021354202388685147,-0.0075463394428911664,0.0131659466788777,0.6806996302333005,
deepseek_qwen,actions,fake,alpha0.25,-0.25,148,density_testlex,uncertainty-estimation,0.02549960221916685,0.0197823424116252,-0.005717259807541656,-0.028851116242484105,0.015425131351697081,0.6188471399072697,0.677703857421875
deepseek_qwen,actions,fake,alpha0.25,-0.25,148,density_testlex,backtracking,0.0,0.0,0.0,0.0,0.0,,
deepseek_qwen,actions,fake,alpha0.25,-0.25,148,density_nontest,initializing,0.636625617148055,0.6136552848745046,-0.022970332273550574,-0.07678677195371458,0.03398984312509177,0.41686528698169606,0.29416869734830886
deepseek_qwen,actions,fake,alpha0.25,-0.25,148,density_nontest,deduction,3.9638225511433878,3.9958086765372145,0.031986125393826434,-0.1525287757877349,0.20575466564081404,0.7305674781685843,0.6848708669597932
deepseek_qwen,actions,fake,alpha0.25,-0.25,148,density_nontest,adding-knowledge,1.6328940883578924,1.613210543398831,-0.01968354495906118,-0.15782440980195575,0.11456514205736149,0.7788843573323873,0.9816732051438746
deepseek_qwen,actions,fake,alpha0.25,-0.25,148,density_nontest,example-testing,0.10800653517620212,0.14360884281548425,0.03560230763928211,-0.02563824568399013,0.09543573726903182,0.2551903182205066,0.23987463360983574
deepseek_qwen,actions,fake,alpha0.25,-0.25,148,density_nontest,uncertainty-estimation,0.7385675756366031,0.789564125711024,0.050996550074420895,-0.047155414984732795,0.15240184849020819,0.32073733694839346,0.2457697186219564
deepseek_qwen,actions,fake,alpha0.25,-0.25,148,density_nontest,backtracking,0.11778809236054821,0.10940345258416471,-0.008384639776383521,-0.05484664581593046,0.03573772777261251,0.7272219340744627,0.4652642840296187
deepseek_qwen,actions,fake,alpha0.25,-0.25,148,words,,251.18243243243242,255.98648648648648,4.804054054054054,-9.555743243243244,19.261317567567545,0.5342191772220015,0.5344683323746602
deepseek_qwen,actions,fake,alpha0.25,-0.25,148,n_spans_counted,,18.094594594594593,18.533783783783782,0.4391891891891892,-0.6216216216216216,1.554054054054054,0.4452377084903506,0.28627971046952416
deepseek_qwen,actions,fake,alpha0.3,-0.3,149,density,initializing,0.6355112723033979,0.5918638430471517,-0.04364742925624601,-0.09811952396898484,0.013579868063209887,0.1366974183217369,0.027978833778397057
deepseek_qwen,actions,fake,alpha0.3,-0.3,149,density,deduction,4.0275746484176675,4.093763708906259,0.06618906048859195,-0.12986429623986484,0.26477012027573255,0.5130150778368251,0.47436264199149014
deepseek_qwen,actions,fake,alpha0.3,-0.3,149,density,adding-knowledge,1.6328722051617022,1.6579452184777657,0.02507301331606345,-0.10970743879153473,0.16250915193907667,0.7212768582386871,0.3110941116486735
deepseek_qwen,actions,fake,alpha0.3,-0.3,149,density,example-testing,0.11221651895117433,0.12615872465586497,0.01394220570469067,-0.035961311568834,0.06588221058823975,0.6005857411064267,0.6296788571532852
deepseek_qwen,actions,fake,alpha0.3,-0.3,149,density,uncertainty-estimation,0.7605183653711478,0.7366329201260984,-0.023885445245049534,-0.1284139424233561,0.07102589118649569,0.6379640355102835,0.7372262511686909
deepseek_qwen,actions,fake,alpha0.3,-0.3,149,density,backtracking,0.11699756825074588,0.12379740331741104,0.006799835066665133,-0.03784316415215368,0.05228461750474459,0.7712066365815865,0.7937838845032065
deepseek_qwen,actions,fake,alpha0.3,-0.3,149,coverage,initializing,0.12978078616683414,0.12402560521201028,-0.005755180954823819,-0.012720588623257699,0.0016607496168561068,0.11317021583385879,0.14891900665375826
deepseek_qwen,actions,fake,alpha0.3,-0.3,149,coverage,deduction,0.5241846905230868,0.5241988479795152,1.4157456428429083e-05,-0.02267711843629011,0.02337705142593949,0.9990698530517859,0.9297797317962755
deepseek_qwen,actions,fake,alpha0.3,-0.3,149,coverage,adding-knowledge,0.23019554067955325,0.2363886155155851,0.006193074836031808,-0.013069936392099675,0.024876344179179034,0.5226773337656526,0.42993226253356587
deepseek_qwen,actions,fake,alpha0.3,-0.3,149,coverage,example-testing,0.018045827055960122,0.019806377776409246,0.0017605507204491234,-0.0066330436172364685,0.010718597959282412,0.6980000218180318,0.8262134112544446
deepseek_qwen,actions,fake,alpha0.3,-0.3,149,coverage,uncertainty-estimation,0.08259191406436216,0.08032292132093671,-0.002268992743425438,-0.016170548223631506,0.010884328395652294,0.7429065388330418,0.9904528795791485
deepseek_qwen,actions,fake,alpha0.3,-0.3,149,coverage,backtracking,0.015201241510203542,0.01525763219554343,5.639068533989104e-05,-0.005937513909323959,0.006132367128351583,0.9856345491707706,0.9245081841547514
deepseek_qwen,actions,fake,alpha0.3,-0.3,149,any,initializing,1.0,1.0,0.0,0.0,0.0,,
deepseek_qwen,actions,fake,alpha0.3,-0.3,149,any,deduction,1.0,1.0,0.0,0.0,0.0,,
deepseek_qwen,actions,fake,alpha0.3,-0.3,149,any,adding-knowledge,0.9932885906040269,1.0,0.006711409395973154,0.0,0.020134228187919462,0.31894268036747375,
deepseek_qwen,actions,fake,alpha0.3,-0.3,149,any,example-testing,0.21476510067114093,0.22818791946308725,0.013422818791946308,-0.06711409395973154,0.09395973154362416,0.7587677348076152,0.7576207236833965
deepseek_qwen,actions,fake,alpha0.3,-0.3,149,any,uncertainty-estimation,0.8859060402684564,0.8657718120805369,-0.020134228187919462,-0.087248322147651,0.04697986577181208,0.5654534272810476,0.5637028616507731
deepseek_qwen,actions,fake,alpha0.3,-0.3,149,any,backtracking,0.26174496644295303,0.2751677852348993,0.013422818791946308,-0.0738255033557047,0.10738255033557047,0.7825580911885169,0.7815112949987133
deepseek_qwen,actions,fake,alpha0.3,-0.3,149,density_testlex,initializing,0.0,0.0,0.0,0.0,0.0,,
deepseek_qwen,actions,fake,alpha0.3,-0.3,149,density_testlex,deduction,0.04929689923615723,0.04118129606875066,-0.008115603167406574,-0.03696879823017837,0.020319169210381644,0.5805740116399867,0.576888061483015
deepseek_qwen,actions,fake,alpha0.3,-0.3,149,density_testlex,adding-knowledge,0.004620516923069343,0.006444868940125098,0.0018243520170557544,-0.007081539819355355,0.011578320308826773,0.6972090950871848,0.5625
deepseek_qwen,actions,fake,alpha0.3,-0.3,149,density_testlex,example-testing,0.003355704697986577,0.003121585765568909,-0.0002341189324176682,-0.010067114093959731,0.009364757296706726,0.9594646621008789,
deepseek_qwen,actions,fake,alpha0.3,-0.3,149,density_testlex,uncertainty-estimation,0.02532846394923956,0.013782362408837866,-0.011546101540401693,-0.032479050690293505,0.009222725505052072,0.2860494896534499,0.267578125
deepseek_qwen,actions,fake,alpha0.3,-0.3,149,density_testlex,backtracking,0.0,0.0,0.0,0.0,0.0,,
deepseek_qwen,actions,fake,alpha0.3,-0.3,149,density_nontest,initializing,0.6355112723033979,0.5918638430471517,-0.04364742925624601,-0.09811952396898484,0.013579868063209887,0.1366974183217369,0.027978833778397057
deepseek_qwen,actions,fake,alpha0.3,-0.3,149,density_nontest,deduction,3.978277749181509,4.052582412837508,0.07430466365599854,-0.12625369349674048,0.2755039001961003,0.4723882356328566,0.460429394914862
deepseek_qwen,actions,fake,alpha0.3,-0.3,149,density_nontest,adding-knowledge,1.6282516882386329,1.6515003495376406,0.0232486612990077,-0.10935958405829994,0.1613694844296266,0.7424050122636778,0.3156421294844335
deepseek_qwen,actions,fake,alpha0.3,-0.3,149,density_nontest,example-testing,0.10886081425318776,0.12303713889029609,0.014176324637108339,-0.03541444576236725,0.06439653323922882,0.588847816036417,0.6164516291309351
deepseek_qwen,actions,fake,alpha0.3,-0.3,149,density_nontest,uncertainty-estimation,0.7351899014219082,0.7228505577172605,-0.012339343704647851,-0.11538394067560066,0.08589607367357613,0.8073565857288831,0.9109479549502765
deepseek_qwen,actions,fake,alpha0.3,-0.3,149,density_nontest,backtracking,0.11699756825074588,0.12379740331741104,0.006799835066665133,-0.03784316415215368,0.05228461750474459,0.7712066365815865,0.7937838845032065
deepseek_qwen,actions,fake,alpha0.3,-0.3,149,words,,252.3489932885906,254.81208053691276,2.4630872483221475,-12.101845637583892,16.691442953020132,0.7435031672931711,0.6743463257544497
deepseek_qwen,actions,fake,alpha0.3,-0.3,149,n_spans_counted,,18.201342281879196,18.483221476510067,0.28187919463087246,-0.725,1.2954697986577173,0.6013135930864091,0.3902237541367455
deepseek_qwen,actions,fake,alpha0.35,-0.35,149,density,initializing,0.6355112723033979,0.6090720754987519,-0.02643919680464591,-0.07815390912703932,0.030340099811293042,0.35716002802930685,0.17212208063000267
deepseek_qwen,actions,fake,alpha0.35,-0.35,149,density,deduction,4.0275746484176675,4.121488145204392,0.09391349678672413,-0.0784550680736392,0.28116740965458836,0.30388347517699243,0.5499047553783761
deepseek_qwen,actions,fake,alpha0.35,-0.35,149,density,adding-knowledge,1.6328722051617022,1.5863061617871153,-0.04656604337458677,-0.1767158096321619,0.08053088288523917,0.48570574692267937,0.7653386295723722
deepseek_qwen,actions,fake,alpha0.35,-0.35,149,density,example-testing,0.11221651895117433,0.09047156271262036,-0.021744956238553954,-0.07114772874032511,0.027131159551050457,0.3980006412233833,0.47939267762695437
deepseek_qwen,actions,fake,alpha0.35,-0.35,149,density,uncertainty-estimation,0.7605183653711478,0.7287117759202693,-0.031806589450878525,-0.1398143233628296,0.07493327482509425,0.5489846615502173,0.605228904448391
deepseek_qwen,actions,fake,alpha0.35,-0.35,149,density,backtracking,0.11699756825074588,0.13138563380597942,0.014388065555233507,-0.037252828231544584,0.06873925636163636,0.607314878833268,0.9030488757122012
deepseek_qwen,actions,fake,alpha0.35,-0.35,149,coverage,initializing,0.12978078616683414,0.12632782741821358,-0.003452958748620564,-0.010639909868050983,0.003678130704799615,0.35380766072874253,0.30212838962418664
deepseek_qwen,actions,fake,alpha0.35,-0.35,149,coverage,deduction,0.5241846905230868,0.527487227980732,0.0033025374576452393,-0.01658959376995289,0.025255383077106654,0.762098500131528,0.9267678251811001
deepseek_qwen,actions,fake,alpha0.35,-0.35,149,coverage,adding-knowledge,0.23019554067955325,0.2293552733189165,-0.0008402673606368082,-0.020275835659082732,0.01736524750286241,0.9302238539022102,0.7394442573593902
deepseek_qwen,actions,fake,alpha0.35,-0.35,149,coverage,example-testing,0.018045827055960122,0.014155890830140058,-0.0038899362258200607,-0.012218579978600623,0.0042972108922105035,0.3620728756958651,0.41826512544153616
deepseek_qwen,actions,fake,alpha0.35,-0.35,149,coverage,uncertainty-estimation,0.08259191406436216,0.08614249365424333,0.0035505795898811703,-0.011269485443431695,0.018373904064187273,0.6262254865036184,0.500901140813603
deepseek_qwen,actions,fake,alpha0.35,-0.35,149,coverage,backtracking,0.015201241510203542,0.01653128679775457,0.0013300452875510264,-0.0052052509025959,0.008039126813985357,0.7037954503380568,0.9701023866045391
deepseek_qwen,actions,fake,alpha0.35,-0.35,149,any,initializing,1.0,1.0,0.0,0.0,0.0,,
deepseek_qwen,actions,fake,alpha0.35,-0.35,149,any,deduction,1.0,1.0,0.0,0.0,0.0,,
deepseek_qwen,actions,fake,alpha0.35,-0.35,149,any,adding-knowledge,0.9932885906040269,1.0,0.006711409395973154,0.0,0.020134228187919462,0.31894268036747375,
deepseek_qwen,actions,fake,alpha0.35,-0.35,149,any,example-testing,0.21476510067114093,0.18120805369127516,-0.03355704697986577,-0.11409395973154363,0.04697986577181208,0.41291236934330655,0.41107977872331547
deepseek_qwen,actions,fake,alpha0.35,-0.35,149,any,uncertainty-estimation,0.8859060402684564,0.8456375838926175,-0.040268456375838924,-0.10738255033557047,0.02701342281879103,0.2582145297574519,0.25683925795785656
deepseek_qwen,actions,fake,alpha0.35,-0.35,149,any,backtracking,0.26174496644295303,0.2751677852348993,0.013422818791946308,-0.08053691275167785,0.10738255033557047,0.7865244291756449,0.7854947471183542
deepseek_qwen,actions,fake,alpha0.35,-0.35,149,density_testlex,initializing,0.0,0.0,0.0,0.0,0.0,,
deepseek_qwen,actions,fake,alpha0.35,-0.35,149,density_testlex,deduction,0.04929689923615723,0.06091690237917613,0.011620003143018899,-0.019814414901175834,0.04393507384628141,0.489460222227328,0.7131800867538625
deepseek_qwen,actions,fake,alpha0.35,-0.35,149,density_testlex,adding-knowledge,0.004620516923069343,0.007502314996892669,0.002881798073823326,-0.006469619995536879,0.013365885245307718,0.5747485420889452,0.4375
deepseek_qwen,actions,fake,alpha0.35,-0.35,149,density_testlex,example-testing,0.003355704697986577,0.0030096006259969304,-0.00034610407198964685,-0.010067114093959731,0.00902880187799079,0.9391041604278371,
deepseek_qwen,actions,fake,alpha0.35,-0.35,149,density_testlex,uncertainty-estimation,0.02532846394923956,0.018691829521913332,-0.006636634427326229,-0.02537446834310847,0.010955766145402853,0.479417009998525,0.389404296875
deepseek_qwen,actions,fake,alpha0.35,-0.35,149,density_testlex,backtracking,0.0,0.0,0.0,0.0,0.0,,
deepseek_qwen,actions,fake,alpha0.35,-0.35,149,density_nontest,initializing,0.6355112723033979,0.6090720754987519,-0.02643919680464591,-0.07815390912703932,0.030340099811293042,0.35716002802930685,0.17212208063000267
deepseek_qwen,actions,fake,alpha0.35,-0.35,149,density_nontest,deduction,3.978277749181509,4.060571242825215,0.08229349364370525,-0.09529160879446139,0.2707678198723238,0.38598414151706606,0.44672807149183524
deepseek_qwen,actions,fake,alpha0.35,-0.35,149,density_nontest,adding-knowledge,1.6282516882386329,1.5788038467902226,-0.0494478414484101,-0.17943745581771864,0.07893751198707402,0.45596742115943306,0.763892847512531
deepseek_qwen,actions,fake,alpha0.35,-0.35,149,density_nontest,example-testing,0.10886081425318776,0.08746196208662343,-0.021398852166564307,-0.07100935084276963,0.028382438208140747,0.3981583701501979,0.4812016318748249
deepseek_qwen,actions,fake,alpha0.35,-0.35,149,density_nontest,uncertainty-estimation,0.7351899014219082,0.710019946398356,-0.02516995502355229,-0.1317641535063194,0.07705212044912645,0.6328337305676474,0.7071230290368832
deepseek_qwen,actions,fake,alpha0.35,-0.35,149,density_nontest,backtracking,0.11699756825074588,0.13138563380597942,0.014388065555233507,-0.037252828231544584,0.06873925636163636,0.607314878833268,0.9030488757122012
deepseek_qwen,actions,fake,alpha0.35,-0.35,149,words,,252.3489932885906,254.41610738255034,2.0671140939597317,-11.725,15.302516778523488,0.7703492575449647,0.13385759609153292
deepseek_qwen,actions,fake,alpha0.35,-0.35,149,n_spans_counted,,18.201342281879196,18.288590604026847,0.087248322147651,-0.8389261744966443,1.0404362416107373,0.8639766510876444,0.3693602271470905
deepseek_qwen,actions,real,alpha0.05_aware,0.05,148,density,initializing,0.5875333342073198,0.5813142724105388,-0.006219061796780964,-0.06311807104818441,0.04651363124429724,0.8300762184576792,0.639232115840059
deepseek_qwen,actions,real,alpha0.05_aware,0.05,148,density,deduction,4.012523759298943,4.0040396536379586,-0.008484105660984264,-0.18775676560225973,0.16901358096846741,0.9251886348489978,0.8648749770194353
deepseek_qwen,actions,real,alpha0.05_aware,0.05,148,density,adding-knowledge,1.7632960841571754,1.6906656376381235,-0.07263044651905219,-0.19801565749326303,0.06947822197176758,0.2963486006350075,0.1667775044701869
deepseek_qwen,actions,real,alpha0.05_aware,0.05,148,density,example-testing,0.06724134250169678,0.06738418061521068,0.00014283811351388997,-0.03737902558918691,0.0368407296278434,0.9940355323763724,0.9686695093367778
deepseek_qwen,actions,real,alpha0.05_aware,0.05,148,density,uncertainty-estimation,0.6720487943088018,0.7855850035046485,0.11353620919584681,0.02322762454000637,0.20963545507330997,0.02043685421665179,0.020347285538733446
deepseek_qwen,actions,real,alpha0.05_aware,0.05,148,density,backtracking,0.10494627938258638,0.1176940143313449,0.012747734948758499,-0.03159279079440077,0.061452937348117936,0.5840888504363376,0.7725267940319015
deepseek_qwen,actions,real,alpha0.05_aware,0.05,148,coverage,initializing,0.12711724035610916,0.12308124447855134,-0.004035995877557834,-0.01124193071322532,0.0026668324715576875,0.2571767119959831,0.137507726910789
deepseek_qwen,actions,real,alpha0.05_aware,0.05,148,coverage,deduction,0.5234610127115665,0.5223692768781371,-0.0010917358334294213,-0.023231586362281773,0.019859306422503015,0.9224614289656781,0.8104948980632718
deepseek_qwen,actions,real,alpha0.05_aware,0.05,148,coverage,adding-knowledge,0.25339233974402,0.241349485161418,-0.01204285458260196,-0.030267366163482464,0.007503633245717958,0.23795738943259567,0.15022823430260338
deepseek_qwen,actions,real,alpha0.05_aware,0.05,148,coverage,example-testing,0.010726577789105386,0.010185060157568211,-0.000541517631537174,-0.0065084047976677155,0.0054666031352615775,0.8645660078417312,0.9073552150803152
deepseek_qwen,actions,real,alpha0.05_aware,0.05,148,coverage,uncertainty-estimation,0.07102506855098911,0.08705807720259119,0.01603300865160209,0.003991906905428562,0.02939165175738939,0.015394472692629786,0.01758769301597816
deepseek_qwen,actions,real,alpha0.05_aware,0.05,148,coverage,backtracking,0.014277760848209822,0.015956856121734125,0.0016790952735243018,-0.004736793782575063,0.008658416664007513,0.6115682102828314,0.59596599994292
deepseek_qwen,actions,real,alpha0.05_aware,0.05,148,any,initializing,1.0,1.0,0.0,0.0,0.0,,
deepseek_qwen,actions,real,alpha0.05_aware,0.05,148,any,deduction,1.0,1.0,0.0,0.0,0.0,,
deepseek_qwen,actions,real,alpha0.05_aware,0.05,148,any,adding-knowledge,1.0,1.0,0.0,0.0,0.0,,
deepseek_qwen,actions,real,alpha0.05_aware,0.05,148,any,example-testing,0.1554054054054054,0.13513513513513514,-0.02027027027027027,-0.0945945945945946,0.0472972972972973,0.5792035758268933,0.5774686624272996
deepseek_qwen,actions,real,alpha0.05_aware,0.05,148,any,uncertainty-estimation,0.7905405405405406,0.8716216216216216,0.08108108108108109,0.013513513513513514,0.14864864864864866,0.022830330798038076,0.023342202012890816
deepseek_qwen,actions,real,alpha0.05_aware,0.05,148,any,backtracking,0.21621621621621623,0.25675675675675674,0.04054054054054054,-0.0472972972972973,0.12837837837837837,0.3562898290660079,0.3545394797735013
deepseek_qwen,actions,real,alpha0.05_aware,0.05,148,density_testlex,initializing,0.0,0.004331254331254332,0.004331254331254332,0.0,0.012993762993762996,0.3189537646241514,
deepseek_qwen,actions,real,alpha0.05_aware,0.05,148,density_testlex,deduction,0.03913035998288895,0.09516623320643282,0.05603587322354387,0.022762434642850733,0.09017141795185402,0.0017917055397071975,0.005242198578972922
deepseek_qwen,actions,real,alpha0.05_aware,0.05,148,density_testlex,adding-knowledge,0.006688422636698499,0.012446677319686359,0.00575825468298786,-0.0069576388506187225,0.019684927274835902,0.4057842059558735,0.5234375
deepseek_qwen,actions,real,alpha0.05_aware,0.05,148,density_testlex,example-testing,0.0,0.005322668754742299,0.005322668754742299,0.0,0.013437385756078299,0.15850641653064315,
deepseek_qwen,actions,real,alpha0.05_aware,0.05,148,density_testlex,uncertainty-estimation,0.007043064672207701,0.08554108274743316,0.07849801807522545,0.050042130965757214,0.10888715490740425,1.2461355271653023e-06,5.252724107888553e-06
deepseek_qwen,actions,real,alpha0.05_aware,0.05,148,density_testlex,backtracking,0.0,0.006335804105677889,0.006335804105677889,0.0,0.014908944885778545,0.0846396948385927,
deepseek_qwen,actions,real,alpha0.05_aware,0.05,148,density_nontest,initializing,0.5875333342073198,0.5769830180792845,-0.010550316128035293,-0.06694970441446012,0.04237184736417871,0.7110752331204164,0.5906771629556755
deepseek_qwen,actions,real,alpha0.05_aware,0.05,148,density_nontest,deduction,3.973393399316054,3.908873420431526,-0.06451997888452811,-0.25206617645084184,0.11889467814316278,0.4926356062841159,0.7277809931931893
deepseek_qwen,actions,real,alpha0.05_aware,0.05,148,density_nontest,adding-knowledge,1.7566076615204775,1.678218960318437,-0.07838870120204004,-0.20617460503753515,0.06219225153810463,0.25638586798403723,0.13181556123454546
deepseek_qwen,actions,real,alpha0.05_aware,0.05,148,density_nontest,example-testing,0.06724134250169678,0.06206151186046837,-0.0051798306412284105,-0.04125002170692917,0.03196230245371295,0.786174723989159,0.7995875146065735
deepseek_qwen,actions,real,alpha0.05_aware,0.05,148,density_nontest,uncertainty-estimation,0.6650057296365941,0.7000439207572153,0.035038191120621356,-0.054266123565790095,0.1355154968640463,0.4704566072315255,0.3754845029278666
deepseek_qwen,actions,real,alpha0.05_aware,0.05,148,density_nontest,backtracking,0.10494627938258638,0.111358210225667,0.006411930843080611,-0.039449950261330996,0.05619758097466426,0.7863712416814551,0.8803672842668031
deepseek_qwen,actions,real,alpha0.05_aware,0.05,148,words,,243.95945945945945,249.0810810810811,5.121621621621622,-8.327533783783784,18.906249999999996,0.45821303055523677,0.4138242902423095
deepseek_qwen,actions,real,alpha0.05_aware,0.05,148,n_spans_counted,,17.31081081081081,17.81081081081081,0.5,-0.5405405405405406,1.5337837837837838,0.3308880770644088,0.26174210294232947
deepseek_qwen,actions,real,alpha0.07_aware,0.07,148,density,initializing,0.5864620824080541,0.575524416728259,-0.01093766567979501,-0.06708715867076073,0.04612997712832968,0.7013197440226413,0.4596402129359888
deepseek_qwen,actions,real,alpha0.07_aware,0.07,148,density,deduction,4.020547216652628,3.8922298706302496,-0.12831734602237813,-0.3010355571041636,0.05144271001336567,0.15840018051824442,0.18911898055795617
deepseek_qwen,actions,real,alpha0.07_aware,0.07,148,density,adding-knowledge,1.755666147872609,1.6267075185363291,-0.1289586293362799,-0.2576590745714062,0.0021170357244376446,0.06600423017920537,0.03738213677544759
deepseek_qwen,actions,real,alpha0.07_aware,0.07,148,density,example-testing,0.06724134250169678,0.09825760079774903,0.031016258296052247,-0.011154768678769555,0.07075062482487374,0.15537441282693978,0.21244812435247695
deepseek_qwen,actions,real,alpha0.07_aware,0.07,148,density,uncertainty-estimation,0.6743224715970395,0.8367192513652976,0.16239677976825817,0.06319761969739364,0.2666012973494626,0.002461048172272743,0.00100425276163454
deepseek_qwen,actions,real,alpha0.07_aware,0.07,148,density,backtracking,0.10053009849581727,0.1746498547543979,0.07411975625858064,0.02334323639860525,0.12285876963174067,0.0036198144478944883,0.004209952252153562
deepseek_qwen,actions,real,alpha0.07_aware,0.07,148,coverage,initializing,0.12669289346991025,0.12347295197304266,-0.003219941496867583,-0.010180884277884219,0.004203742494993788,0.39815831811848995,0.6110453709013912
deepseek_qwen,actions,real,alpha0.07_aware,0.07,148,coverage,deduction,0.5251249509654873,0.5010000661622838,-0.02412488480320353,-0.04662422867848736,-0.0029203643320888898,0.03289673585567967,0.07919322937474288
deepseek_qwen,actions,real,alpha0.07_aware,0.07,148,coverage,adding-knowledge,0.25253424519052653,0.24006783700655415,-0.012466408183972315,-0.03151241319882369,0.006757741396427851,0.22188645136708046,0.12054891502578721
deepseek_qwen,actions,real,alpha0.07_aware,0.07,148,coverage,example-testing,0.010726577789105386,0.01650686830565153,0.005780290516546146,-0.001045185405851028,0.0123397818571438,0.10271909354901365,0.17200029278485818
deepseek_qwen,actions,real,alpha0.07_aware,0.07,148,coverage,uncertainty-estimation,0.07130599886977615,0.09539396908015545,0.024087970210379304,0.01204606447491965,0.03574061869927874,0.00020576728703164963,4.966744567099406e-05
deepseek_qwen,actions,real,alpha0.07_aware,0.07,148,coverage,backtracking,0.013615333715194456,0.023558307472312436,0.009942973757117984,0.0023020274006308465,0.01715415306521902,0.007863873879766382,0.0024301797122528797
deepseek_qwen,actions,real,alpha0.07_aware,0.07,148,any,initializing,1.0,1.0,0.0,0.0,0.0,,
deepseek_qwen,actions,real,alpha0.07_aware,0.07,148,any,deduction,1.0,1.0,0.0,0.0,0.0,,
deepseek_qwen,actions,real,alpha0.07_aware,0.07,148,any,adding-knowledge,1.0,1.0,0.0,0.0,0.0,,
deepseek_qwen,actions,real,alpha0.07_aware,0.07,148,any,example-testing,0.1554054054054054,0.20270270270270271,0.0472972972972973,-0.033783783783783786,0.12179054054053963,0.25116473956353447,0.24981744183594812
deepseek_qwen,actions,real,alpha0.07_aware,0.07,148,any,uncertainty-estimation,0.7905405405405406,0.8851351351351351,0.0945945945945946,0.02702702702702703,0.16891891891891891,0.01283245273315472,0.013328328780817546
deepseek_qwen,actions,real,alpha0.07_aware,0.07,148,any,backtracking,0.20945945945945946,0.3918918918918919,0.18243243243243243,0.08766891891891894,0.27702702702702703,0.00027389490881232027,0.000348575174213053
deepseek_qwen,actions,real,alpha0.07_aware,0.07,148,density_testlex,initializing,0.0,0.0,0.0,0.0,0.0,,
deepseek_qwen,actions,real,alpha0.07_aware,0.07,148,density_testlex,deduction,0.03913035998288895,0.1623693618784094,0.12323900189552045,0.08108363761399269,0.1705711915454967,4.1229484351173955e-07,3.3838825206926972e-06
deepseek_qwen,actions,real,alpha0.07_aware,0.07,148,density_testlex,adding-knowledge,0.006688422636698499,0.03655302176649368,0.02986459912979518,0.008907520359207199,0.0531566673722665,0.01014303000613529,0.00335693359375
deepseek_qwen,actions,real,alpha0.07_aware,0.07,148,density_testlex,example-testing,0.0,0.012764009217488432,0.012764009217488432,0.0028630325240494733,0.02575427673022702,0.030779531754977916,0.0625
deepseek_qwen,actions,real,alpha0.07_aware,0.07,148,density_testlex,uncertainty-estimation,0.007043064672207701,0.10722823697800558,0.10018517230579786,0.06432121882817267,0.1380281110462561,2.422206198161992e-07,2.487378966198032e-06
deepseek_qwen,actions,real,alpha0.07_aware,0.07,148,density_testlex,backtracking,0.0,0.002649708532061473,0.002649708532061473,0.0,0.00794912559618442,0.31895376462415154,
deepseek_qwen,actions,real,alpha0.07_aware,0.07,148,density_nontest,initializing,0.5864620824080541,0.575524416728259,-0.01093766567979501,-0.06708715867076073,0.04612997712832968,0.7013197440226413,0.4596402129359888
deepseek_qwen,actions,real,alpha0.07_aware,0.07,148,density_nontest,deduction,3.981416856669739,3.72986050875184,-0.25155634791789855,-0.43579919768915876,-0.05973214712903875,0.008176626418300081,0.012218139186304865
deepseek_qwen,actions,real,alpha0.07_aware,0.07,148,density_nontest,adding-knowledge,1.748977725235911,1.5901544967698356,-0.15882322846607505,-0.2816882959016814,-0.03083937246628557,0.020472002667791103,0.01604818237552049
deepseek_qwen,actions,real,alpha0.07_aware,0.07,148,density_nontest,example-testing,0.06724134250169678,0.0854935915802606,0.018252249078563817,-0.022591650210140132,0.05619216826170234,0.3855390002000298,0.4720783438460785
deepseek_qwen,actions,real,alpha0.07_aware,0.07,148,density_nontest,uncertainty-estimation,0.6672794069248317,0.729491014387292,0.0622116074624603,-0.03459405743286206,0.1630776692326112,0.22480800854623129,0.14137142546640893
deepseek_qwen,actions,real,alpha0.07_aware,0.07,148,density_nontest,backtracking,0.10053009849581727,0.17200014622233645,0.07147004772651916,0.020094206084564057,0.12052961603644925,0.004831976104116718,0.005648323712377717
deepseek_qwen,actions,real,alpha0.07_aware,0.07,148,words,,244.29054054054055,267.86486486486484,23.574324324324323,9.871452702702703,38.31942567567566,0.0011240622484491607,0.0014987987663265165
deepseek_qwen,actions,real,alpha0.07_aware,0.07,148,n_spans_counted,,17.33108108108108,19.04054054054054,1.7094594594594594,0.7092905405405405,2.750168918918918,0.001171061121868052,0.00032806051098889413
deepseek_qwen,actions,real,alpha0.25,-0.25,149,density,initializing,0.5869126373666699,0.603489945992429,0.01657730862575916,-0.042332818765028375,0.07478891472649345,0.5895334247174078,0.8770564929126696
deepseek_qwen,actions,real,alpha0.25,-0.25,149,density,deduction,4.015496388730188,4.13432344593747,0.11882705720728212,-0.05118524883600145,0.2890013231788521,0.1775598048872011,0.24191167809071468
deepseek_qwen,actions,real,alpha0.25,-0.25,149,density,adding-knowledge,1.7614293219470705,1.6448047099334537,-0.11662461201361628,-0.2423952976882557,0.008211951268291585,0.07254615311378082,0.07061861166340201
deepseek_qwen,actions,real,alpha0.25,-0.25,149,density,example-testing,0.06679005832383304,0.08345317227012383,0.0166631139462908,-0.020282991835930363,0.054230060996043085,0.37938833587524323,0.7060488534114869
deepseek_qwen,actions,real,alpha0.25,-0.25,149,density,uncertainty-estimation,0.6741833595141186,0.6321064778105041,-0.04207688170361434,-0.12855408699226406,0.048863447574636246,0.3674260645843034,0.41124884155297814
deepseek_qwen,actions,real,alpha0.25,-0.25,149,density,backtracking,0.1042419419370657,0.10273230034938573,-0.0015096415876799476,-0.045168803347082474,0.040858888603934315,0.9451321482857574,0.901986204890342
deepseek_qwen,actions,real,alpha0.25,-0.25,149,coverage,initializing,0.12689537569560239,0.12742896579769697,0.0005335901020946153,-0.008245420600050414,0.008483389635947386,0.9012688453182626,0.9496303845101539
deepseek_qwen,actions,real,alpha0.25,-0.25,149,coverage,deduction,0.5241009514261743,0.535155502589534,0.011054551163359775,-0.008919743692919823,0.030056204137215787,0.28100166781295466,0.48259613333241935
deepseek_qwen,actions,real,alpha0.25,-0.25,149,coverage,adding-knowledge,0.2531203863707629,0.24225478966817135,-0.010865596702591539,-0.028705031972362117,0.00798169606658019,0.24358799918975751,0.32580070852886167
deepseek_qwen,actions,real,alpha0.25,-0.25,149,coverage,example-testing,0.010654587334144948,0.012642200804523692,0.0019876134703787443,-0.0036167187451620455,0.00805666207059838,0.5188796015269539,0.7975875520726519
deepseek_qwen,actions,real,alpha0.25,-0.25,149,coverage,uncertainty-estimation,0.07104676222341585,0.06868969795473376,-0.0023570642686821025,-0.013407300098641323,0.009313575084945082,0.7004874197104355,0.8056964021595893
deepseek_qwen,actions,real,alpha0.25,-0.25,149,coverage,backtracking,0.01418193694989969,0.013828843185340198,-0.0003530937645594926,-0.0068464121168315345,0.005758299912420201,0.9136554161373135,0.7058783105187265
deepseek_qwen,actions,real,alpha0.25,-0.25,149,any,initializing,1.0,1.0,0.0,0.0,0.0,,
deepseek_qwen,actions,real,alpha0.25,-0.25,149,any,deduction,1.0,1.0,0.0,0.0,0.0,,
deepseek_qwen,actions,real,alpha0.25,-0.25,149,any,adding-knowledge,1.0,1.0,0.0,0.0,0.0,,
deepseek_qwen,actions,real,alpha0.25,-0.25,149,any,example-testing,0.15436241610738255,0.15436241610738255,0.0,-0.06711409395973154,0.06711409395973154,1.0,1.0
deepseek_qwen,actions,real,alpha0.25,-0.25,149,any,uncertainty-estimation,0.7919463087248322,0.8120805369127517,0.020134228187919462,-0.053691275167785234,0.09395973154362416,0.5917097760574407,0.590013887163346
deepseek_qwen,actions,real,alpha0.25,-0.25,149,any,backtracking,0.21476510067114093,0.24161073825503357,0.026845637583892617,-0.06040268456375839,0.11409395973154363,0.557112067941457,0.5553463166714221
deepseek_qwen,actions,real,alpha0.25,-0.25,149,density_testlex,initializing,0.0,0.00401880802154081,0.00401880802154081,0.0,0.012056424064622432,0.31894268036747386,
deepseek_qwen,actions,real,alpha0.25,-0.25,149,density_testlex,deduction,0.03886774011723197,0.041582242913939534,0.0027145027967075607,-0.027886221588401216,0.03269619853264929,0.8601585282543099,0.8119664316811412
deepseek_qwen,actions,real,alpha0.25,-0.25,149,density_testlex,adding-knowledge,0.006643533894170321,0.0020461614012113275,-0.004597372492958993,-0.013725378224336797,0.0040345941108524295,0.2939304365604919,
deepseek_qwen,actions,real,alpha0.25,-0.25,149,density_testlex,example-testing,0.0,0.0071746548256615365,0.0071746548256615365,0.0,0.01937721736379455,0.1617304410218739,
deepseek_qwen,actions,real,alpha0.25,-0.25,149,density_testlex,uncertainty-estimation,0.006995795781790199,0.013003164893460145,0.006007369111669946,-0.008682638558693416,0.020749646142505445,0.43792145349001627,0.9375
deepseek_qwen,actions,real,alpha0.25,-0.25,149,density_testlex,backtracking,0.0,0.0,0.0,0.0,0.0,,
deepseek_qwen,actions,real,alpha0.25,-0.25,149,density_nontest,initializing,0.5869126373666699,0.5994711379708882,0.01255850060421835,-0.04542113317835944,0.0677640370639736,0.6691511107139063,0.8770564929126696
deepseek_qwen,actions,real,alpha0.25,-0.25,149,density_nontest,deduction,3.976628648612955,4.092741203023531,0.11611255441057457,-0.050524073981294555,0.2877616999310875,0.18449223543818816,0.22050752147714126
deepseek_qwen,actions,real,alpha0.25,-0.25,149,density_nontest,adding-knowledge,1.7547857880528999,1.6427585485322427,-0.11202723952065727,-0.23954150520552345,0.012341434017801332,0.08355697706872521,0.08091804875374303
deepseek_qwen,actions,real,alpha0.25,-0.25,149,density_nontest,example-testing,0.06679005832383304,0.0762785174444623,0.00948845912062926,-0.027359088153170934,0.04655730395494222,0.6142107691041804,0.9749325145812736
deepseek_qwen,actions,real,alpha0.25,-0.25,149,density_nontest,uncertainty-estimation,0.6671875637323282,0.619103312917044,-0.04808425081528428,-0.1351232111423927,0.04318528301093872,0.30147560913849514,0.3472845590390079
deepseek_qwen,actions,real,alpha0.25,-0.25,149,density_nontest,backtracking,0.1042419419370657,0.10273230034938573,-0.0015096415876799476,-0.045168803347082474,0.040858888603934315,0.9451321482857574,0.901986204890342
deepseek_qwen,actions,real,alpha0.25,-0.25,149,words,,243.6778523489933,241.74496644295303,-1.9328859060402686,-13.217785234899328,10.069463087248309,0.7546917013311689,0.6287695735097814
deepseek_qwen,actions,real,alpha0.25,-0.25,149,n_spans_counted,,17.29530201342282,17.261744966442954,-0.03355704697986577,-0.8929530201342282,0.8458053691275159,0.9431047588134596,0.49598234511105654
deepseek_qwen,actions,real,alpha0.3,-0.3,149,density,initializing,0.5869126373666699,0.6390162273445841,0.05210358997791409,-0.011596655160470941,0.12149222582106642,0.13954819134045315,0.6983511676323451
deepseek_qwen,actions,real,alpha0.3,-0.3,149,density,deduction,4.015496388730188,4.197936572400688,0.18244018367049986,0.010128927827396116,0.3662223359957062,0.04640644950450976,0.05453343304289595
deepseek_qwen,actions,real,alpha0.3,-0.3,149,density,adding-knowledge,1.7614293219470705,1.5827038502625375,-0.1787254716845328,-0.3050534891876312,-0.05089963241024207,0.004914058551793947,0.006120853150778195
deepseek_qwen,actions,real,alpha0.3,-0.3,149,density,example-testing,0.06679005832383304,0.11493791496308786,0.048147856639254825,0.004076274956086965,0.09777414581713906,0.04474007735927909,0.1047668301299541
deepseek_qwen,actions,real,alpha0.3,-0.3,149,density,uncertainty-estimation,0.6741833595141186,0.6532380871188509,-0.020945272395267656,-0.11109943835024422,0.07099657893915272,0.6521136174119946,0.8277093557324751
deepseek_qwen,actions,real,alpha0.3,-0.3,149,density,backtracking,0.1042419419370657,0.0857040093044869,-0.018537932632578778,-0.06397425557363196,0.023020816076346942,0.4018251771297007,0.5830881665435217
deepseek_qwen,actions,real,alpha0.3,-0.3,149,coverage,initializing,0.12689537569560239,0.12910759461049248,0.002212218914890127,-0.005791062551344856,0.009745341524320904,0.5945764001728042,0.8608467408454082
deepseek_qwen,actions,real,alpha0.3,-0.3,149,coverage,deduction,0.5241009514261743,0.5436257421572636,0.019524790731089255,-0.0023036443843857898,0.04027712347040634,0.07161442565814158,0.03467918287535211
deepseek_qwen,actions,real,alpha0.3,-0.3,149,coverage,adding-knowledge,0.2531203863707629,0.22621642858310698,-0.02690395778765589,-0.043622732355689205,-0.0100772479717517,0.0016165616039737966,0.003443665752970755
deepseek_qwen,actions,real,alpha0.3,-0.3,149,coverage,example-testing,0.010654587334144948,0.017364851267661005,0.00671026393351606,0.0001271827803238577,0.014140556850774432,0.06326236475611897,0.07323076331259977
deepseek_qwen,actions,real,alpha0.3,-0.3,149,coverage,uncertainty-estimation,0.07104676222341585,0.07227904084279953,0.00123227861938366,-0.01018841905632103,0.013209391516003905,0.8430321179037492,0.49961991968932296
deepseek_qwen,actions,real,alpha0.3,-0.3,149,coverage,backtracking,0.01418193694989969,0.011406342538676482,-0.0027755944112232097,-0.009440273195829685,0.003461573820267527,0.39853145604821455,0.4128544666502534
deepseek_qwen,actions,real,alpha0.3,-0.3,149,any,initializing,1.0,1.0,0.0,0.0,0.0,,
deepseek_qwen,actions,real,alpha0.3,-0.3,149,any,deduction,1.0,1.0,0.0,0.0,0.0,,
deepseek_qwen,actions,real,alpha0.3,-0.3,149,any,adding-knowledge,1.0,1.0,0.0,0.0,0.0,,
deepseek_qwen,actions,real,alpha0.3,-0.3,149,any,example-testing,0.15436241610738255,0.2080536912751678,0.053691275167785234,-0.020134228187919462,0.12751677852348994,0.17087031383802262,0.17006696145390487
deepseek_qwen,actions,real,alpha0.3,-0.3,149,any,uncertainty-estimation,0.7919463087248322,0.8590604026845637,0.06711409395973154,-0.013422818791946308,0.1476510067114094,0.11414632029120882,0.11384629800665805
deepseek_qwen,actions,real,alpha0.3,-0.3,149,any,backtracking,0.21476510067114093,0.18791946308724833,-0.026845637583892617,-0.11409395973154363,0.06040268456375839,0.557112067941457,0.5553463166714221
deepseek_qwen,actions,real,alpha0.3,-0.3,149,density_testlex,initializing,0.0,0.0,0.0,0.0,0.0,,
deepseek_qwen,actions,real,alpha0.3,-0.3,149,density_testlex,deduction,0.03886774011723197,0.03583251745020541,-0.003035222667026571,-0.032258727518917216,0.0259242006683016,0.8384825267224424,0.6276643574237823
deepseek_qwen,actions,real,alpha0.3,-0.3,149,density_testlex,adding-knowledge,0.006643533894170321,0.002739350773866594,-0.0039041831203037274,-0.013500668092445791,0.005478701547733188,0.41107561640481866,
deepseek_qwen,actions,real,alpha0.3,-0.3,149,density_testlex,example-testing,0.0,0.004067520846044336,0.004067520846044336,0.0,0.012202562538133009,0.31894268036747403,
deepseek_qwen,actions,real,alpha0.3,-0.3,149,density_testlex,uncertainty-estimation,0.006995795781790199,0.012610574122091841,0.0056147783403016445,-0.009114002341713468,0.022296913537883965,0.49473720082756273,0.5625
deepseek_qwen,actions,real,alpha0.3,-0.3,149,density_testlex,backtracking,0.0,0.0,0.0,0.0,0.0,,
deepseek_qwen,actions,real,alpha0.3,-0.3,149,density_nontest,initializing,0.5869126373666699,0.6390162273445841,0.05210358997791409,-0.011596655160470941,0.12149222582106642,0.13954819134045315,0.6983511676323451
deepseek_qwen,actions,real,alpha0.3,-0.3,149,density_nontest,deduction,3.976628648612955,4.162104054950483,0.1854754063375264,0.009494515446132118,0.37206717983763804,0.0458976700348709,0.05128271338986029
deepseek_qwen,actions,real,alpha0.3,-0.3,149,density_nontest,adding-knowledge,1.7547857880528999,1.5799644994886708,-0.17482128856422902,-0.29923731577161083,-0.04570491180719072,0.005755258572485132,0.00727889285588544
deepseek_qwen,actions,real,alpha0.3,-0.3,149,density_nontest,example-testing,0.06679005832383304,0.11087039411704354,0.04408033579321049,-0.0008746310218803457,0.09361007387538643,0.06739996384631175,0.14786438244657887
deepseek_qwen,actions,real,alpha0.3,-0.3,149,density_nontest,uncertainty-estimation,0.6671875637323282,0.640627512996759,-0.0265600507355693,-0.11642093532520678,0.0643360218032116,0.5634282095185504,0.7701319530141024
deepseek_qwen,actions,real,alpha0.3,-0.3,149,density_nontest,backtracking,0.1042419419370657,0.0857040093044869,-0.018537932632578778,-0.06397425557363196,0.023020816076346942,0.4018251771297007,0.5830881665435217
deepseek_qwen,actions,real,alpha0.3,-0.3,149,words,,243.6778523489933,244.3489932885906,0.6711409395973155,-11.201510067114093,12.893791946308719,0.9152169990063252,0.30711519226867856
deepseek_qwen,actions,real,alpha0.3,-0.3,149,n_spans_counted,,17.29530201342282,17.51006711409396,0.21476510067114093,-0.6174496644295302,1.0738255033557047,0.6359763243867292,0.17027093415362415
deepseek_qwen,actions,real,alpha0.35,-0.35,149,density,initializing,0.5869126373666699,0.6204345649939388,0.033521927627268834,-0.026711375561058702,0.09754890504839278,0.30210500661450124,0.5966001067702245
deepseek_qwen,actions,real,alpha0.35,-0.35,149,density,deduction,4.015496388730188,4.210814328711727,0.19531793998153946,0.03240972526974242,0.3612362356381009,0.023897306258083617,0.01802614735363822
deepseek_qwen,actions,real,alpha0.35,-0.35,149,density,adding-knowledge,1.7614293219470705,1.6577679523176223,-0.1036613696294478,-0.23472520538589264,0.025845186899795303,0.1295097367837262,0.1593950888766701
deepseek_qwen,actions,real,alpha0.35,-0.35,149,density,example-testing,0.06679005832383304,0.06529009519021878,-0.0014999631336142648,-0.03969940364644741,0.03993597797308392,0.9409945570993345,0.9946373752380049
deepseek_qwen,actions,real,alpha0.35,-0.35,149,density,uncertainty-estimation,0.6741833595141186,0.6781565731855794,0.003973213671460957,-0.08166160755148541,0.09502258279444104,0.933749621904543,0.9858936231372135
deepseek_qwen,actions,real,alpha0.35,-0.35,149,density,backtracking,0.1042419419370657,0.08999713519128287,-0.014244806745782813,-0.060867594299450496,0.02825427989443817,0.5284374094964096,0.44862057637507313
deepseek_qwen,actions,real,alpha0.35,-0.35,149,coverage,initializing,0.12689537569560239,0.13215342942835417,0.005258053732751828,-0.002744061733356023,0.012841154276442597,0.19838342031348907,0.1709345749748462
deepseek_qwen,actions,real,alpha0.35,-0.35,149,coverage,deduction,0.5241009514261743,0.5286592375991891,0.004558286173014877,-0.015084902058793214,0.024997048425000685,0.6568478637304866,0.5410880165841865
deepseek_qwen,actions,real,alpha0.35,-0.35,149,coverage,adding-knowledge,0.2531203863707629,0.2418268392990471,-0.011293547071715763,-0.029815575937072653,0.006934099484060979,0.23817305937919217,0.11906346340403624
deepseek_qwen,actions,real,alpha0.35,-0.35,149,coverage,example-testing,0.010654587334144948,0.01094481280596178,0.0002902254718168321,-0.006231237697066812,0.007097043016566885,0.9315195209672414,0.9311522501084255
deepseek_qwen,actions,real,alpha0.35,-0.35,149,coverage,uncertainty-estimation,0.07104676222341585,0.07467922491351474,0.0036324626900988946,-0.00790899576415805,0.016119032176805437,0.5744418875395649,0.3949079839119387
deepseek_qwen,actions,real,alpha0.35,-0.35,149,coverage,backtracking,0.01418193694989969,0.011736455953933024,-0.0024454809959666667,-0.008808772960518142,0.003379768877549322,0.4306438710454325,0.5727750399486891
deepseek_qwen,actions,real,alpha0.35,-0.35,149,any,initializing,1.0,1.0,0.0,0.0,0.0,,
deepseek_qwen,actions,real,alpha0.35,-0.35,149,any,deduction,1.0,1.0,0.0,0.0,0.0,,
deepseek_qwen,actions,real,alpha0.35,-0.35,149,any,adding-knowledge,1.0,1.0,0.0,0.0,0.0,,
deepseek_qwen,actions,real,alpha0.35,-0.35,149,any,example-testing,0.15436241610738255,0.1342281879194631,-0.020134228187919462,-0.10067114093959731,0.06711409395973154,0.6234900198598186,0.621873424330741
deepseek_qwen,actions,real,alpha0.35,-0.35,149,any,uncertainty-estimation,0.7919463087248322,0.8389261744966443,0.04697986577181208,-0.03355704697986577,0.12751677852348994,0.25115565109434035,0.24981744183594812
deepseek_qwen,actions,real,alpha0.35,-0.35,149,any,backtracking,0.21476510067114093,0.20134228187919462,-0.013422818791946308,-0.10738255033557047,0.0738255033557047,0.7691862140821795,0.7680825619009432
deepseek_qwen,actions,real,alpha0.35,-0.35,149,density_testlex,initializing,0.0,0.0,0.0,0.0,0.0,,
deepseek_qwen,actions,real,alpha0.35,-0.35,149,density_testlex,deduction,0.03886774011723197,0.03999331248459681,0.0011255723673648395,-0.02862046058501434,0.030161794317109032,0.941341404765434,0.9425318751366507
deepseek_qwen,actions,real,alpha0.35,-0.35,149,density_testlex,adding-knowledge,0.006643533894170321,0.0019915161412383245,-0.004652017752931996,-0.011733862083098474,0.0,0.15106446927675046,
deepseek_qwen,actions,real,alpha0.35,-0.35,149,density_testlex,example-testing,0.0,0.0,0.0,0.0,0.0,,
deepseek_qwen,actions,real,alpha0.35,-0.35,149,density_testlex,uncertainty-estimation,0.006995795781790199,0.010069616123298491,0.0030738203415082935,-0.01040260258177657,0.01689535315605421,0.6668726980961874,1.0
deepseek_qwen,actions,real,alpha0.35,-0.35,149,density_testlex,backtracking,0.0,0.0,0.0,0.0,0.0,,
deepseek_qwen,actions,real,alpha0.35,-0.35,149,density_nontest,initializing,0.5869126373666699,0.6204345649939388,0.033521927627268834,-0.026711375561058702,0.09754890504839278,0.30210500661450124,0.5966001067702245
deepseek_qwen,actions,real,alpha0.35,-0.35,149,density_nontest,deduction,3.976628648612955,4.170821016227131,0.19419236761417463,0.02866605632152287,0.3660351634136668,0.02760713377704618,0.02430194065933007
deepseek_qwen,actions,real,alpha0.35,-0.35,149,density_nontest,adding-knowledge,1.7547857880528999,1.655776436176384,-0.09900935187651583,-0.22863795968652892,0.028220579389324475,0.14621467914921354,0.18308864501249988
deepseek_qwen,actions,real,alpha0.35,-0.35,149,density_nontest,example-testing,0.06679005832383304,0.06529009519021878,-0.0014999631336142648,-0.03969940364644741,0.03993597797308392,0.9409945570993345,0.9946373752380049
deepseek_qwen,actions,real,alpha0.35,-0.35,149,density_nontest,uncertainty-estimation,0.6671875637323282,0.6680869570622809,0.0008993933299526658,-0.08474585104450792,0.09140308507797486,0.9850154739811329,0.9345171063232512
deepseek_qwen,actions,real,alpha0.35,-0.35,149,density_nontest,backtracking,0.1042419419370657,0.08999713519128287,-0.014244806745782813,-0.060867594299450496,0.02825427989443817,0.5284374094964096,0.44862057637507313
deepseek_qwen,actions,real,alpha0.35,-0.35,149,words,,243.6778523489933,239.36912751677852,-4.308724832214765,-16.981543624161073,7.81929530201342,0.5116382651435699,0.7820161410441326
deepseek_qwen,actions,real,alpha0.35,-0.35,149,n_spans_counted,,17.29530201342282,17.322147651006713,0.026845637583892617,-0.8590604026845637,0.9598993288590595,0.9553119193401624,0.5611976034702503
deepseek_qwen,actions_sampling,fake,alpha0.07_aware,0.07,149,density,initializing,0.6006842878682611,0.645430676725702,0.04474638885744083,-0.02840642181314806,0.12373047976991507,0.24799342842835195,0.5853634655596908
deepseek_qwen,actions_sampling,fake,alpha0.07_aware,0.07,149,density,deduction,4.036611382860346,3.7467417538181484,-0.28986962904219693,-0.47946111760202725,-0.07983544515568096,0.005366259185387728,0.0030280231225297593
deepseek_qwen,actions_sampling,fake,alpha0.07_aware,0.07,149,density,adding-knowledge,1.7381429296864874,1.663161053249613,-0.07498187643687454,-0.24326941083235598,0.09318222431987658,0.37950580671664813,0.44672807149183524
deepseek_qwen,actions_sampling,fake,alpha0.07_aware,0.07,149,density,example-testing,0.08539536661173293,0.1318752723326743,0.046479905720941364,-0.02133451590477957,0.11586171871410429,0.1693472745832308,0.08752501116228091
deepseek_qwen,actions_sampling,fake,alpha0.07_aware,0.07,149,density,uncertainty-estimation,0.6099003595435827,0.6385598729745557,0.028659513430973057,-0.07442592999884289,0.1367715644135032,0.6035758913268271,0.7890913209224621
deepseek_qwen,actions_sampling,fake,alpha0.07_aware,0.07,149,density,backtracking,0.09444163317471697,0.09732985988741163,0.002888226712694663,-0.04998601107094975,0.05206499723985545,0.9095589495947761,0.6235787325884762
deepseek_qwen,actions_sampling,fake,alpha0.07_aware,0.07,149,coverage,initializing,0.12017235483958374,0.12844691071407557,0.008274555874491808,-0.0005831832219537603,0.01770144217048892,0.08612910268636877,0.07346703523053126
deepseek_qwen,actions_sampling,fake,alpha0.07_aware,0.07,149,coverage,deduction,0.5374276937916201,0.5100964338138357,-0.027331259977784447,-0.054947856061430364,0.001651185710079648,0.0608137766747081,0.023016063703739816
deepseek_qwen,actions_sampling,fake,alpha0.07_aware,0.07,149,coverage,adding-knowledge,0.24926048767203932,0.24640037096599185,-0.002860116706047467,-0.029431048428802786,0.02295333453288858,0.8230902610402347,0.7365846481662222
deepseek_qwen,actions_sampling,fake,alpha0.07_aware,0.07,149,coverage,example-testing,0.013580626135661123,0.021367364529614966,0.007786738393953841,-0.0029902921855148525,0.017924119199603683,0.14165260169924435,0.036288599743413835
deepseek_qwen,actions_sampling,fake,alpha0.07_aware,0.07,149,coverage,uncertainty-estimation,0.06683220305622221,0.07987238271366866,0.013040179657446442,-0.0010180693740113262,0.026712740320071884,0.07477041191620064,0.0542200159618678
deepseek_qwen,actions_sampling,fake,alpha0.07_aware,0.07,149,coverage,backtracking,0.012726634504873333,0.013816537262813157,0.001089902757939823,-0.00669782019467038,0.008356479445393234,0.7722108872222203,0.2118526218802791
deepseek_qwen,actions_sampling,fake,alpha0.07_aware,0.07,149,any,initializing,1.0,1.0,0.0,0.0,0.0,,
deepseek_qwen,actions_sampling,fake,alpha0.07_aware,0.07,149,any,deduction,1.0,1.0,0.0,0.0,0.0,,
deepseek_qwen,actions_sampling,fake,alpha0.07_aware,0.07,149,any,adding-knowledge,0.9865771812080537,1.0,0.013422818791946308,0.0,0.03355704697986577,0.15799703049544492,
deepseek_qwen,actions_sampling,fake,alpha0.07_aware,0.07,149,any,example-testing,0.1610738255033557,0.22818791946308725,0.06711409395973154,-0.026845637583892617,0.1610738255033557,0.149540258660214,0.14891467317876572
deepseek_qwen,actions_sampling,fake,alpha0.07_aware,0.07,149,any,uncertainty-estimation,0.7449664429530202,0.7718120805369127,0.026845637583892617,-0.06040268456375839,0.11409395973154363,0.5654534272810476,0.5637028616507731
deepseek_qwen,actions_sampling,fake,alpha0.07_aware,0.07,149,any,backtracking,0.18791946308724833,0.21476510067114093,0.026845637583892617,-0.06040268456375839,0.11409395973154363,0.5654534272810476,0.5637028616507731
deepseek_qwen,actions_sampling,fake,alpha0.07_aware,0.07,149,density_testlex,initializing,0.0,0.0,0.0,0.0,0.0,,
deepseek_qwen,actions_sampling,fake,alpha0.07_aware,0.07,149,density_testlex,deduction,0.08115588741993457,0.22923997767932747,0.14808409025939293,0.09642659665235198,0.19990976097808036,2.3460469491027606e-07,4.975814022129882e-07
deepseek_qwen,actions_sampling,fake,alpha0.07_aware,0.07,149,density_testlex,adding-knowledge,0.0,0.0688875470742095,0.0688875470742095,0.04264840707025581,0.09867042308633964,2.9588998739296653e-06,1.1920928955078125e-07
deepseek_qwen,actions_sampling,fake,alpha0.07_aware,0.07,149,density_testlex,example-testing,0.002298427875333272,0.006871917887886414,0.004573490012553141,-0.004353083097222106,0.013759687002499263,0.32178837989829917,
deepseek_qwen,actions_sampling,fake,alpha0.07_aware,0.07,149,density_testlex,uncertainty-estimation,0.02190472563796376,0.12865608597362724,0.10675136033566349,0.06869245710831531,0.1453752243523801,2.8200864785535196e-07,3.215791953089043e-06
deepseek_qwen,actions_sampling,fake,alpha0.07_aware,0.07,149,density_testlex,backtracking,0.002021508854208782,0.0019175455417066154,-0.00010396331250216619,-0.0060645265626263455,0.005752636625119846,0.9703859796802725,
deepseek_qwen,actions_sampling,fake,alpha0.07_aware,0.07,149,density_nontest,initializing,0.6006842878682611,0.645430676725702,0.04474638885744083,-0.02840642181314806,0.12373047976991507,0.24799342842835195,0.5853634655596908
deepseek_qwen,actions_sampling,fake,alpha0.07_aware,0.07,149,density_nontest,deduction,3.9554554954404115,3.5175017761388223,-0.4379537193015898,-0.6383170649022556,-0.21756185725532193,6.309131337792701e-05,4.446093527804367e-05
deepseek_qwen,actions_sampling,fake,alpha0.07_aware,0.07,149,density_nontest,adding-knowledge,1.7381429296864874,1.5942735061754036,-0.14386942351108406,-0.3088316346645013,0.021452181049120753,0.09138846857448114,0.10175264129344974
deepseek_qwen,actions_sampling,fake,alpha0.07_aware,0.07,149,density_nontest,example-testing,0.08309693873639966,0.12500335444478788,0.04190641570838821,-0.023979626960210592,0.10757365042274121,0.20368710958240885,0.09615067635749591
deepseek_qwen,actions_sampling,fake,alpha0.07_aware,0.07,149,density_nontest,uncertainty-estimation,0.587995633905619,0.5099037870009285,-0.07809184690469044,-0.1771185346666104,0.026502327666832276,0.13985375020138885,0.12828094320399708
deepseek_qwen,actions_sampling,fake,alpha0.07_aware,0.07,149,density_nontest,backtracking,0.09242012432050818,0.09541231434570502,0.00299219002519683,-0.04895250406306445,0.05098754922896384,0.9057472706964315,0.6196619326280328
deepseek_qwen,actions_sampling,fake,alpha0.07_aware,0.07,149,words,,251.11409395973155,275.3020134228188,24.187919463087248,5.640939597315437,42.28473154362415,0.01295432339238786,0.0008220782849869241
deepseek_qwen,actions_sampling,fake,alpha0.07_aware,0.07,149,n_spans_counted,,17.684563758389263,18.85234899328859,1.167785234899329,0.040268456375838924,2.3288590604026846,0.0532458197586409,0.026322584076481952
deepseek_qwen,actions_sampling,fake,alpha0.35,-0.35,88,density,initializing,0.6030999693249844,0.6870490655853861,0.08394909626040177,-0.008089732032206172,0.18476591562088213,0.0989315739766363,0.2886816355201214
deepseek_qwen,actions_sampling,fake,alpha0.35,-0.35,88,density,deduction,3.8825715831524685,4.098606396584586,0.21603481343211756,-0.028721482528782823,0.47457802308465186,0.08902459239137958,0.12572123694843695
deepseek_qwen,actions_sampling,fake,alpha0.35,-0.35,88,density,adding-knowledge,1.7612498109795083,1.742978746205888,-0.018271064773620296,-0.2358980294469318,0.20855780584262276,0.873932354721263,0.996680127104627
deepseek_qwen,actions_sampling,fake,alpha0.35,-0.35,88,density,example-testing,0.0962492804157493,0.10056752517725163,0.004318244761502347,-0.07595442788352176,0.07382536010065956,0.9110797659881475,0.37475037574768066
deepseek_qwen,actions_sampling,fake,alpha0.35,-0.35,88,density,uncertainty-estimation,0.6112208543867444,0.6469714240870822,0.03575056970033774,-0.10461223668937457,0.17715900798872936,0.6182893981183537,0.5649152489491303
deepseek_qwen,actions_sampling,fake,alpha0.35,-0.35,88,density,backtracking,0.13588776769520083,0.13606333318211652,0.00017556548691567887,-0.08552811444653895,0.08008180873519255,0.9965558662870535,0.8451014619304408
deepseek_qwen,actions_sampling,fake,alpha0.35,-0.35,88,coverage,initializing,0.12376794301430123,0.12425610897280787,0.00048816595850663895,-0.014509718520340022,0.015406391400906713,0.9479282116118624,0.76449631634071
deepseek_qwen,actions_sampling,fake,alpha0.35,-0.35,88,coverage,deduction,0.5174664219416301,0.5260714278829244,0.008605005941294168,-0.02492326499921378,0.04330110507870893,0.6233300999353125,0.8351955628943053
deepseek_qwen,actions_sampling,fake,alpha0.35,-0.35,88,coverage,adding-knowledge,0.25448958278957834,0.24125690914477796,-0.013232673644800342,-0.044357428876184005,0.01765712091662443,0.418413833310751,0.5799937834070272
deepseek_qwen,actions_sampling,fake,alpha0.35,-0.35,88,coverage,example-testing,0.01699611737791322,0.017236299052795445,0.00024018167488222615,-0.01207895860721447,0.010479403107492041,0.9674806880652416,0.40611207485198975
deepseek_qwen,actions_sampling,fake,alpha0.35,-0.35,88,coverage,uncertainty-estimation,0.06910820575704348,0.07285145028788688,0.0037432445308434206,-0.013994319981187768,0.021784124988022752,0.6830612060100223,0.5977828305822304
deepseek_qwen,actions_sampling,fake,alpha0.35,-0.35,88,coverage,backtracking,0.01817172911953362,0.018327804658807498,0.00015607553927387776,-0.01168025244885937,0.011511735346544054,0.9787097386027769,0.7042608358424332
deepseek_qwen,actions_sampling,fake,alpha0.35,-0.35,88,any,initializing,1.0,1.0,0.0,0.0,0.0,,
deepseek_qwen,actions_sampling,fake,alpha0.35,-0.35,88,any,deduction,1.0,1.0,0.0,0.0,0.0,,
deepseek_qwen,actions_sampling,fake,alpha0.35,-0.35,88,any,adding-knowledge,0.9772727272727273,1.0,0.022727272727272728,0.0,0.056818181818181816,0.1584822554458656,
deepseek_qwen,actions_sampling,fake,alpha0.35,-0.35,88,any,example-testing,0.1590909090909091,0.19318181818181818,0.03409090909090909,-0.056818181818181816,0.125,0.4700027220739506,0.46685427082272546
deepseek_qwen,actions_sampling,fake,alpha0.35,-0.35,88,any,uncertainty-estimation,0.75,0.7613636363636364,0.011363636363636364,-0.10227272727272728,0.13636363636363635,0.8486630663499035,0.8473896596867143
deepseek_qwen,actions_sampling,fake,alpha0.35,-0.35,88,any,backtracking,0.26136363636363635,0.2840909090909091,0.022727272727272728,-0.10227272727272728,0.13636363636363635,0.7172299764175798,0.7150006546880892
deepseek_qwen,actions_sampling,fake,alpha0.35,-0.35,88,density_testlex,initializing,0.0,0.0,0.0,0.0,0.0,,
deepseek_qwen,actions_sampling,fake,alpha0.35,-0.35,88,density_testlex,deduction,0.099190344719612,0.05167610656137176,-0.047514238158240255,-0.10725010431697626,0.010260858512815654,0.12519217273253816,0.07951394490149995
deepseek_qwen,actions_sampling,fake,alpha0.35,-0.35,88,density_testlex,adding-knowledge,0.0,0.00792557610739429,0.00792557610739429,0.0,0.020770475315929862,0.17056588912110382,
deepseek_qwen,actions_sampling,fake,alpha0.35,-0.35,88,density_testlex,example-testing,0.003891656288916563,0.003762793497892836,-0.00012886279102372673,-0.011674968866749687,0.011288380493678508,0.981170542522838,
deepseek_qwen,actions_sampling,fake,alpha0.35,-0.35,88,density_testlex,uncertainty-estimation,0.01599387113405805,0.026245514855393292,0.01025164372133524,-0.01909190717294663,0.040234791115293836,0.4860566123493802,0.8203125
deepseek_qwen,actions_sampling,fake,alpha0.35,-0.35,88,density_testlex,backtracking,0.003422782037239869,0.0,-0.003422782037239869,-0.010268346111719607,0.0,0.32008377313169417,
deepseek_qwen,actions_sampling,fake,alpha0.35,-0.35,88,density_nontest,initializing,0.6030999693249844,0.6870490655853861,0.08394909626040177,-0.008089732032206172,0.18476591562088213,0.0989315739766363,0.2886816355201214
deepseek_qwen,actions_sampling,fake,alpha0.35,-0.35,88,density_nontest,deduction,3.7833812384328565,4.046930290023214,0.2635490515903578,0.013752888524113686,0.5165677298692518,0.04201916805714066,0.09521589476401368
deepseek_qwen,actions_sampling,fake,alpha0.35,-0.35,88,density_nontest,adding-knowledge,1.7612498109795083,1.7350531700984937,-0.026196640881014584,-0.24379431734310353,0.20201282376187943,0.8194354235871143,0.9701280396165138
deepseek_qwen,actions_sampling,fake,alpha0.35,-0.35,88,density_nontest,example-testing,0.09235762412683274,0.09680473167935882,0.004447107552526073,-0.07613891152948656,0.07151631734192275,0.9075150156656622,0.3534979820251465
deepseek_qwen,actions_sampling,fake,alpha0.35,-0.35,88,density_nontest,uncertainty-estimation,0.5952269832526864,0.6207259092316889,0.0254989259790025,-0.11552342324554461,0.16743364578230077,0.7245915386836191,0.6349054412845272
deepseek_qwen,actions_sampling,fake,alpha0.35,-0.35,88,density_nontest,backtracking,0.13246498565796097,0.13606333318211652,0.0035983475241555497,-0.08229424578931463,0.0832347416219391,0.9300340117927509,0.7482339904097814
deepseek_qwen,actions_sampling,fake,alpha0.35,-0.35,88,words,,240.5909090909091,260.40909090909093,19.818181818181817,-1.659659090909091,44.003693181818164,0.09577579218604913,0.34171700806602034
deepseek_qwen,actions_sampling,fake,alpha0.35,-0.35,88,n_spans_counted,,16.886363636363637,18.954545454545453,2.0681818181818183,0.5113636363636364,3.784659090909088,0.014205434958790916,0.03489279063129337
deepseek_qwen,actions_sampling,real,alpha0.07_aware,0.07,148,density,initializing,0.6493564379736201,0.5881470848043043,-0.061209353169315715,-0.13184780098337118,0.005240063211377241,0.07298829181366259,0.07487496486084065
deepseek_qwen,actions_sampling,real,alpha0.07_aware,0.07,148,density,deduction,3.771906326315681,3.7960456895489787,0.024139363233297427,-0.15317571867571825,0.1999831917637198,0.7887282122699641,0.9374421756605583
deepseek_qwen,actions_sampling,real,alpha0.07_aware,0.07,148,density,adding-knowledge,1.7864584619585642,1.7656221601505675,-0.020836301807996647,-0.16261299325762257,0.12387131458673714,0.7819027658135477,0.45764085090606144
deepseek_qwen,actions_sampling,real,alpha0.07_aware,0.07,148,density,example-testing,0.0719980080617298,0.11635672831677371,0.044358720255043914,-0.004959595009357437,0.08993917915648388,0.06483636022420786,0.07724197707136883
deepseek_qwen,actions_sampling,real,alpha0.07_aware,0.07,148,density,uncertainty-estimation,0.5991561767249662,0.6174424179943571,0.018286241269390838,-0.08356991587995892,0.11904555551394726,0.725481064321096,0.7468989517155472
deepseek_qwen,actions_sampling,real,alpha0.07_aware,0.07,148,density,backtracking,0.110806289853698,0.09269894351609534,-0.018107346337602668,-0.06937426836340597,0.029968217939129873,0.48908970146898023,0.6901498155282173
deepseek_qwen,actions_sampling,real,alpha0.07_aware,0.07,148,coverage,initializing,0.12760183057231245,0.1196737065260169,-0.007928124046295556,-0.01901325491078427,0.00251840827495762,0.1510419994072945,0.1091014938030623
deepseek_qwen,actions_sampling,real,alpha0.07_aware,0.07,148,coverage,deduction,0.5104544312505163,0.5157729183164909,0.005318487065974507,-0.017136916152272433,0.029208243745037207,0.6558083283178607,0.8421968986016035
deepseek_qwen,actions_sampling,real,alpha0.07_aware,0.07,148,coverage,adding-knowledge,0.2676796144917426,0.26672726055576174,-0.0009523539359808034,-0.023117270560218787,0.02191325329110841,0.9338795653921028,0.7666863991595305
deepseek_qwen,actions_sampling,real,alpha0.07_aware,0.07,148,coverage,example-testing,0.01043147251806429,0.01754232120918882,0.007110848691124529,6.848319068855153e-05,0.013653417039522454,0.03941312670749987,0.04690180107251243
deepseek_qwen,actions_sampling,real,alpha0.07_aware,0.07,148,coverage,uncertainty-estimation,0.06838955240954285,0.06658962767778243,-0.0017999247317604177,-0.014879122552094217,0.011656635152022555,0.7951578113568484,0.9146092403656854
deepseek_qwen,actions_sampling,real,alpha0.07_aware,0.07,148,coverage,backtracking,0.01544309875782156,0.013694165714759307,-0.001748933043062254,-0.008948210185858979,0.0052673849167899165,0.6412723691643888,0.7141233814818727
deepseek_qwen,actions_sampling,real,alpha0.07_aware,0.07,148,any,initializing,1.0,1.0,0.0,0.0,0.0,,
deepseek_qwen,actions_sampling,real,alpha0.07_aware,0.07,148,any,deduction,1.0,1.0,0.0,0.0,0.0,,
deepseek_qwen,actions_sampling,real,alpha0.07_aware,0.07,148,any,adding-knowledge,1.0,1.0,0.0,0.0,0.0,,
deepseek_qwen,actions_sampling,real,alpha0.07_aware,0.07,148,any,example-testing,0.18243243243243243,0.22297297297297297,0.04054054054054054,-0.05405405405405406,0.12162162162162163,0.3562898290660079,0.3545394797735013
deepseek_qwen,actions_sampling,real,alpha0.07_aware,0.07,148,any,uncertainty-estimation,0.7702702702702703,0.7837837837837838,0.013513513513513514,-0.08108108108108109,0.10810810810810811,0.7739210349377197,0.7728299926844475
deepseek_qwen,actions_sampling,real,alpha0.07_aware,0.07,148,any,backtracking,0.24324324324324326,0.20270270270270271,-0.04054054054054054,-0.14189189189189189,0.047466216216215294,0.4245331830827837,0.4226780741706355
deepseek_qwen,actions_sampling,real,alpha0.07_aware,0.07,148,density_testlex,initializing,0.0,0.0,0.0,0.0,0.0,,
deepseek_qwen,actions_sampling,real,alpha0.07_aware,0.07,148,density_testlex,deduction,0.05129255823827505,0.1461513628293245,0.09485880459104946,0.052409929148780225,0.14035616133685086,5.0076656977977594e-05,0.000473458660561357
deepseek_qwen,actions_sampling,real,alpha0.07_aware,0.07,148,density_testlex,adding-knowledge,0.0027920482465937013,0.04649512189441763,0.04370307364782393,0.01994360507988668,0.0712713823225608,0.001341604314076853,0.002854354799586081
deepseek_qwen,actions_sampling,real,alpha0.07_aware,0.07,148,density_testlex,example-testing,0.0,0.01399162593640368,0.01399162593640368,0.0026188979677351774,0.027979874188091777,0.036315484522753995,0.0625
deepseek_qwen,actions_sampling,real,alpha0.07_aware,0.07,148,density_testlex,uncertainty-estimation,0.015573139413080953,0.10176844631098889,0.08619530689790794,0.0512668818446279,0.12303027592972458,8.137014015163892e-06,9.45382330919249e-05
deepseek_qwen,actions_sampling,real,alpha0.07_aware,0.07,148,density_testlex,backtracking,0.0,0.003672150411280846,0.003672150411280846,0.0,0.011016451233842537,0.31895376462415176,
deepseek_qwen,actions_sampling,real,alpha0.07_aware,0.07,148,density_nontest,initializing,0.6493564379736201,0.5881470848043043,-0.061209353169315715,-0.13184780098337118,0.005240063211377241,0.07298829181366259,0.07487496486084065
deepseek_qwen,actions_sampling,real,alpha0.07_aware,0.07,148,density_nontest,deduction,3.720613768077406,3.649894326719654,-0.07071944135775197,-0.25213826510901105,0.10542601243397531,0.4397161451033959,0.3223314967933062
deepseek_qwen,actions_sampling,real,alpha0.07_aware,0.07,148,density_nontest,adding-knowledge,1.7836664137119702,1.7191270382561499,-0.0645393754558206,-0.20851381775268843,0.0856695816194322,0.3999986516113295,0.18149661961059504
deepseek_qwen,actions_sampling,real,alpha0.07_aware,0.07,148,density_nontest,example-testing,0.0719980080617298,0.10236510238037004,0.030367094318640247,-0.016822808849562478,0.07355728900907826,0.1843060249118114,0.21371592147400786
deepseek_qwen,actions_sampling,real,alpha0.07_aware,0.07,148,density_nontest,uncertainty-estimation,0.5835830373118853,0.515673971683368,-0.0679090656285171,-0.160121447415972,0.028903851053527423,0.15845145698719387,0.1868497937478758
deepseek_qwen,actions_sampling,real,alpha0.07_aware,0.07,148,density_nontest,backtracking,0.110806289853698,0.08902679310481448,-0.021779496748883517,-0.07076037453852173,0.024858948416381726,0.3906930728198055,0.6586706662771411
deepseek_qwen,actions_sampling,real,alpha0.07_aware,0.07,148,words,,251.1418918918919,259.0472972972973,7.905405405405405,-9.342398648648649,24.90591216216216,0.3432781767254468,0.1214598721509215
deepseek_qwen,actions_sampling,real,alpha0.07_aware,0.07,148,n_spans_counted,,17.527027027027028,17.93243243243243,0.40540540540540543,-0.8648648648648649,1.723310810810809,0.5298702208111352,0.24386328123758416
deepseek_qwen,actions_sampling,real,alpha0.35,-0.35,88,density,initializing,0.6309037159790641,0.6635744687817976,0.032670752802733474,-0.05812372557943255,0.1298038102882263,0.49888354826139786,0.8222233974046556
deepseek_qwen,actions_sampling,real,alpha0.35,-0.35,88,density,deduction,3.6879172036751102,4.029084161943366,0.341166958268256,0.06493481798992407,0.6005203232186649,0.016073902597613314,0.026858014866609763
deepseek_qwen,actions_sampling,real,alpha0.35,-0.35,88,density,adding-knowledge,1.7974779515921921,1.7670016091212082,-0.030476342470983884,-0.23887757655216307,0.1905226398387683,0.780618161898827,0.6175661696784098
deepseek_qwen,actions_sampling,real,alpha0.35,-0.35,88,density,example-testing,0.07206340282591815,0.09772176720106755,0.02565836437514941,-0.025822951417637,0.08016983551261729,0.3423613402690118,0.3666093051433563
deepseek_qwen,actions_sampling,real,alpha0.35,-0.35,88,density,uncertainty-estimation,0.6378958640252183,0.5098493962710777,-0.12804646775414044,-0.24880041484229348,-0.010654155438691151,0.03870611848765087,0.04760591492814178
deepseek_qwen,actions_sampling,real,alpha0.35,-0.35,88,density,backtracking,0.10529243489821823,0.08621846637026981,-0.019073968527948414,-0.08003076260812937,0.03375567162485233,0.512618447502577,0.47270804025626234
deepseek_qwen,actions_sampling,real,alpha0.35,-0.35,88,coverage,initializing,0.12711193857974343,0.13332376124363296,0.006211822663889518,-0.006998392824763012,0.0199297793914255,0.3823758817008266,0.7964277066589028
deepseek_qwen,actions_sampling,real,alpha0.35,-0.35,88,coverage,deduction,0.4992104134218382,0.5272030532340266,0.027992639812188403,-0.005738410832721355,0.058548716684100076,0.09883293690332783,0.09439346649086423
deepseek_qwen,actions_sampling,real,alpha0.35,-0.35,88,coverage,adding-knowledge,0.275305645187037,0.2539867869516856,-0.021318858235351425,-0.05202732937440437,0.010907970668815934,0.17903249249852013,0.2134642932896088
deepseek_qwen,actions_sampling,real,alpha0.35,-0.35,88,coverage,example-testing,0.010832029392759552,0.016202233305162426,0.005370203912402873,-0.002635806281344753,0.013989810760596627,0.2050005213832326,0.18135443329811096
deepseek_qwen,actions_sampling,real,alpha0.35,-0.35,88,coverage,uncertainty-estimation,0.07320387921395603,0.05849840151539009,-0.01470547769856594,-0.03185942561863542,0.0024381079766638766,0.09373957705046154,0.07517051244981292
deepseek_qwen,actions_sampling,real,alpha0.35,-0.35,88,coverage,backtracking,0.01433609420466574,0.010785763750102302,-0.003550330454563437,-0.011465463429730371,0.0033428061409718104,0.3502571688962794,0.3604972792090848
deepseek_qwen,actions_sampling,real,alpha0.35,-0.35,88,any,initializing,1.0,1.0,0.0,0.0,0.0,,
deepseek_qwen,actions_sampling,real,alpha0.35,-0.35,88,any,deduction,1.0,1.0,0.0,0.0,0.0,,
deepseek_qwen,actions_sampling,real,alpha0.35,-0.35,88,any,adding-knowledge,1.0,1.0,0.0,0.0,0.0,,
deepseek_qwen,actions_sampling,real,alpha0.35,-0.35,88,any,example-testing,0.17045454545454544,0.18181818181818182,0.011363636363636364,-0.09090909090909091,0.11363636363636363,0.8286906215000253,0.8272593465627113
deepseek_qwen,actions_sampling,real,alpha0.35,-0.35,88,any,uncertainty-estimation,0.7840909090909091,0.7045454545454546,-0.07954545454545454,-0.20454545454545456,0.045454545454545456,0.2105172945257547,0.2086677876982641
deepseek_qwen,actions_sampling,real,alpha0.35,-0.35,88,any,backtracking,0.22727272727272727,0.2159090909090909,-0.011363636363636364,-0.13636363636363635,0.10227272727272728,0.8539150025643639,0.8526836843346426
deepseek_qwen,actions_sampling,real,alpha0.35,-0.35,88,density_testlex,initializing,0.0,0.0,0.0,0.0,0.0,,
deepseek_qwen,actions_sampling,real,alpha0.35,-0.35,88,density_testlex,deduction,0.06043604425499604,0.061244737982413054,0.0008086937274170198,-0.047390287598873086,0.04782942713074657,0.9747396870845954,0.6327285766601562
deepseek_qwen,actions_sampling,real,alpha0.35,-0.35,88,density_testlex,adding-knowledge,0.0046957175056348615,0.0037015102161681965,-0.0009942072894666648,-0.014087152516904584,0.01110453064850459,0.8690474823855091,
deepseek_qwen,actions_sampling,real,alpha0.35,-0.35,88,density_testlex,example-testing,0.0,0.009639009639009639,0.009639009639009639,0.0,0.02542052542052542,0.17404030522113462,
deepseek_qwen,actions_sampling,real,alpha0.35,-0.35,88,density_testlex,uncertainty-estimation,0.022352122673842536,0.01545013647420513,-0.0069019861996374035,-0.03513178673719277,0.01974432734699379,0.6206815177197527,0.4609375
deepseek_qwen,actions_sampling,real,alpha0.35,-0.35,88,density_testlex,backtracking,0.0,0.0,0.0,0.0,0.0,,
deepseek_qwen,actions_sampling,real,alpha0.35,-0.35,88,density_nontest,initializing,0.6309037159790641,0.6635744687817976,0.032670752802733474,-0.05812372557943255,0.1298038102882263,0.49888354826139786,0.8222233974046556
deepseek_qwen,actions_sampling,real,alpha0.35,-0.35,88,density_nontest,deduction,3.627481159420114,3.967839423960953,0.34035826454083895,0.062230511755896195,0.6068041165905068,0.01829931290294952,0.027729466687296166
deepseek_qwen,actions_sampling,real,alpha0.35,-0.35,88,density_nontest,adding-knowledge,1.7927822340865573,1.76330009890504,-0.02948213518151722,-0.2397070234388004,0.19325797195994945,0.7886057540458029,0.6412041684650768
deepseek_qwen,actions_sampling,real,alpha0.35,-0.35,88,density_nontest,example-testing,0.07206340282591815,0.08808275756205791,0.01601935473613977,-0.033324976666321414,0.06928265003717766,0.5395253118556128,0.5838061571121216
deepseek_qwen,actions_sampling,real,alpha0.35,-0.35,88,density_nontest,uncertainty-estimation,0.6155437413513757,0.49439925979687255,-0.12114448155450304,-0.2446524795717667,0.0016630639233087678,0.055248187511781434,0.05355787027149943
deepseek_qwen,actions_sampling,real,alpha0.35,-0.35,88,density_nontest,backtracking,0.10529243489821823,0.08621846637026981,-0.019073968527948414,-0.08003076260812937,0.03375567162485233,0.512618447502577,0.47270804025626234
deepseek_qwen,actions_sampling,real,alpha0.35,-0.35,88,words,,243.9431818181818,245.6818181818182,1.7386363636363635,-17.42130681818182,19.954829545454544,0.8607809968672782,0.7333141329512578
deepseek_qwen,actions_sampling,real,alpha0.35,-0.35,88,n_spans_counted,,16.863636363636363,17.181818181818183,0.3181818181818182,-1.1136363636363635,1.6818181818181819,0.6612469900642837,0.43040247253313935
qwen3,actions,fake,alpha0.043_aware,0.043,149,density,initializing,0.6717218395203018,0.6643701080805785,-0.007351731439723386,-0.07209759408402833,0.06034032643302901,0.8307774466974382,0.45927871499247674
qwen3,actions,fake,alpha0.043_aware,0.043,149,density,deduction,3.923338850835251,3.879327561157179,-0.04401128967807279,-0.24530040221101332,0.15035820287487295,0.6711912292940909,0.4790580171493629
qwen3,actions,fake,alpha0.043_aware,0.043,149,density,adding-knowledge,1.946134165738113,1.7504147364892813,-0.19571942924883146,-0.34336513733527296,-0.036150128548633295,0.01814675217012706,0.012136175730260816
qwen3,actions,fake,alpha0.043_aware,0.043,149,density,example-testing,0.1531750227975358,0.16873677040214213,0.015561747604606315,-0.046748001016190935,0.08300907572898368,0.6323081621562961,0.8066782350420648
qwen3,actions,fake,alpha0.043_aware,0.043,149,density,uncertainty-estimation,0.5340794704188483,0.6534535307394356,0.11937406032058721,0.027702156771094694,0.2100220270427662,0.010330835617198402,0.004006516407733245
qwen3,actions,fake,alpha0.043_aware,0.043,149,density,backtracking,0.15439546764087472,0.11751959451628248,-0.03687587312459222,-0.08240745841813679,0.0082333580242244,0.11110050138814073,0.11742621034432427
qwen3,actions,fake,alpha0.043_aware,0.043,149,coverage,initializing,0.12777329733606899,0.1160735641191721,-0.011699733216896902,-0.027402952899147674,0.0005830881967254302,0.11760573063772009,0.14838078281723546
qwen3,actions,fake,alpha0.043_aware,0.043,149,coverage,deduction,0.49235483560166055,0.5092802052284413,0.016925369626780696,-0.006051318004940788,0.03907182477242714,0.14792218280141395,0.2197944799970969
qwen3,actions,fake,alpha0.043_aware,0.043,149,coverage,adding-knowledge,0.27023906106042556,0.24677774442604156,-0.023461316634384093,-0.043628402650422546,-0.002636887604322619,0.031140153587035528,0.04862700592606668
qwen3,actions,fake,alpha0.043_aware,0.043,149,coverage,example-testing,0.020410637210978726,0.021050515443682957,0.0006398782327042318,-0.007813375860866298,0.008900531673265167,0.8812535585767419,0.7442099635730646
qwen3,actions,fake,alpha0.043_aware,0.043,149,coverage,uncertainty-estimation,0.06737147605427575,0.08957636487952032,0.022204888825244577,0.009760953662552274,0.034676366203580014,0.000796316465839077,0.0005338613210545519
qwen3,actions,fake,alpha0.043_aware,0.043,149,coverage,backtracking,0.0218506927365904,0.017241605903141898,-0.004609086833448504,-0.011572087349676876,0.0021248456910816014,0.16827452153897005,0.22013852588263672
qwen3,actions,fake,alpha0.043_aware,0.043,149,any,initializing,1.0,1.0,0.0,0.0,0.0,,
qwen3,actions,fake,alpha0.043_aware,0.043,149,any,deduction,0.9932885906040269,1.0,0.006711409395973154,0.0,0.020134228187919462,0.31894268036747386,
qwen3,actions,fake,alpha0.043_aware,0.043,149,any,adding-knowledge,0.9865771812080537,1.0,0.013422818791946308,0.0,0.03355704697986577,0.15799703049544478,
qwen3,actions,fake,alpha0.043_aware,0.043,149,any,example-testing,0.2550335570469799,0.2550335570469799,0.0,-0.08053691275167785,0.0738255033557047,1.0,1.0
qwen3,actions,fake,alpha0.043_aware,0.043,149,any,uncertainty-estimation,0.7181208053691275,0.8523489932885906,0.1342281879194631,0.053691275167785234,0.21476510067114093,0.0018001017825326601,0.002028231148452079
qwen3,actions,fake,alpha0.043_aware,0.043,149,any,backtracking,0.3288590604026846,0.2953020134228188,-0.03355704697986577,-0.12751677852348994,0.06040268456375839,0.48568813497316343,0.4838398513935682
qwen3,actions,fake,alpha0.043_aware,0.043,149,density_testlex,initializing,0.0,0.003107133979617201,0.003107133979617201,0.0,0.009321401938851602,0.318942680367474,
qwen3,actions,fake,alpha0.043_aware,0.043,149,density_testlex,deduction,0.231261614882785,0.32006732582269326,0.08880571093990824,0.027636048269447065,0.14581725882207894,0.003844605711652749,0.007160708753507272
qwen3,actions,fake,alpha0.043_aware,0.043,149,density_testlex,adding-knowledge,0.01762154375230279,0.042403982021488706,0.024782438269185917,0.0012969213636942374,0.046719055068901325,0.03841111009656108,0.04405403137207031
qwen3,actions,fake,alpha0.043_aware,0.043,149,density_testlex,example-testing,0.0049562019611225664,0.0024405125076266015,-0.0025156894534959645,-0.010319653867418238,0.004883165815698478,0.5579066461084735,
qwen3,actions,fake,alpha0.043_aware,0.043,149,density_testlex,uncertainty-estimation,0.06036643959107954,0.19412975007475833,0.1337633104836788,0.09051171342047411,0.1805825239031693,3.201881129801879e-08,4.60813914230274e-07
qwen3,actions,fake,alpha0.043_aware,0.043,149,density_testlex,backtracking,0.002808121086181236,0.003486446439466573,0.0006783253532853373,-0.008424363258543708,0.01045933931839972,0.8801610191811566,
qwen3,actions,fake,alpha0.043_aware,0.043,149,density_nontest,initializing,0.6717218395203018,0.6612629741009612,-0.01045886541934059,-0.07503849194476284,0.057628764335136765,0.7599740585315207,0.3964070327605672
qwen3,actions,fake,alpha0.043_aware,0.043,149,density_nontest,deduction,3.6920772359524663,3.5592602353344858,-0.13281700061798105,-0.32179903031064744,0.0631113271364376,0.19371153851935238,0.1264144724289158
qwen3,actions,fake,alpha0.043_aware,0.043,149,density_nontest,adding-knowledge,1.9285126219858102,1.7080107544677927,-0.22050186751801737,-0.3651327819239295,-0.0631196696321175,0.007855112152929977,0.004005813286629471
qwen3,actions,fake,alpha0.043_aware,0.043,149,density_nontest,example-testing,0.14821882083641325,0.16629625789451552,0.01807743705810229,-0.043889300206652423,0.08441478833985464,0.5726876971749137,0.7079992683160892
qwen3,actions,fake,alpha0.043_aware,0.043,149,density_nontest,uncertainty-estimation,0.47371303082776867,0.4593237806646772,-0.014389250163091555,-0.1115008746915848,0.07951449391859078,0.7629664480718032,0.8095220560981944
qwen3,actions,fake,alpha0.043_aware,0.043,149,density_nontest,backtracking,0.15158734655469347,0.11403314807681593,-0.037554198477877554,-0.08335021900861182,0.008016570725556,0.10646044814709629,0.11247391161511243
qwen3,actions,fake,alpha0.043_aware,0.043,149,words,,250.85906040268458,289.61073825503354,38.75167785234899,1.133724832214765,94.02634228187915,0.12026268603245228,0.0331187588695009
qwen3,actions,fake,alpha0.043_aware,0.043,149,n_spans_counted,,18.046979865771814,19.20805369127517,1.1610738255033557,-0.2620805369127517,2.651006711409396,0.12268023832218111,0.14010414525745088
qwen3,actions,fake,alpha0.053_aware,0.053,147,density,initializing,0.6740685381837317,0.6446813631785145,-0.029387175005217203,-0.1186576223781421,0.05501318200337126,0.49051543594818636,0.0585938840668067
qwen3,actions,fake,alpha0.053_aware,0.053,147,density,deduction,3.935963366811931,3.718160273054606,-0.2178030937573257,-0.4641573326529635,0.02634824832118609,0.0834486759295492,0.09825469460300917
qwen3,actions,fake,alpha0.053_aware,0.053,147,density,adding-knowledge,1.9424720651034408,1.6347852608245126,-0.3076868042789278,-0.47037927200015905,-0.14236032715321462,0.0003866344118204939,0.00059391611915283
qwen3,actions,fake,alpha0.053_aware,0.053,147,density,example-testing,0.15525903671314853,0.12600622579039347,-0.02925281092275507,-0.08704327264093861,0.025675037299386194,0.3199560273009147,0.3996785992966734
qwen3,actions,fake,alpha0.053_aware,0.053,147,density,uncertainty-estimation,0.5383752372088502,0.5783118776365285,0.0399366404276785,-0.0759021890172285,0.1544808480744227,0.4734442534103112,0.39780644265522447
qwen3,actions,fake,alpha0.053_aware,0.053,147,density,backtracking,0.15267433282776421,0.14875749392113605,-0.003916838906628207,-0.055593384933386156,0.04652419971944191,0.8823668385377326,0.8824563296462493
qwen3,actions,fake,alpha0.053_aware,0.053,147,coverage,initializing,0.12702423204550486,0.12106862993803735,-0.005955602107467511,-0.022783496730052304,0.007104224158138224,0.4449508539124599,0.6761703648656147
qwen3,actions,fake,alpha0.053_aware,0.053,147,coverage,deduction,0.493916870606517,0.5064980826334406,0.012581212026923638,-0.010394828517726143,0.035399968088232994,0.2927791037497883,0.43465925562567476
qwen3,actions,fake,alpha0.053_aware,0.053,147,coverage,adding-knowledge,0.26858819195596256,0.24620377168255198,-0.02238442027341059,-0.04332670475282005,-0.00011128875057711296,0.04692451040488194,0.03675519790710873
qwen3,actions,fake,alpha0.053_aware,0.053,147,coverage,example-testing,0.020688332955345782,0.017334675176820143,-0.00335365777852564,-0.011170145753691026,0.0040050836067442456,0.3852373955831578,0.4770246717509008
qwen3,actions,fake,alpha0.053_aware,0.053,147,coverage,uncertainty-estimation,0.06790191410296001,0.08938949558297042,0.02148758148001041,0.0050099804754442055,0.037758593407433774,0.010246331347569446,0.005155585290058608
qwen3,actions,fake,alpha0.053_aware,0.053,147,coverage,backtracking,0.021880458333709798,0.0195053449861795,-0.0023751133475303013,-0.009506731327067882,0.004355831084680596,0.4976833421695414,0.540177505712168
qwen3,actions,fake,alpha0.053_aware,0.053,147,any,initializing,1.0,1.0,0.0,0.0,0.0,,
qwen3,actions,fake,alpha0.053_aware,0.053,147,any,deduction,0.9931972789115646,1.0,0.006802721088435374,0.0,0.02040816326530612,0.318965000458193,
qwen3,actions,fake,alpha0.053_aware,0.053,147,any,adding-knowledge,0.9863945578231292,1.0,0.013605442176870748,0.0,0.034013605442176874,0.1580065426794312,
qwen3,actions,fake,alpha0.053_aware,0.053,147,any,example-testing,0.2585034013605442,0.2585034013605442,0.0,-0.08163265306122448,0.08163265306122448,1.0,1.0
qwen3,actions,fake,alpha0.053_aware,0.053,147,any,uncertainty-estimation,0.7210884353741497,0.8027210884353742,0.08163265306122448,-0.006802721088435374,0.17006802721088435,0.06387376704091273,0.06407750645105952
qwen3,actions,fake,alpha0.053_aware,0.053,147,any,backtracking,0.32653061224489793,0.3401360544217687,0.013605442176870748,-0.08843537414965986,0.10884353741496598,0.7825723667014324,0.7815112949987133
qwen3,actions,fake,alpha0.053_aware,0.053,147,density_testlex,initializing,0.0,0.0,0.0,0.0,0.0,,
qwen3,actions,fake,alpha0.053_aware,0.053,147,density_testlex,deduction,0.2314374108491669,0.29330238940714654,0.06186497855797959,0.0036726539176219295,0.1193988319315336,0.03463222917494149,0.039590877612930474
qwen3,actions,fake,alpha0.053_aware,0.053,147,density_testlex,adding-knowledge,0.014890672084256406,0.036563985863970985,0.021673313779714574,0.0007014109341879671,0.04376045080085163,0.057630020667341436,0.06412222528757697
qwen3,actions,fake,alpha0.053_aware,0.053,147,density_testlex,example-testing,0.005023633280321513,0.003955070400253125,-0.0010685628800683879,-0.010546854400675,0.009478291520606611,0.8415740280789907,
qwen3,actions,fake,alpha0.053_aware,0.053,147,density_testlex,uncertainty-estimation,0.061187751694359534,0.18782930870093423,0.1266415570065747,0.08326177999705689,0.1723465137254214,4.048352944674805e-07,2.092980336282216e-06
qwen3,actions,fake,alpha0.053_aware,0.053,147,density_testlex,backtracking,0.0028463268152449264,0.0020931449502878076,-0.0007531818649571187,-0.008538980445734779,0.006279434850863423,0.8320250871012702,
qwen3,actions,fake,alpha0.053_aware,0.053,147,density_nontest,initializing,0.6740685381837317,0.6446813631785145,-0.029387175005217203,-0.1186576223781421,0.05501318200337126,0.49051543594818636,0.0585938840668067
qwen3,actions,fake,alpha0.053_aware,0.053,147,density_nontest,deduction,3.704525955962765,3.4248578836474595,-0.2796680723153052,-0.5246719829987027,-0.02640227517663561,0.027055135046183995,0.020001125872956407
qwen3,actions,fake,alpha0.053_aware,0.053,147,density_nontest,adding-knowledge,1.9275813930191839,1.5982212749605416,-0.3293601180586424,-0.49293735868560773,-0.1626715095679942,0.0001441695532111381,0.0002902081806177149
qwen3,actions,fake,alpha0.053_aware,0.053,147,density_nontest,example-testing,0.150235403432827,0.12205115539014033,-0.028184248042686686,-0.08720179569965415,0.026710034818088188,0.3440811497494901,0.4123356075651933
qwen3,actions,fake,alpha0.053_aware,0.053,147,density_nontest,uncertainty-estimation,0.4771874855144906,0.3904825689355943,-0.08670491657889619,-0.1895695839894341,0.009115001595810196,0.08182300607766516,0.09422222860109919
qwen3,actions,fake,alpha0.053_aware,0.053,147,density_nontest,backtracking,0.14982800601251933,0.1466643489708482,-0.0031636570416710883,-0.05426116326040229,0.04721984216848407,0.9033836891815451,0.9077904500710697
qwen3,actions,fake,alpha0.053_aware,0.053,147,words,,251.50340136054422,403.21768707482994,151.71428571428572,58.454081632653065,265.0714285714285,0.0043685543429447735,0.003996200727532266
qwen3,actions,fake,alpha0.053_aware,0.053,147,n_spans_counted,,18.122448979591837,18.571428571428573,0.4489795918367347,-1.0408163265306123,1.8843537414965987,0.548382112277469,0.5322812723230453
qwen3,actions,fake,alpha0.05_aware,0.05,148,density,initializing,0.6731031376276947,0.6183011225850928,-0.05480201504260185,-0.12974436832367303,0.019869960743079344,0.16945493971724263,0.026533140053424407
qwen3,actions,fake,alpha0.05_aware,0.05,148,density,deduction,3.921431630390655,3.840387859900006,-0.0810437704906493,-0.3199916991546555,0.13053899416556422,0.4906157118392453,0.7405169321684448
qwen3,actions,fake,alpha0.05_aware,0.05,148,density,adding-knowledge,1.946654269030231,1.6783387941746508,-0.26831547485557977,-0.45028568818521997,-0.0921035455445532,0.0032911711587258097,0.0018255340354695882
qwen3,actions,fake,alpha0.05_aware,0.05,148,density,example-testing,0.1542099891677894,0.16169022948644884,0.007480240318659399,-0.06418207921508583,0.07954822197902162,0.8417650008556904,0.9970631419953422
qwen3,actions,fake,alpha0.05_aware,0.05,148,density,uncertainty-estimation,0.5282160265779047,0.6438692631927312,0.11565323661482657,0.012878832806953911,0.21904206792412118,0.02893520485349636,0.011314509149128477
qwen3,actions,fake,alpha0.05_aware,0.05,148,density,backtracking,0.15228131728962271,0.13685488843294255,-0.015426428856680153,-0.07189640214347326,0.039499864949467674,0.5740591482020593,0.7189763504904576
qwen3,actions,fake,alpha0.05_aware,0.05,148,coverage,initializing,0.12781571605386133,0.11632488646577302,-0.011490829588088312,-0.028446598472375195,0.0010640613232177417,0.13609030213321577,0.09174794858246951
qwen3,actions,fake,alpha0.05_aware,0.05,148,coverage,deduction,0.4923347527151601,0.5035213308856322,0.011186578170472111,-0.012287312354965775,0.03486553036929853,0.3562344760396334,0.36421411765633704
qwen3,actions,fake,alpha0.05_aware,0.05,148,coverage,adding-knowledge,0.27026530376903035,0.24750677603174034,-0.022758527737290056,-0.04601217341603476,8.704470180210063e-05,0.05536600301869613,0.034082192489865853
qwen3,actions,fake,alpha0.05_aware,0.05,148,coverage,example-testing,0.020548546921863718,0.020840649783810446,0.00029210286194672794,-0.00927896117293752,0.009649311586578805,0.9538819278804864,0.8366933614626818
qwen3,actions,fake,alpha0.05_aware,0.05,148,coverage,uncertainty-estimation,0.06738465791445555,0.09311919639341062,0.02573453847895505,0.010588375876632795,0.041105620263586364,0.0012849113359757489,0.0009626333939705633
qwen3,actions,fake,alpha0.05_aware,0.05,148,coverage,backtracking,0.021651022625628995,0.018687160439633466,-0.002963862185995524,-0.010864284305016165,0.005216270408018395,0.45735069628218944,0.4481608670466678
qwen3,actions,fake,alpha0.05_aware,0.05,148,any,initializing,1.0,1.0,0.0,0.0,0.0,,
qwen3,actions,fake,alpha0.05_aware,0.05,148,any,deduction,0.9932432432432432,1.0,0.006756756756756757,0.0,0.02027027027027027,0.3189537646241514,
qwen3,actions,fake,alpha0.05_aware,0.05,148,any,adding-knowledge,0.9864864864864865,1.0,0.013513513513513514,0.0,0.033783783783783786,0.15800175439273176,
qwen3,actions,fake,alpha0.05_aware,0.05,148,any,example-testing,0.25675675675675674,0.25,-0.006756756756756757,-0.0945945945945946,0.08108108108108109,0.8820903512611258,0.8814974521910136
qwen3,actions,fake,alpha0.05_aware,0.05,148,any,uncertainty-estimation,0.7162162162162162,0.8175675675675675,0.10135135135135136,0.013513513513513514,0.18260135135135042,0.02165382234858049,0.022167905752988798
qwen3,actions,fake,alpha0.05_aware,0.05,148,any,backtracking,0.32432432432432434,0.32432432432432434,0.0,-0.10135135135135136,0.10135135135135136,1.0,1.0
qwen3,actions,fake,alpha0.05_aware,0.05,148,density_testlex,initializing,0.0,0.0,0.0,0.0,0.0,,
qwen3,actions,fake,alpha0.05_aware,0.05,148,density_testlex,deduction,0.23282419336172272,0.3177560338422721,0.08493184048054932,0.02479666868848991,0.1457837773514861,0.00867071534235472,0.013470224475025373
qwen3,actions,fake,alpha0.05_aware,0.05,148,density_testlex,adding-knowledge,0.017740608237115645,0.058477845282258856,0.040737237045143204,0.014475753713937868,0.07020106232830949,0.006156589466978267,0.00433504581451416
qwen3,actions,fake,alpha0.05_aware,0.05,148,density_testlex,example-testing,0.004989689812211232,0.016175148308353395,0.011185458496142166,-0.002166583333569699,0.025992157156952366,0.12375941032179745,0.12109375
qwen3,actions,fake,alpha0.05_aware,0.05,148,density_testlex,uncertainty-estimation,0.06077432093966791,0.19271709671359796,0.13194277577393007,0.08389964238298941,0.1812376516826752,1.844512764518929e-06,1.0406724725060381e-05
qwen3,actions,fake,alpha0.05_aware,0.05,148,density_testlex,backtracking,0.0028270948773040823,0.0046886721680420105,0.0018615772907379282,-0.006517111156110864,0.01089799476896251,0.6730169013405249,
qwen3,actions,fake,alpha0.05_aware,0.05,148,density_nontest,initializing,0.6731031376276947,0.6183011225850928,-0.05480201504260185,-0.12974436832367303,0.019869960743079344,0.16945493971724263,0.026533140053424407
qwen3,actions,fake,alpha0.05_aware,0.05,148,density_nontest,deduction,3.688607437028932,3.522631826057734,-0.16597561097119867,-0.39082994476630495,0.03862611088912861,0.1473059622925702,0.25872076352998064
qwen3,actions,fake,alpha0.05_aware,0.05,148,density_nontest,adding-knowledge,1.9289136607931152,1.6198609488923918,-0.3090527119007229,-0.4945175788577395,-0.13239808977076883,0.0007962399163762043,0.0002145500523788339
qwen3,actions,fake,alpha0.05_aware,0.05,148,density_nontest,example-testing,0.14922029935557818,0.14551508117809542,-0.003705218177482773,-0.07138290329854158,0.06207739117928164,0.9159423580681065,0.8225077276570574
qwen3,actions,fake,alpha0.05_aware,0.05,148,density_nontest,uncertainty-estimation,0.4674417056382367,0.45115216647913314,-0.016289539159103514,-0.11704287207709468,0.08174335923932934,0.7442303086439844,0.917575885494154
qwen3,actions,fake,alpha0.05_aware,0.05,148,density_nontest,backtracking,0.14945422241231865,0.13216621626490055,-0.01728800614741808,-0.07495931051511372,0.038274427323579704,0.5298442554597212,0.6920726934104574
qwen3,actions,fake,alpha0.05_aware,0.05,148,words,,251.1081081081081,357.97297297297297,106.86486486486487,36.30405405405405,188.94290540540538,0.010874545259637922,0.00016326184428432954
qwen3,actions,fake,alpha0.05_aware,0.05,148,n_spans_counted,,18.0472972972973,19.256756756756758,1.2094594594594594,-0.36486486486486486,2.736655405405404,0.13212676735925213,0.015703993705911506
qwen3,actions,fake,alpha0.25,-0.25,148,density,initializing,0.6725883501868609,0.6175419176085641,-0.05504643257829678,-0.1370557640595503,0.027090754519028416,0.1932199510310564,0.3611860362369508
qwen3,actions,fake,alpha0.25,-0.25,148,density,deduction,3.9094542426005887,3.921407414399359,0.011953171798770219,-0.20381471609532903,0.23063309507309326,0.9184624119909778,0.9152987785116632
qwen3,actions,fake,alpha0.25,-0.25,148,density,adding-knowledge,1.9519394200894575,1.8521897688417335,-0.09974965124772388,-0.27982332289364353,0.08471907416161809,0.28017035439009874,0.18338048951996422
qwen3,actions,fake,alpha0.25,-0.25,148,density,example-testing,0.1542099891677894,0.18995991397645756,0.03574992480866814,-0.032706909223708815,0.10615367614650507,0.30963251460835955,0.1656784426373603
qwen3,actions,fake,alpha0.25,-0.25,148,density,uncertainty-estimation,0.534015965077965,0.6761995716951932,0.14218360661722823,0.017176171991759217,0.26199765318043516,0.021996138937262835,0.01944811785034437
qwen3,actions,fake,alpha0.25,-0.25,148,density,backtracking,0.15176652984878897,0.2059590410260963,0.05419251117730736,-0.0015234765671706138,0.10760642380104309,0.05818945488201974,0.03848469048326923
qwen3,actions,fake,alpha0.25,-0.25,148,coverage,initializing,0.12775531432747017,0.127079614764614,-0.0006756995628561734,-0.018013065873024505,0.013836653642345861,0.9340461742627083,0.5414297069386802
qwen3,actions,fake,alpha0.25,-0.25,148,coverage,deduction,0.4911648124579584,0.48246037150740356,-0.00870444095055487,-0.03214302651625519,0.014502552922215918,0.46836527437324854,0.5787998829683499
qwen3,actions,fake,alpha0.25,-0.25,148,coverage,adding-knowledge,0.2712938490758162,0.25208825452856576,-0.019205594547250467,-0.043726817627591896,0.005584186518288446,0.12382667167124933,0.04362860516943879
qwen3,actions,fake,alpha0.25,-0.25,148,coverage,example-testing,0.020548546921863715,0.026690654884271522,0.006142107962407803,-0.0027613841920561604,0.015116770786329448,0.16663102242851097,0.11982661776040093
qwen3,actions,fake,alpha0.25,-0.25,148,coverage,uncertainty-estimation,0.06745947368919007,0.08480966710822052,0.017350193419030446,0.0011232378961039437,0.03331927649803751,0.031021042304372012,0.028388754219607838
qwen3,actions,fake,alpha0.25,-0.25,148,coverage,backtracking,0.021778003527701324,0.02687143720692459,0.005093433679223267,-0.0034135830532771253,0.01351344963642579,0.2467647482918412,0.1599756877541615
qwen3,actions,fake,alpha0.25,-0.25,148,any,initializing,1.0,1.0,0.0,0.0,0.0,,
qwen3,actions,fake,alpha0.25,-0.25,148,any,deduction,0.9932432432432432,1.0,0.006756756756756757,0.0,0.02027027027027027,0.3189537646241514,
qwen3,actions,fake,alpha0.25,-0.25,148,any,adding-knowledge,0.9864864864864865,0.9932432432432432,0.006756756756756757,-0.013513513513513514,0.033783783783783786,0.5654652954721106,
qwen3,actions,fake,alpha0.25,-0.25,148,any,example-testing,0.25675675675675674,0.34459459459459457,0.08783783783783784,0.0,0.17567567567567569,0.04706561324108481,0.04742538550874107
qwen3,actions,fake,alpha0.25,-0.25,148,any,uncertainty-estimation,0.7162162162162162,0.777027027027027,0.060810810810810814,-0.033783783783783786,0.14864864864864866,0.1995685636128215,0.19854279368666194
qwen3,actions,fake,alpha0.25,-0.25,148,any,backtracking,0.32432432432432434,0.42567567567567566,0.10135135135135136,-0.006756756756756757,0.20270270270270271,0.05852736339276343,0.05878172135535886
qwen3,actions,fake,alpha0.25,-0.25,148,density_testlex,initializing,0.0,0.0,0.0,0.0,0.0,,
qwen3,actions,fake,alpha0.25,-0.25,148,density_testlex,deduction,0.23282419336172272,0.11709358099884488,-0.11573061236287782,-0.17042808450015715,-0.06228164931786473,3.547024135559553e-05,0.00010643992387470032
qwen3,actions,fake,alpha0.25,-0.25,148,density_testlex,adding-knowledge,0.017740608237115645,0.015116658491619896,-0.0026239497454957506,-0.021051266949499197,0.015652669086032724,0.7825036745185175,0.892578125
qwen3,actions,fake,alpha0.25,-0.25,148,density_testlex,example-testing,0.004989689812211232,0.0,-0.004989689812211232,-0.012598277592157642,0.0,0.15851897702252107,
qwen3,actions,fake,alpha0.25,-0.25,148,density_testlex,uncertainty-estimation,0.06077432093966791,0.07446035113971798,0.013686030200050074,-0.020882971978332582,0.04871279294695156,0.4433079510765684,0.7021650673821307
qwen3,actions,fake,alpha0.25,-0.25,148,density_testlex,backtracking,0.0028270948773040823,0.0,-0.0028270948773040823,-0.008481284631912247,0.0,0.3189537646241514,
qwen3,actions,fake,alpha0.25,-0.25,148,density_nontest,initializing,0.6725883501868609,0.6175419176085641,-0.05504643257829678,-0.1370557640595503,0.027090754519028416,0.1932199510310564,0.3611860362369508
qwen3,actions,fake,alpha0.25,-0.25,148,density_nontest,deduction,3.6766300492388666,3.804313833400515,0.12768378416164805,-0.09601946902348271,0.35066771317578643,0.27466295072353036,0.22415180164148518
qwen3,actions,fake,alpha0.25,-0.25,148,density_nontest,adding-knowledge,1.9341988118523419,1.8370731103501137,-0.09712570150222812,-0.27477593192813277,0.0884276292306236,0.2963029421895578,0.20031759485982037
qwen3,actions,fake,alpha0.25,-0.25,148,density_nontest,example-testing,0.14922029935557818,0.18995991397645756,0.04073961462087937,-0.030156312603835986,0.11515535928414547,0.2614104545756142,0.13663639136751227
qwen3,actions,fake,alpha0.25,-0.25,148,density_nontest,uncertainty-estimation,0.4732416441382971,0.6017392205554752,0.12849757641717816,0.00025414800677686395,0.24875372634642823,0.04574219048733154,0.045202439517955086
qwen3,actions,fake,alpha0.25,-0.25,148,density_nontest,backtracking,0.1489394349714849,0.2059590410260963,0.057019606054611434,0.002898965758581833,0.11066488584501907,0.04503448819681486,0.028866038453992354
qwen3,actions,fake,alpha0.25,-0.25,148,words,,251.3108108108108,268.52027027027026,17.20945945945946,-10.806925675675675,47.72398648648648,0.27451454356663324,0.8858380393854903
qwen3,actions,fake,alpha0.25,-0.25,148,n_spans_counted,,18.06081081081081,18.91891891891892,0.8581081081081081,-0.7027027027027027,2.3788851351351323,0.28450555706133646,0.6469752781811724
qwen3,actions,fake,alpha0.3,-0.3,148,density,initializing,0.6695037438413851,0.594253526574479,-0.07525021726690588,-0.1576833325635808,0.0033962064744800097,0.0800299448634762,0.05437435537741851
qwen3,actions,fake,alpha0.3,-0.3,148,density,deduction,3.9138118610886425,3.840542153059338,-0.07326970802930426,-0.3089629859159944,0.1537781275294539,0.5398466052143271,0.4427114060969508
qwen3,actions,fake,alpha0.3,-0.3,148,density,adding-knowledge,1.9525269641552625,1.7080769256800965,-0.24445003847516555,-0.43262754265498415,-0.0496508305039417,0.014053576848326184,0.03376001463999667
qwen3,actions,fake,alpha0.3,-0.3,148,density,example-testing,0.14520098015878044,0.27950963575225385,0.1343086555934734,0.05918979369337603,0.21385571283688437,0.0006989355237072447,0.0006585034550037737
qwen3,actions,fake,alpha0.3,-0.3,148,density,uncertainty-estimation,0.5376881154892459,0.7506683596624185,0.21298024417317274,0.09768697565324899,0.32760943170789797,0.0007830247030045466,0.000967382403173804
qwen3,actions,fake,alpha0.3,-0.3,148,density,backtracking,0.15543868026006982,0.17523522698968827,0.01979654672961845,-0.03551889688790992,0.07782758197017613,0.5021512954269405,0.3878316893938115
qwen3,actions,fake,alpha0.3,-0.3,148,coverage,initializing,0.1279609547505019,0.11611320260048923,-0.011847752150012672,-0.028325173922836268,0.0019638980850591606,0.13500806533094548,0.07075109142617195
qwen3,actions,fake,alpha0.3,-0.3,148,coverage,deduction,0.49185272863500507,0.48689546936394645,-0.004957259271058669,-0.031347144255143185,0.020278501331077423,0.7096179726787183,0.6146456377856997
qwen3,actions,fake,alpha0.3,-0.3,148,coverage,adding-knowledge,0.2706460817432663,0.23892960971617885,-0.03171647202708741,-0.05564082127779347,-0.006063233249393753,0.013183278909711254,0.024495428626057664
qwen3,actions,fake,alpha0.3,-0.3,148,coverage,example-testing,0.019715213588530383,0.03628745605978253,0.016572242471252142,0.007435081163822736,0.02625417507484515,0.0009056810244623816,0.0005912216290827709
qwen3,actions,fake,alpha0.3,-0.3,148,coverage,uncertainty-estimation,0.06782668873031815,0.09545298649546016,0.027626297765142003,0.012142968295978218,0.04275817221114635,0.0010719481116002961,0.0027163459567528694
qwen3,actions,fake,alpha0.3,-0.3,148,coverage,backtracking,0.021998332552378173,0.026321275764142775,0.004322943211764601,-0.004387700681213683,0.013355191752451485,0.3525281942344,0.19005946021155906
qwen3,actions,fake,alpha0.3,-0.3,148,any,initializing,1.0,1.0,0.0,0.0,0.0,,
qwen3,actions,fake,alpha0.3,-0.3,148,any,deduction,0.9932432432432432,1.0,0.006756756756756757,0.0,0.02027027027027027,0.3189537646241514,
qwen3,actions,fake,alpha0.3,-0.3,148,any,adding-knowledge,0.9864864864864865,1.0,0.013513513513513514,0.0,0.033783783783783786,0.15800175439273176,
qwen3,actions,fake,alpha0.3,-0.3,148,any,example-testing,0.25,0.43243243243243246,0.18243243243243243,0.08783783783783784,0.2702702702702703,0.00027389490881232027,0.000348575174213053
qwen3,actions,fake,alpha0.3,-0.3,148,any,uncertainty-estimation,0.722972972972973,0.7972972972972973,0.07432432432432433,-0.013513513513513514,0.16891891891891891,0.1312620324585836,0.13079706180685857
qwen3,actions,fake,alpha0.3,-0.3,148,any,backtracking,0.3310810810810811,0.40540540540540543,0.07432432432432433,-0.04070945945945945,0.19594594594594594,0.21700986544883158,0.21586564200583258
qwen3,actions,fake,alpha0.3,-0.3,148,density_testlex,initializing,0.0,0.0,0.0,0.0,0.0,,
qwen3,actions,fake,alpha0.3,-0.3,148,density_testlex,deduction,0.23282419336172272,0.08861049827506232,-0.1442136950866604,-0.194599690862764,-0.09315499145632423,1.941083399195541e-07,2.101649802524113e-07
qwen3,actions,fake,alpha0.3,-0.3,148,density_testlex,adding-knowledge,0.017740608237115645,0.010235295126736946,-0.0075053131103787005,-0.025105636570709723,0.007186827033562014,0.36665944170425685,0.38037109375
qwen3,actions,fake,alpha0.3,-0.3,148,density_testlex,example-testing,0.004989689812211232,0.011915599487552178,0.0069259096753409456,-0.005233187078688928,0.01969086551608899,0.2933717607246776,0.5
qwen3,actions,fake,alpha0.3,-0.3,148,density_testlex,uncertainty-estimation,0.06077432093966791,0.06578283719113659,0.0050085162514686725,-0.030057423997322034,0.03987138073105665,0.7817198638946378,0.8270286551604825
qwen3,actions,fake,alpha0.3,-0.3,148,density_testlex,backtracking,0.0028270948773040823,0.0,-0.0028270948773040823,-0.008481284631912247,0.0,0.3189537646241514,
qwen3,actions,fake,alpha0.3,-0.3,148,density_nontest,initializing,0.6695037438413851,0.594253526574479,-0.07525021726690588,-0.1576833325635808,0.0033962064744800097,0.0800299448634762,0.05437435537741851
qwen3,actions,fake,alpha0.3,-0.3,148,density_nontest,deduction,3.68098766772692,3.751931654784276,0.07094398705735613,-0.17863696007996774,0.2988282949269674,0.5626833411853666,0.6404411352946924
qwen3,actions,fake,alpha0.3,-0.3,148,density_nontest,adding-knowledge,1.9347863559181468,1.6978416305533595,-0.23694472536478686,-0.42405068027279746,-0.04185315293630536,0.01664373174662184,0.03359990472788176
qwen3,actions,fake,alpha0.3,-0.3,148,density_nontest,example-testing,0.1402112903465692,0.2675940362647017,0.12738274591813245,0.053958192975338555,0.20548148936011068,0.0010995471207432609,0.0010675262910793185
qwen3,actions,fake,alpha0.3,-0.3,148,density_nontest,uncertainty-estimation,0.47691379454957794,0.684885522471282,0.20797172792170407,0.08967277560612727,0.3207163381357261,0.0008577649501452429,0.0011997173600410468
qwen3,actions,fake,alpha0.3,-0.3,148,density_nontest,backtracking,0.15261158538276573,0.17523522698968827,0.022623641606922533,-0.033011496054344024,0.08065527450117028,0.4408761111502871,0.3247547664973661
qwen3,actions,fake,alpha0.3,-0.3,148,words,,250.52702702702703,319.1081081081081,68.58108108108108,26.796114864864865,123.45439189189185,0.008577562116283334,9.342178005625921e-05
qwen3,actions,fake,alpha0.3,-0.3,148,n_spans_counted,,17.993243243243242,21.45945945945946,3.4662162162162162,1.554054054054054,5.385304054054053,0.0006677088031828996,0.00011913373844979087
qwen3,actions,fake,alpha0.32,-0.32,149,density,initializing,0.6717218395203018,0.6293767306049486,-0.04234510891535328,-0.12787406734276535,0.040192547055144356,0.3241734403356594,0.630884696838652
qwen3,actions,fake,alpha0.32,-0.32,149,density,deduction,3.923338850835251,3.800713195114814,-0.12262565572043671,-0.36212140936119364,0.11611212532244959,0.31363818423436757,0.22919366285922205
qwen3,actions,fake,alpha0.32,-0.32,149,density,adding-knowledge,1.946134165738113,1.8200437317369436,-0.12609043400116912,-0.3064067481660699,0.049954109892677186,0.1880252650904435,0.1812256804054163
qwen3,actions,fake,alpha0.32,-0.32,149,density,example-testing,0.1531750227975358,0.2263452581895768,0.07317023539204098,-0.004778319278904568,0.15412382185505188,0.07628835526248115,0.12949073001424574
qwen3,actions,fake,alpha0.32,-0.32,149,density,uncertainty-estimation,0.5340794704188483,0.727820957102692,0.1937414866838438,0.07326074365155967,0.31950155601860564,0.0026456541684610475,0.005823290317633359
qwen3,actions,fake,alpha0.32,-0.32,149,density,backtracking,0.15439546764087472,0.23576900859260208,0.08137354095172734,0.016678991666100308,0.14658923781985692,0.015350015758461694,0.012606723289208645
qwen3,actions,fake,alpha0.32,-0.32,149,coverage,initializing,0.12777329733606899,0.1210760233259139,-0.006697274010155119,-0.02322789913390647,0.007174274267090883,0.39240126245893037,0.5490616589446813
qwen3,actions,fake,alpha0.32,-0.32,149,coverage,deduction,0.49235483560166055,0.47236145646822414,-0.019993379133436327,-0.047310397687783744,0.00819834471242018,0.16390876009297478,0.0817456722442566
qwen3,actions,fake,alpha0.32,-0.32,149,coverage,adding-knowledge,0.27023906106042556,0.24919905902607872,-0.021040002034346854,-0.04532539008492907,0.0033225764310092646,0.09471067734308856,0.14739314987658772
qwen3,actions,fake,alpha0.32,-0.32,149,coverage,example-testing,0.020410637210978726,0.030944640077048204,0.010534002866069479,-0.0005123151434113673,0.021175593299937418,0.059469961163878135,0.054287107216192655
qwen3,actions,fake,alpha0.32,-0.32,149,coverage,uncertainty-estimation,0.06737147605427575,0.09319533431183312,0.025823858257557356,0.008993940305090096,0.04213060878751183,0.0029337518264716924,0.0030816833060583275
qwen3,actions,fake,alpha0.32,-0.32,149,coverage,backtracking,0.0218506927365904,0.03322348679090186,0.01137279405431146,0.0018054688167044226,0.021150297097730843,0.02153791067663219,0.013382653075985568
qwen3,actions,fake,alpha0.32,-0.32,149,any,initializing,1.0,1.0,0.0,0.0,0.0,,
qwen3,actions,fake,alpha0.32,-0.32,149,any,deduction,0.9932885906040269,1.0,0.006711409395973154,0.0,0.020134228187919462,0.31894268036747386,
qwen3,actions,fake,alpha0.32,-0.32,149,any,adding-knowledge,0.9865771812080537,1.0,0.013422818791946308,0.0,0.03355704697986577,0.15799703049544478,
qwen3,actions,fake,alpha0.32,-0.32,149,any,example-testing,0.2550335570469799,0.35570469798657717,0.10067114093959731,0.020134228187919462,0.18120805369127516,0.015802157932112475,0.016309171877754974
qwen3,actions,fake,alpha0.32,-0.32,149,any,uncertainty-estimation,0.7181208053691275,0.7986577181208053,0.08053691275167785,-0.013422818791946308,0.174496644295302,0.08974437043938209,0.08968602177036457
qwen3,actions,fake,alpha0.32,-0.32,149,any,backtracking,0.3288590604026846,0.4697986577181208,0.14093959731543623,0.03355704697986577,0.2550335570469799,0.016195228544117275,0.016703403847161492
qwen3,actions,fake,alpha0.32,-0.32,149,density_testlex,initializing,0.0,0.005326515393629487,0.005326515393629487,0.0,0.01597954618088846,0.31894268036747386,
qwen3,actions,fake,alpha0.32,-0.32,149,density_testlex,deduction,0.231261614882785,0.09788412711370362,-0.13337748776908137,-0.18674107610717341,-0.0787076846882855,4.680532018984564e-06,8.956979820245603e-06
qwen3,actions,fake,alpha0.32,-0.32,149,density_testlex,adding-knowledge,0.01762154375230279,0.0024674299249901306,-0.015154113827312658,-0.02970013434111422,-0.0023502161511100446,0.03345836130394042,0.0546875
qwen3,actions,fake,alpha0.32,-0.32,149,density_testlex,example-testing,0.0049562019611225664,0.0,-0.0049562019611225664,-0.012513725393552557,0.0,0.15851422346371918,
qwen3,actions,fake,alpha0.32,-0.32,149,density_testlex,uncertainty-estimation,0.06036643959107954,0.07442518153359953,0.014058741942520011,-0.026297209917904456,0.051196440487077596,0.46829361436815,0.8242900763701465
qwen3,actions,fake,alpha0.32,-0.32,149,density_testlex,backtracking,0.002808121086181236,0.0019012491206722817,-0.0009068719655089543,-0.008424363258543708,0.005703747362016845,0.7901608091532291,
qwen3,actions,fake,alpha0.32,-0.32,149,density_nontest,initializing,0.6717218395203018,0.6240502152113191,-0.047671624308982766,-0.13263683694524586,0.03527125165311526,0.26739508901137343,0.5126733808487343
qwen3,actions,fake,alpha0.32,-0.32,149,density_nontest,deduction,3.6920772359524663,3.702829068001112,0.01075183204864471,-0.22809043978593066,0.2538235800545184,0.9297977667604304,0.8504360609665429
qwen3,actions,fake,alpha0.32,-0.32,149,density_nontest,adding-knowledge,1.9285126219858102,1.8175763018119533,-0.11093632017385645,-0.2948510859317683,0.06671042549013105,0.24588696548586625,0.22193847442442505
qwen3,actions,fake,alpha0.32,-0.32,149,density_nontest,example-testing,0.14821882083641325,0.2263452581895768,0.07812643735316355,0.0005333625103186431,0.1599516773194529,0.06106304697432794,0.09959656689194635
qwen3,actions,fake,alpha0.32,-0.32,149,density_nontest,uncertainty-estimation,0.47371303082776867,0.6533957755690925,0.1796827447413238,0.0551444454622244,0.30492871844721664,0.005176566917794324,0.00830230061589859
qwen3,actions,fake,alpha0.32,-0.32,149,density_nontest,backtracking,0.15158734655469347,0.23386775947192978,0.0822804129172363,0.01625217616911011,0.1490166560763966,0.016307211864838824,0.010196143637416754
qwen3,actions,fake,alpha0.32,-0.32,149,words,,250.85906040268458,290.56375838926175,39.70469798657718,-2.421476510067114,93.96795302013417,0.11210227533968416,0.0962994253633624
qwen3,actions,fake,alpha0.32,-0.32,149,n_spans_counted,,18.046979865771814,20.006711409395972,1.9597315436241611,0.0864093959731544,3.9401006711409368,0.048503019901827586,0.03415838397862143
qwen3,actions,real,alpha0.043_aware,0.043,149,density,initializing,0.6916163047594227,0.6791138166712746,-0.012502488088148063,-0.06736921088665475,0.0418653830359217,0.6567261359798844,0.4177964296661345
qwen3,actions,real,alpha0.043_aware,0.043,149,density,deduction,3.7914125096841134,3.6327148966028635,-0.15869761308124872,-0.33447854488544254,0.027783907434898246,0.08670005000068215,0.07469413187411016
qwen3,actions,real,alpha0.043_aware,0.043,149,density,adding-knowledge,2.0153040435469394,1.958746788435729,-0.05655725511121065,-0.2024182878928693,0.08658338495843683,0.4473286727069503,0.22052496439805647
qwen3,actions,real,alpha0.043_aware,0.043,149,density,example-testing,0.13185011530850071,0.0751848516044173,-0.05666526370408342,-0.11671440646497996,-0.006602819395075358,0.043362507112586525,0.05654294847435593
qwen3,actions,real,alpha0.043_aware,0.043,149,density,uncertainty-estimation,0.48341148740864515,0.5991140738446469,0.11570258643600168,0.013360634354089403,0.20916449326874442,0.025978516965171918,0.01868108639166656
qwen3,actions,real,alpha0.043_aware,0.043,149,density,backtracking,0.13734128396595044,0.12318706546352215,-0.014154218502428264,-0.07308481801229061,0.04050959704638148,0.6148194494010155,0.5954386224492115
qwen3,actions,real,alpha0.043_aware,0.043,149,coverage,initializing,0.12884041645594368,0.12009496504477166,-0.008745451411172053,-0.016678041693809174,-0.0009083683820803529,0.03101049400828585,0.015617910031795175
qwen3,actions,real,alpha0.043_aware,0.043,149,coverage,deduction,0.48191612000553874,0.483726468832903,0.001810348827364242,-0.021188584598373167,0.025941018785565772,0.8796722941011238,0.9072179163891867
qwen3,actions,real,alpha0.043_aware,0.043,149,coverage,adding-knowledge,0.28819913933371166,0.27976300553261846,-0.008436133801093173,-0.02907672746198639,0.012478929139837938,0.43233925247221533,0.23511807153778974
qwen3,actions,real,alpha0.043_aware,0.043,149,coverage,example-testing,0.018246974429628773,0.010490848664976071,-0.007756125764652703,-0.016356099608148787,-0.00043133776343976703,0.058917747461820213,0.08916850602281556
qwen3,actions,real,alpha0.043_aware,0.043,149,coverage,uncertainty-estimation,0.06439872515461743,0.08864311500369758,0.024244389849080155,0.00910178008968669,0.037844839508054576,0.0015598576057054758,0.0026178506050702683
qwen3,actions,real,alpha0.043_aware,0.043,149,coverage,backtracking,0.01839862462055966,0.017281596921033197,-0.0011170276995264646,-0.009275450163194357,0.006358989638272669,0.7746252018787012,0.9079984835801203
qwen3,actions,real,alpha0.043_aware,0.043,149,any,initializing,1.0,1.0,0.0,0.0,0.0,,
qwen3,actions,real,alpha0.043_aware,0.043,149,any,deduction,1.0,1.0,0.0,0.0,0.0,,
qwen3,actions,real,alpha0.043_aware,0.043,149,any,adding-knowledge,1.0,1.0,0.0,0.0,0.0,,
qwen3,actions,real,alpha0.043_aware,0.043,149,any,example-testing,0.19463087248322147,0.1476510067114094,-0.04697986577181208,-0.12080536912751678,0.026845637583892617,0.22419961575168704,0.22301746994661498
qwen3,actions,real,alpha0.043_aware,0.043,149,any,uncertainty-estimation,0.610738255033557,0.785234899328859,0.174496644295302,0.08053691275167785,0.2684563758389262,0.0003208444637119836,0.0004029382592625607
qwen3,actions,real,alpha0.043_aware,0.043,149,any,backtracking,0.2550335570469799,0.26174496644295303,0.006711409395973154,-0.09395973154362416,0.10738255033557047,0.8951511094218766,0.8946258095467281
qwen3,actions,real,alpha0.043_aware,0.043,149,density_testlex,initializing,0.0,0.0,0.0,0.0,0.0,,
qwen3,actions,real,alpha0.043_aware,0.043,149,density_testlex,deduction,0.285600350688441,0.3520624563877681,0.06646210569932716,0.0121432356769641,0.12493679987683297,0.020788526849818613,0.021846859823360806
qwen3,actions,real,alpha0.043_aware,0.043,149,density_testlex,adding-knowledge,0.01303515815664306,0.045333124879488075,0.03229796672284501,0.009866743437767287,0.05477154437108226,0.007817898405731282,0.009435653686523438
qwen3,actions,real,alpha0.043_aware,0.043,149,density_testlex,example-testing,0.006909983001765769,0.004136023255502418,-0.0027739597462633505,-0.013408744854000685,0.006954941188573193,0.5858328406652251,0.8125
qwen3,actions,real,alpha0.043_aware,0.043,149,density_testlex,uncertainty-estimation,0.06822847795901255,0.22882131348593301,0.16059283552692047,0.1114983827689042,0.20748671285565523,1.0078131427649837e-09,1.4644203615806183e-08
qwen3,actions,real,alpha0.043_aware,0.043,149,density_testlex,backtracking,0.0,0.0,0.0,0.0,0.0,,
qwen3,actions,real,alpha0.043_aware,0.043,149,density_nontest,initializing,0.6916163047594227,0.6791138166712746,-0.012502488088148063,-0.06736921088665475,0.0418653830359217,0.6567261359798844,0.4177964296661345
qwen3,actions,real,alpha0.043_aware,0.043,149,density_nontest,deduction,3.505812158995672,3.280652440215096,-0.2251597187805759,-0.4019105100069686,-0.029620556788200775,0.01668604215438791,0.007839103431498413
qwen3,actions,real,alpha0.043_aware,0.043,149,density_nontest,adding-knowledge,2.002268885390296,1.9134136635562409,-0.08885522183405566,-0.2348631050680572,0.05952684849028891,0.23721017390634405,0.13590451744640109
qwen3,actions,real,alpha0.043_aware,0.043,149,density_nontest,example-testing,0.12494013230673497,0.07104882834891489,-0.053891303957820075,-0.11415685897221661,-0.005554127195721061,0.04792046883976778,0.0675439874578911
qwen3,actions,real,alpha0.043_aware,0.043,149,density_nontest,uncertainty-estimation,0.4151830094496326,0.37029276035871383,-0.044890249090918814,-0.1379924703448845,0.04278478468388003,0.35423680004857,0.30751386497234134
qwen3,actions,real,alpha0.043_aware,0.043,149,density_nontest,backtracking,0.13734128396595044,0.12318706546352215,-0.014154218502428264,-0.07308481801229061,0.04050959704638148,0.6148194494010155,0.5954386224492115
qwen3,actions,real,alpha0.043_aware,0.043,149,words,,237.31543624161074,284.48993288590606,47.1744966442953,9.064261744966442,108.09345637583888,0.07376281020599111,0.0002403084627529033
qwen3,actions,real,alpha0.043_aware,0.043,149,n_spans_counted,,16.953020134228186,18.033557046979865,1.080536912751678,-0.15436241610738255,2.2550335570469797,0.08157503128741159,0.01335361767696008
qwen3,actions,real,alpha0.053_aware,0.053,148,density,initializing,0.6907052914065016,0.6472752750263718,-0.043430016380129846,-0.1123021386910929,0.02983345208398993,0.24062217202853967,0.030621552373827802
qwen3,actions,real,alpha0.053_aware,0.053,148,density,deduction,3.7891096793106356,3.337971806475602,-0.4511378728350341,-0.6896574801775657,-0.2187255049885637,0.00034663682782320413,0.0007385334494178144
qwen3,actions,real,alpha0.053_aware,0.053,148,density,adding-knowledge,2.01775276977372,1.8104802868404868,-0.20727248293323317,-0.36895067539416665,-0.050829856858026594,0.012189906780087563,0.040346416703314625
qwen3,actions,real,alpha0.053_aware,0.053,148,density,example-testing,0.1327409944659906,0.12045860678495776,-0.012282387681032845,-0.06924911730541694,0.04182831340951211,0.6638917430369147,0.6036950160973299
qwen3,actions,real,alpha0.053_aware,0.053,148,density,uncertainty-estimation,0.48667778124248734,0.4981938117489969,0.011516030506509466,-0.09289127433107641,0.10886291156243169,0.8255740924555719,0.747580513854512
qwen3,actions,real,alpha0.053_aware,0.053,148,density,backtracking,0.138269265614369,0.11065013052948937,-0.0276191350848796,-0.08485143639742801,0.03042726675388915,0.3496620745661267,0.27405984264227345
qwen3,actions,real,alpha0.053_aware,0.053,148,coverage,initializing,0.12747732121310076,0.12431393524526128,-0.0031633859678394704,-0.012939717593239764,0.00787128989705977,0.5596646112822509,0.06781796294363662
qwen3,actions,real,alpha0.053_aware,0.053,148,coverage,deduction,0.4818218521096638,0.48119294009116326,-0.0006289120185003779,-0.024162648837265675,0.023744706401738792,0.9599116462473374,0.8287440763904417
qwen3,actions,real,alpha0.053_aware,0.053,148,coverage,adding-knowledge,0.2889737705521268,0.2771364776166271,-0.011837292935499752,-0.03233107361385367,0.008115547248726276,0.24852504589177962,0.4093427669409646
qwen3,actions,real,alpha0.053_aware,0.053,148,coverage,example-testing,0.018370264797396535,0.016985484650826697,-0.001384780146569838,-0.009486591677743841,0.006913271539517699,0.7450696501104526,0.6554246727430569
qwen3,actions,real,alpha0.053_aware,0.053,148,coverage,uncertainty-estimation,0.06483385167593242,0.08177284205144307,0.016938990375510676,0.00023325517486482046,0.03230772417151629,0.04279022577157542,0.04214695228364827
qwen3,actions,real,alpha0.053_aware,0.053,148,coverage,backtracking,0.018522939651779657,0.01859832034467842,7.538069289876079e-05,-0.00815471138184266,0.00912936268104101,0.9859832316011085,0.7116223426095815
qwen3,actions,real,alpha0.053_aware,0.053,148,any,initializing,1.0,1.0,0.0,0.0,0.0,,
qwen3,actions,real,alpha0.053_aware,0.053,148,any,deduction,1.0,1.0,0.0,0.0,0.0,,
qwen3,actions,real,alpha0.053_aware,0.053,148,any,adding-knowledge,1.0,0.9932432432432432,-0.006756756756756757,-0.02027027027027027,0.0,0.3189537646241514,
qwen3,actions,real,alpha0.053_aware,0.053,148,any,example-testing,0.19594594594594594,0.22297297297297297,0.02702702702702703,-0.060810810810810814,0.11486486486486487,0.5389012310139288,0.5370939784426416
qwen3,actions,real,alpha0.053_aware,0.053,148,any,uncertainty-estimation,0.6148648648648649,0.7567567567567568,0.14189189189189189,0.04054054054054054,0.23648648648648649,0.005037207835140019,0.005410533856084873
qwen3,actions,real,alpha0.053_aware,0.053,148,any,backtracking,0.25675675675675674,0.28378378378378377,0.02702702702702703,-0.07432432432432433,0.12837837837837837,0.5946806417290001,0.5929800980174267
qwen3,actions,real,alpha0.053_aware,0.053,148,density_testlex,initializing,0.0,0.0021049086469647218,0.0021049086469647218,0.0,0.006314725940894164,0.3189537646241514,
qwen3,actions,real,alpha0.053_aware,0.053,148,density_testlex,deduction,0.28194598629449974,0.3820140568226362,0.10006807052813649,0.0411314601072678,0.1556826556277203,0.0010660873652498623,0.0017062832815998028
qwen3,actions,real,alpha0.053_aware,0.053,148,density_testlex,adding-knowledge,0.013123233549593348,0.03726239065796176,0.024139157108368413,0.00559723271976299,0.043429864793691625,0.01794421255803371,0.009185791015625
qwen3,actions,real,alpha0.053_aware,0.053,148,density_testlex,example-testing,0.0069566720761020245,0.00881586568831764,0.0018591936122156157,-0.011211261062195013,0.01567509936862085,0.7852808545576757,0.84375
qwen3,actions,real,alpha0.053_aware,0.053,148,density_testlex,uncertainty-estimation,0.06868948118846534,0.15032498749369963,0.08163550630523429,0.03441201802810646,0.1297033844276675,0.0009829040549730202,0.0018394195368909556
qwen3,actions,real,alpha0.053_aware,0.053,148,density_testlex,backtracking,0.0,0.0022226173541963017,0.0022226173541963017,0.0,0.006667852062588906,0.3189537646241514,
qwen3,actions,real,alpha0.053_aware,0.053,148,density_nontest,initializing,0.6907052914065016,0.6451703663794071,-0.04553492502709457,-0.1142420530781533,0.0288952832885059,0.21726491794071975,0.02463733451358905
qwen3,actions,real,alpha0.053_aware,0.053,148,density_nontest,deduction,3.507163693016136,2.9559577496529656,-0.5512059433631706,-0.7844799520485892,-0.3149647029106258,1.4362330920399016e-05,3.734185493038569e-05
qwen3,actions,real,alpha0.053_aware,0.053,148,density_nontest,adding-knowledge,2.004629536224127,1.7732178961825251,-0.23141164004160153,-0.3943300435372586,-0.07674282536622677,0.0055503538293368345,0.024253008315886466
qwen3,actions,real,alpha0.053_aware,0.053,148,density_nontest,example-testing,0.12578432238988857,0.11164274109664014,-0.014141581293248457,-0.06889147422046403,0.03858156005814895,0.602473170207003,0.5392848068431562
qwen3,actions,real,alpha0.053_aware,0.053,148,density_nontest,uncertainty-estimation,0.41798830005402204,0.34786882425529725,-0.07011947579872484,-0.16188378501069658,0.01939096939468812,0.12614188952144273,0.1428199470718593
qwen3,actions,real,alpha0.053_aware,0.053,148,density_nontest,backtracking,0.138269265614369,0.1084275131752931,-0.0298417524390759,-0.08752454702745341,0.02855155669546591,0.31074169376177596,0.245282337796491
qwen3,actions,real,alpha0.053_aware,0.053,148,words,,238.10135135135135,492.61486486486484,254.51351351351352,135.04239864864866,402.2846283783783,0.0004354465904423964,7.727715263235285e-05
qwen3,actions,real,alpha0.053_aware,0.053,148,n_spans_counted,,17.013513513513512,17.905405405405407,0.8918918918918919,-0.4393581081081081,2.28412162162162,0.1983559075189566,0.18807555809060972
qwen3,actions,real,alpha0.05_aware,0.05,147,density,initializing,0.6899210745237206,0.6740639081739465,-0.01585716634977414,-0.07607928923621082,0.04730782455888508,0.6096841454157791,0.39220051291525804
qwen3,actions,real,alpha0.05_aware,0.05,147,density,deduction,3.7901800046619663,3.6118125406955586,-0.17836746396640732,-0.36621502896603997,0.0075798564876614506,0.0667241198593285,0.057824038598821695
qwen3,actions,real,alpha0.05_aware,0.05,147,density,adding-knowledge,2.0136679986484105,1.9348075924580963,-0.07886040619031458,-0.2373391675237166,0.07258623372674276,0.3407531281504638,0.3468787570654783
qwen3,actions,real,alpha0.05_aware,0.05,147,density,example-testing,0.1336439944283443,0.0883033717660456,-0.045340622662298685,-0.10563269668660288,0.004131920090288342,0.11279247435633759,0.22638235388503225
qwen3,actions,real,alpha0.05_aware,0.05,147,density,uncertainty-estimation,0.48998851444821856,0.5438135624110867,0.05382504796286817,-0.046285386525523,0.1563191649260486,0.3204740658643142,0.2978610475228679
qwen3,actions,real,alpha0.05_aware,0.05,147,density,backtracking,0.13656289967728472,0.1211497836655114,-0.015413116011773316,-0.07596588420182344,0.04157811154416681,0.5965511453299333,0.6541051519605693
qwen3,actions,real,alpha0.05_aware,0.05,147,coverage,initializing,0.12923428045477486,0.1212503950842505,-0.007983885370524354,-0.0171707996341814,0.0011663423348111433,0.09025883055008807,0.05542198066783901
qwen3,actions,real,alpha0.05_aware,0.05,147,coverage,deduction,0.4810514277865703,0.48681300118335247,0.005761573396782083,-0.016501114575380862,0.027847657951064784,0.6229416140287168,0.530959583738753
qwen3,actions,real,alpha0.05_aware,0.05,147,coverage,adding-knowledge,0.2879040186763966,0.281803365766448,-0.006100652909948613,-0.025139669311219925,0.012547472409107772,0.5437733643935501,0.6932198072158304
qwen3,actions,real,alpha0.05_aware,0.05,147,coverage,example-testing,0.018495232585133928,0.01244314167478065,-0.006052090910353279,-0.014467361246472177,0.0010229287324416084,0.1278564973015996,0.2213606056466233
qwen3,actions,real,alpha0.05_aware,0.05,147,coverage,uncertainty-estimation,0.06527489828597276,0.08111353155623949,0.015838633270266737,0.0004500224204844525,0.031458082176675665,0.0476588196712329,0.024686130253394556
qwen3,actions,real,alpha0.05_aware,0.05,147,coverage,backtracking,0.01804014221115146,0.01657656473492888,-0.001463577476222579,-0.009509783831648307,0.006560381794022524,0.7109044689666576,0.8935998960428698
qwen3,actions,real,alpha0.05_aware,0.05,147,any,initializing,1.0,1.0,0.0,0.0,0.0,,
qwen3,actions,real,alpha0.05_aware,0.05,147,any,deduction,1.0,1.0,0.0,0.0,0.0,,
qwen3,actions,real,alpha0.05_aware,0.05,147,any,adding-knowledge,1.0,1.0,0.0,0.0,0.0,,
qwen3,actions,real,alpha0.05_aware,0.05,147,any,example-testing,0.19727891156462585,0.17006802721088435,-0.027210884353741496,-0.09523809523809523,0.04081632653061224,0.4346417464358149,0.43276758066778476
qwen3,actions,real,alpha0.05_aware,0.05,147,any,uncertainty-estimation,0.6190476190476191,0.7755102040816326,0.1564625850340136,0.054251700680272116,0.2654761904761896,0.005243027180452522,0.00562502770575423
qwen3,actions,real,alpha0.05_aware,0.05,147,any,backtracking,0.25170068027210885,0.2585034013605442,0.006802721088435374,-0.09523809523809523,0.10204081632653061,0.8912973829783865,0.8907458009320663
qwen3,actions,real,alpha0.05_aware,0.05,147,density_testlex,initializing,0.0,0.0,0.0,0.0,0.0,,
qwen3,actions,real,alpha0.05_aware,0.05,147,density_testlex,deduction,0.28367504023906237,0.3918389784807464,0.10816393824168398,0.04572108047330526,0.1727720223891295,0.0011752578740482863,0.003108754257659164
qwen3,actions,real,alpha0.05_aware,0.05,147,density_testlex,adding-knowledge,0.013212507247209631,0.04703282852457098,0.033820321277361357,0.009104948191564,0.05894005682345067,0.006608994015159032,0.014094829559326172
qwen3,actions,real,alpha0.05_aware,0.05,147,density_testlex,example-testing,0.0070039963759394525,0.003043723082073993,-0.00396027329386546,-0.010903656768569797,0.0009533170408005331,0.2148829844451515,
qwen3,actions,real,alpha0.05_aware,0.05,147,density_testlex,uncertainty-estimation,0.06915675657069979,0.18903320178948854,0.11987644521878876,0.07604107051919284,0.16555441890041991,1.9393881046060517e-06,1.0213101844681113e-05
qwen3,actions,real,alpha0.05_aware,0.05,147,density_testlex,backtracking,0.0,0.0,0.0,0.0,0.0,,
qwen3,actions,real,alpha0.05_aware,0.05,147,density_nontest,initializing,0.6899210745237206,0.6740639081739465,-0.01585716634977414,-0.07607928923621082,0.04730782455888508,0.6096841454157791,0.39220051291525804
qwen3,actions,real,alpha0.05_aware,0.05,147,density_nontest,deduction,3.5065049644229034,3.219973562214813,-0.2865314022080913,-0.46356793618507347,-0.10817045582818562,0.0030422402062500542,0.003816764163951022
qwen3,actions,real,alpha0.05_aware,0.05,147,density_nontest,adding-knowledge,2.0004554914012007,1.887774763933525,-0.11268072746767592,-0.27379534646900267,0.04231368942384887,0.1786571166403516,0.18306345545651115
qwen3,actions,real,alpha0.05_aware,0.05,147,density_nontest,example-testing,0.12663999805240486,0.0852596486839716,-0.041380349368433225,-0.10003990256413621,0.00792150093069565,0.1421186410552605,0.2467502289007587
qwen3,actions,real,alpha0.05_aware,0.05,147,density_nontest,uncertainty-estimation,0.42083175787751875,0.3547803606215982,-0.0660513972559206,-0.15709507281132215,0.028154597411592538,0.1768487024420534,0.13549972126156448
qwen3,actions,real,alpha0.05_aware,0.05,147,density_nontest,backtracking,0.13656289967728472,0.1211497836655114,-0.015413116011773316,-0.07596588420182344,0.04157811154416681,0.5965511453299333,0.6541051519605693
qwen3,actions,real,alpha0.05_aware,0.05,147,words,,237.33333333333334,294.3741496598639,57.04081632653061,12.520918367346939,117.82721088435368,0.05156727054296904,0.00010810606268730634
qwen3,actions,real,alpha0.05_aware,0.05,147,n_spans_counted,,16.959183673469386,17.79591836734694,0.8367346938775511,-0.3062925170068027,1.9727891156462585,0.1641178427559028,0.026050287909367895
qwen3,actions,real,alpha0.25,-0.25,149,density,initializing,0.6916163047594227,0.6033316479090549,-0.08828465685036757,-0.1606948635724069,-0.018395183990242536,0.020365082395276804,0.0037074743485826507
qwen3,actions,real,alpha0.25,-0.25,149,density,deduction,3.7914125096841134,3.8496883906278274,0.05827588094371415,-0.14441465841408088,0.27032879447636715,0.5925735533157638,0.5587917019087866
qwen3,actions,real,alpha0.25,-0.25,149,density,adding-knowledge,2.0153040435469394,1.8713511420052489,-0.14395290154169027,-0.3038109741981026,0.010313497896573258,0.0662762543339534,0.06868720904426778
qwen3,actions,real,alpha0.25,-0.25,149,density,example-testing,0.13185011530850071,0.15677127946553215,0.024921164157031397,-0.041772431460899984,0.09159685765108946,0.46498687966333757,0.3794953156468339
qwen3,actions,real,alpha0.25,-0.25,149,density,uncertainty-estimation,0.48341148740864515,0.6419992980572766,0.15858781064863142,0.03749149066106863,0.27910270458257497,0.010624710014852167,0.017784187944235513
qwen3,actions,real,alpha0.25,-0.25,149,density,backtracking,0.13734128396595044,0.1645452008530439,0.027203916887093466,-0.027053852205073628,0.0853940465277255,0.3763870063753721,0.3634525735278711
qwen3,actions,real,alpha0.25,-0.25,149,coverage,initializing,0.12884041645594368,0.12154797543006181,-0.007292441025881864,-0.016973891997284215,0.002092777693405737,0.1402175138215892,0.2058796732800886
qwen3,actions,real,alpha0.25,-0.25,149,coverage,deduction,0.48191612000553874,0.48544961937993103,0.0035334993743921014,-0.02131183069603753,0.027810410199005143,0.7762170322465769,0.8385700907712097
qwen3,actions,real,alpha0.25,-0.25,149,coverage,adding-knowledge,0.28819913933371166,0.26648963086927036,-0.021709508464441276,-0.04477322938857712,0.0008484276036233091,0.06147943280783382,0.1360946113180911
qwen3,actions,real,alpha0.25,-0.25,149,coverage,example-testing,0.018246974429628773,0.019570070030289315,0.0013230956006605417,-0.008275431193342016,0.01014805565358548,0.7704196360156513,0.616455283857481
qwen3,actions,real,alpha0.25,-0.25,149,coverage,uncertainty-estimation,0.06439872515461743,0.08487638744780161,0.020477662293184193,0.00310933030892792,0.037329673478602186,0.01975438232768251,0.015182595893021598
qwen3,actions,real,alpha0.25,-0.25,149,coverage,backtracking,0.01839862462055966,0.022066316842645962,0.0036676922220862983,-0.00369345512301651,0.011837170791210948,0.37866512886709713,0.4823481364187935
qwen3,actions,real,alpha0.25,-0.25,149,any,initializing,1.0,1.0,0.0,0.0,0.0,,
qwen3,actions,real,alpha0.25,-0.25,149,any,deduction,1.0,1.0,0.0,0.0,0.0,,
qwen3,actions,real,alpha0.25,-0.25,149,any,adding-knowledge,1.0,1.0,0.0,0.0,0.0,,
qwen3,actions,real,alpha0.25,-0.25,149,any,example-testing,0.19463087248322147,0.24161073825503357,0.04697986577181208,-0.03372483221476509,0.12751677852348994,0.2637348527847013,0.2623316754083572
qwen3,actions,real,alpha0.25,-0.25,149,any,uncertainty-estimation,0.610738255033557,0.7919463087248322,0.18120805369127516,0.087248322147651,0.2751677852348993,0.000274367863049942,0.000348575174213053
qwen3,actions,real,alpha0.25,-0.25,149,any,backtracking,0.2550335570469799,0.3087248322147651,0.053691275167785234,-0.03372483221476509,0.1476510067114094,0.2777728546498018,0.27630291733748347
qwen3,actions,real,alpha0.25,-0.25,149,density_testlex,initializing,0.0,0.0,0.0,0.0,0.0,,
qwen3,actions,real,alpha0.25,-0.25,149,density_testlex,deduction,0.285600350688441,0.1506479645925371,-0.13495238609590388,-0.193978433429369,-0.07881382010354539,1.11026758975689e-05,2.9916655469076165e-05
qwen3,actions,real,alpha0.25,-0.25,149,density_testlex,adding-knowledge,0.01303515815664306,0.00952587537323849,-0.003509282783404568,-0.022944016044759964,0.013951730291424318,0.703667849409419,0.734375
qwen3,actions,real,alpha0.25,-0.25,149,density_testlex,example-testing,0.006909983001765769,0.0,-0.006909983001765769,-0.016199898413451094,0.0,0.08474488652122682,
qwen3,actions,real,alpha0.25,-0.25,149,density_testlex,uncertainty-estimation,0.06822847795901255,0.05742901220345185,-0.010799465755560709,-0.04867683548937254,0.029499330716964547,0.5772236306231193,0.5827067060799778
qwen3,actions,real,alpha0.25,-0.25,149,density_testlex,backtracking,0.0,0.003289906566653507,0.003289906566653507,0.0,0.00986971969996052,0.31894268036747375,
qwen3,actions,real,alpha0.25,-0.25,149,density_nontest,initializing,0.6916163047594227,0.6033316479090549,-0.08828465685036757,-0.1606948635724069,-0.018395183990242536,0.020365082395276804,0.0037074743485826507
qwen3,actions,real,alpha0.25,-0.25,149,density_nontest,deduction,3.505812158995672,3.69904042603529,0.19322826703961804,-0.013999545116392596,0.4038412028342439,0.07851255683961977,0.04445770487009272
qwen3,actions,real,alpha0.25,-0.25,149,density_nontest,adding-knowledge,2.002268885390296,1.8618252666320108,-0.14044361875828568,-0.2988641057523232,0.01560301972152527,0.0777839829654374,0.08017982614904338
qwen3,actions,real,alpha0.25,-0.25,149,density_nontest,example-testing,0.12494013230673497,0.15677127946553215,0.03183114715879717,-0.03482010040583078,0.09791442007196656,0.3497842249629873,0.25870941626305854
qwen3,actions,real,alpha0.25,-0.25,149,density_nontest,uncertainty-estimation,0.4151830094496326,0.5845702858538246,0.16938727640419216,0.05083050722971937,0.2928811444764497,0.006991916563861485,0.01747883586348825
qwen3,actions,real,alpha0.25,-0.25,149,density_nontest,backtracking,0.13734128396595044,0.16125529428639038,0.023914010320439955,-0.029223041814118885,0.0797070570176868,0.4232260543963976,0.3698000513095101
qwen3,actions,real,alpha0.25,-0.25,149,words,,237.31543624161074,254.1476510067114,16.83221476510067,-9.080536912751677,45.35167785234898,0.22629369057515267,0.6438644322820357
qwen3,actions,real,alpha0.25,-0.25,149,n_spans_counted,,16.953020134228186,18.21476510067114,1.261744966442953,-0.3827181208053691,2.9867449664429517,0.15320826289297995,0.23911371190040787
qwen3,actions,real,alpha0.3,-0.3,149,density,initializing,0.6916163047594227,0.5800547661599499,-0.11156153859947256,-0.19103226370222623,-0.03827241402064039,0.004756102081305331,0.00237532911625729
qwen3,actions,real,alpha0.3,-0.3,149,density,deduction,3.7914125096841134,3.708405705261531,-0.08300680442258178,-0.2798951781764122,0.12477515405420443,0.45228572318923665,0.7681484057580868
qwen3,actions,real,alpha0.3,-0.3,149,density,adding-knowledge,2.0153040435469394,1.8042587141338429,-0.21104532941309675,-0.3817791849845824,-0.04172837289179573,0.014172177137099782,0.029375296001889626
qwen3,actions,real,alpha0.3,-0.3,149,density,example-testing,0.13185011530850071,0.172941738239671,0.04109162293117026,-0.024448529123802912,0.10570516627581952,0.20939286542596958,0.24373191419924467
qwen3,actions,real,alpha0.3,-0.3,149,density,uncertainty-estimation,0.48341148740864515,0.5874216860848279,0.10401019867618277,-0.0124043472106832,0.22425084321595745,0.08966770380938807,0.11156557820909666
qwen3,actions,real,alpha0.3,-0.3,149,density,backtracking,0.13734128396595044,0.1986740359242713,0.061332751958320886,0.004695498327722658,0.11884074215274197,0.039713803646965536,0.04225533849408698
qwen3,actions,real,alpha0.3,-0.3,149,coverage,initializing,0.12884041645594368,0.12755846242802632,-0.001281954027917368,-0.012996539467383933,0.010346523533171198,0.8308813710689944,0.5261397665424834
qwen3,actions,real,alpha0.3,-0.3,149,coverage,deduction,0.48191612000553874,0.48087345206898646,-0.0010426679365523786,-0.025729332959530813,0.02473577843697732,0.9364855193770667,0.9418369898633411
qwen3,actions,real,alpha0.3,-0.3,149,coverage,adding-knowledge,0.28819913933371166,0.26407206077261147,-0.024127078561100215,-0.04710926875243804,-0.0021132776926169558,0.04059816246779127,0.08581399687527315
qwen3,actions,real,alpha0.3,-0.3,149,coverage,example-testing,0.018246974429628773,0.02457690951070284,0.006329935081074068,-0.00391591415482143,0.0160725707653667,0.20799662640780595,0.32087863750496504
qwen3,actions,real,alpha0.3,-0.3,149,coverage,uncertainty-estimation,0.06439872515461743,0.07609356885006989,0.01169484369545248,-0.004089895204742319,0.028018294518320594,0.1614543716659377,0.16849411356252886
qwen3,actions,real,alpha0.3,-0.3,149,coverage,backtracking,0.01839862462055966,0.026825546369603066,0.008426921749043406,0.0009301159981998008,0.01676687682155332,0.043764525606612655,0.04329683651374291
qwen3,actions,real,alpha0.3,-0.3,149,any,initializing,1.0,1.0,0.0,0.0,0.0,,
qwen3,actions,real,alpha0.3,-0.3,149,any,deduction,1.0,1.0,0.0,0.0,0.0,,
qwen3,actions,real,alpha0.3,-0.3,149,any,adding-knowledge,1.0,0.9932885906040269,-0.006711409395973154,-0.020134228187919462,0.0,0.31894268036747386,
qwen3,actions,real,alpha0.3,-0.3,149,any,example-testing,0.19463087248322147,0.2550335570469799,0.06040268456375839,-0.020134228187919462,0.14093959731543623,0.13951954706794573,0.13898246029318553
qwen3,actions,real,alpha0.3,-0.3,149,any,uncertainty-estimation,0.610738255033557,0.7046979865771812,0.09395973154362416,-0.013422818791946308,0.2080536912751678,0.10383712092241443,0.1036379640139623
qwen3,actions,real,alpha0.3,-0.3,149,any,backtracking,0.2550335570469799,0.38926174496644295,0.1342281879194631,0.03355704697986577,0.22818791946308725,0.00819523001086424,0.008636216760319582
qwen3,actions,real,alpha0.3,-0.3,149,density_testlex,initializing,0.0,0.0,0.0,0.0,0.0,,
qwen3,actions,real,alpha0.3,-0.3,149,density_testlex,deduction,0.285600350688441,0.15695769801951576,-0.1286426526689252,-0.1839385672183081,-0.07558489897714159,7.691048883079121e-06,2.2279583679160825e-05
qwen3,actions,real,alpha0.3,-0.3,149,density_testlex,adding-knowledge,0.01303515815664306,0.0016990909863223178,-0.011336067170320742,-0.02752671359917799,0.0007380661053313569,0.11245269292747298,0.125
qwen3,actions,real,alpha0.3,-0.3,149,density_testlex,example-testing,0.006909983001765769,0.007306970160317132,0.0003969871585513648,-0.011440276704203353,0.01214993168239304,0.946283136217936,1.0
qwen3,actions,real,alpha0.3,-0.3,149,density_testlex,uncertainty-estimation,0.06822847795901255,0.032940300375344185,-0.035288177583668374,-0.0661031357412524,-0.0038573789019927967,0.027317052593065147,0.03124286562946572
qwen3,actions,real,alpha0.3,-0.3,149,density_testlex,backtracking,0.0,0.0,0.0,0.0,0.0,,
qwen3,actions,real,alpha0.3,-0.3,149,density_nontest,initializing,0.6916163047594227,0.5800547661599499,-0.11156153859947256,-0.19103226370222623,-0.03827241402064039,0.004756102081305331,0.00237532911625729
qwen3,actions,real,alpha0.3,-0.3,149,density_nontest,deduction,3.505812158995672,3.5514480072420147,0.045635848246343376,-0.15690480722052372,0.26092194925230033,0.6854771376231029,0.462290751259978
qwen3,actions,real,alpha0.3,-0.3,149,density_nontest,adding-knowledge,2.002268885390296,1.8025596231475207,-0.19970926224277602,-0.3687437085362168,-0.0347443903731732,0.019625043239644337,0.03895070153713991
qwen3,actions,real,alpha0.3,-0.3,149,density_nontest,example-testing,0.12494013230673497,0.16563476807935387,0.04069463577261889,-0.024153517681329183,0.1057866497057321,0.21912639547187268,0.26357005943719813
qwen3,actions,real,alpha0.3,-0.3,149,density_nontest,uncertainty-estimation,0.4151830094496326,0.5544813857094838,0.13929837625985114,0.029355904450548333,0.25623828925629977,0.01723043053238733,0.019466579613053005
qwen3,actions,real,alpha0.3,-0.3,149,density_nontest,backtracking,0.13734128396595044,0.1986740359242713,0.061332751958320886,0.004695498327722658,0.11884074215274197,0.039713803646965536,0.04225533849408698
qwen3,actions,real,alpha0.3,-0.3,149,words,,237.31543624161074,299.10738255033556,61.79194630872483,15.048154362416108,127.75352348993277,0.03641222008883026,0.03331747872437071
qwen3,actions,real,alpha0.3,-0.3,149,n_spans_counted,,16.953020134228186,19.026845637583893,2.0738255033557045,0.187751677852349,4.135234899328854,0.051118245281806224,0.20445715328982184
qwen3,actions,real,alpha0.32,-0.32,149,density,initializing,0.6916163047594227,0.6181986344112267,-0.07341767034819599,-0.16901512998376791,0.022230481648801016,0.13460462365844608,0.016631567899684112
qwen3,actions,real,alpha0.32,-0.32,149,density,deduction,3.7914125096841134,3.590623370986617,-0.20078913869749532,-0.42847086264866363,0.048433024838823974,0.10483298246089935,0.0911278125458331
qwen3,actions,real,alpha0.32,-0.32,149,density,adding-knowledge,2.0153040435469394,1.7200534616632122,-0.2952505818837275,-0.4781773191218639,-0.12147553819038501,0.0013154864638701617,0.003319906475316371
qwen3,actions,real,alpha0.32,-0.32,149,density,example-testing,0.13185011530850071,0.1798438823752187,0.04799376706671798,-0.012673521994675245,0.10526903902707369,0.12472558492229108,0.05467912247145035
qwen3,actions,real,alpha0.32,-0.32,149,density,uncertainty-estimation,0.48341148740864515,0.569212378471481,0.08580089106283571,-0.03596757198169934,0.20724906125777745,0.17940785313097277,0.2369323724470357
qwen3,actions,real,alpha0.32,-0.32,149,density,backtracking,0.13734128396595044,0.21281387341710997,0.07547258945115955,0.019311900449355133,0.1312591443500541,0.011856675195290675,0.010295233009932726
qwen3,actions,real,alpha0.32,-0.32,149,coverage,initializing,0.12884041645594368,0.1259487967024144,-0.0028916197535292735,-0.014488265175109144,0.009212242089028001,0.636400484143223,0.6282460079274755
qwen3,actions,real,alpha0.32,-0.32,149,coverage,deduction,0.48191612000553874,0.4742722967321556,-0.007643823273383188,-0.03325530241069843,0.018403646472552042,0.5696429019656323,0.3295468672264228
qwen3,actions,real,alpha0.32,-0.32,149,coverage,adding-knowledge,0.28819913933371166,0.25775782338458775,-0.030441315949123967,-0.054149700059984596,-0.006098151767360512,0.01482633001604858,0.018539807995019687
qwen3,actions,real,alpha0.32,-0.32,149,coverage,example-testing,0.018246974429628773,0.02787081748791307,0.009623843058284296,0.0010685171249603374,0.017811699787300492,0.02807038020067818,0.010887345777323868
qwen3,actions,real,alpha0.32,-0.32,149,coverage,uncertainty-estimation,0.06439872515461743,0.08345080550146504,0.019052080346847605,0.0010248010339435208,0.037710384928797476,0.04884033451487033,0.06266613791500676
qwen3,actions,real,alpha0.32,-0.32,149,coverage,backtracking,0.01839862462055966,0.030699460191464183,0.012300835570904526,0.0039048550045089267,0.02077945787465593,0.005532000605742294,0.007964582546794616
qwen3,actions,real,alpha0.32,-0.32,149,any,initializing,1.0,1.0,0.0,0.0,0.0,,
qwen3,actions,real,alpha0.32,-0.32,149,any,deduction,1.0,1.0,0.0,0.0,0.0,,
qwen3,actions,real,alpha0.32,-0.32,149,any,adding-knowledge,1.0,0.9865771812080537,-0.013422818791946308,-0.03355704697986577,0.0,0.15799703049544492,
qwen3,actions,real,alpha0.32,-0.32,149,any,example-testing,0.19463087248322147,0.3087248322147651,0.11409395973154363,0.026845637583892617,0.20134228187919462,0.012657866195488162,0.013149117330897018
qwen3,actions,real,alpha0.32,-0.32,149,any,uncertainty-estimation,0.610738255033557,0.7449664429530202,0.1342281879194631,0.026677852348993298,0.2348993288590604,0.01631890123165816,0.01682740948275685
qwen3,actions,real,alpha0.32,-0.32,149,any,backtracking,0.2550335570469799,0.4429530201342282,0.18791946308724833,0.09379194630872484,0.28187919463087246,0.00023375213618584994,0.0003005976074404503
qwen3,actions,real,alpha0.32,-0.32,149,density_testlex,initializing,0.0,0.0,0.0,0.0,0.0,,
qwen3,actions,real,alpha0.32,-0.32,149,density_testlex,deduction,0.285600350688441,0.1511335573713056,-0.13446679331713535,-0.19322026759587937,-0.07519507421986378,1.4450233460797705e-05,3.240506608648778e-05
qwen3,actions,real,alpha0.32,-0.32,149,density_testlex,adding-knowledge,0.01303515815664306,0.0023631723225257585,-0.0106719858341173,-0.026503361353170066,0.0023631723225257585,0.14560840566364855,0.3125
qwen3,actions,real,alpha0.32,-0.32,149,density_testlex,example-testing,0.006909983001765769,0.003588988981803826,-0.003320994019961943,-0.014202455140840039,0.007180860964920794,0.5388727110062314,
qwen3,actions,real,alpha0.32,-0.32,149,density_testlex,uncertainty-estimation,0.06822847795901255,0.04331139381626883,-0.02491708414274373,-0.060796481488570794,0.008305045625649569,0.15777424267116755,0.11804811240506578
qwen3,actions,real,alpha0.32,-0.32,149,density_testlex,backtracking,0.0,0.001564431094632437,0.001564431094632437,0.0,0.0046932932838973105,0.31894268036747386,
qwen3,actions,real,alpha0.32,-0.32,149,density_nontest,initializing,0.6916163047594227,0.6181986344112267,-0.07341767034819599,-0.16901512998376791,0.022230481648801016,0.13460462365844608,0.016631567899684112
qwen3,actions,real,alpha0.32,-0.32,149,density_nontest,deduction,3.505812158995672,3.439489813615312,-0.06632234538035998,-0.2990742634656367,0.18079995060221649,0.5926862353474636,0.4708577682705567
qwen3,actions,real,alpha0.32,-0.32,149,density_nontest,adding-knowledge,2.002268885390296,1.7176902893406865,-0.2845785960496101,-0.4659895076552943,-0.10863488093009373,0.002043516717942757,0.004875213229455319
qwen3,actions,real,alpha0.32,-0.32,149,density_nontest,example-testing,0.12494013230673497,0.1762548933934149,0.05131476108667993,-0.010278789483457678,0.10843979319021005,0.09719684224946579,0.038580025084800976
qwen3,actions,real,alpha0.32,-0.32,149,density_nontest,uncertainty-estimation,0.4151830094496326,0.525900984655212,0.11071797520557945,-0.011893407079772244,0.23220701399158133,0.08113819738547824,0.11434727657237478
qwen3,actions,real,alpha0.32,-0.32,149,density_nontest,backtracking,0.13734128396595044,0.21124944232247755,0.07390815835652711,0.018274770597346526,0.12916352172392012,0.013067316345200083,0.011296473146122803
qwen3,actions,real,alpha0.32,-0.32,149,words,,237.31543624161074,336.51677852348996,99.20134228187919,37.434060402684565,178.48137583892617,0.008226082547069547,0.008108927243025416
qwen3,actions,real,alpha0.32,-0.32,149,n_spans_counted,,16.953020134228186,19.906040268456376,2.953020134228188,0.9261744966442953,5.134228187919463,0.008350093315326034,0.06012918797637568
qwq,actions,fake,alpha0.05_aware,0.05,149,density,initializing,0.8099310501989228,0.8597905821904331,0.049859531991510254,-0.07809096636692094,0.17901214589067685,0.460983665128885,0.3074869766942627
qwq,actions,fake,alpha0.05_aware,0.05,149,density,deduction,4.081199523463889,4.0931858651383815,0.01198634167449357,-0.20746680341554183,0.23703027742582058,0.9205662414862821,0.9659887763589817
qwq,actions,fake,alpha0.05_aware,0.05,149,density,adding-knowledge,1.693736420938381,1.7120000755465976,0.018263654608216603,-0.1707889798059552,0.18192082772465687,0.8431136968477997,0.4444672880681835
qwq,actions,fake,alpha0.05_aware,0.05,149,density,example-testing,0.2827349277477273,0.5268656601746013,0.24413073242687394,0.11245102055607216,0.404503368904534,0.0010810701035155236,0.0002717960274521114
qwq,actions,fake,alpha0.05_aware,0.05,149,density,uncertainty-estimation,0.6930601555827316,0.689244945800922,-0.0038152097818095047,-0.11562238663108752,0.11870947035025424,0.9504507212956677,0.7513143029435116
qwq,actions,fake,alpha0.05_aware,0.05,149,density,backtracking,0.18047548403294802,0.17981505639733533,-0.0006604276356127149,-0.0532574384409184,0.05095903864488042,0.9806980883970746,0.9165306262556727
qwq,actions,fake,alpha0.05_aware,0.05,149,coverage,initializing,0.1374096367311288,0.1358202492987849,-0.0015893874323439196,-0.016410638048937585,0.01281509620951905,0.8329655231874198,0.925262262589784
qwq,actions,fake,alpha0.05_aware,0.05,149,coverage,deduction,0.499632500494876,0.489592820785883,-0.010039679708992926,-0.03915684762472502,0.01699632414790777,0.4956480832367054,0.6843766256025298
qwq,actions,fake,alpha0.05_aware,0.05,149,coverage,adding-knowledge,0.211743029847321,0.20702231899462303,-0.00472071085269793,-0.026517711729702634,0.015165781421339045,0.6588531711845036,0.9312860650908772
qwq,actions,fake,alpha0.05_aware,0.05,149,coverage,example-testing,0.03771302931444244,0.06116375053145679,0.02345072121701436,0.008928731716462997,0.03852562547339824,0.0023777281646823563,0.0008585990189967697
qwq,actions,fake,alpha0.05_aware,0.05,149,coverage,uncertainty-estimation,0.08816627974577484,0.08278817149756465,-0.005378108248210196,-0.021420859808992967,0.011384162037163347,0.5249076910559267,0.6870603834613993
qwq,actions,fake,alpha0.05_aware,0.05,149,coverage,backtracking,0.025335523866457012,0.02361268889168763,-0.0017228349747693884,-0.009704238920069918,0.00581798893392803,0.6711337797779244,0.7549003841829373
qwq,actions,fake,alpha0.05_aware,0.05,149,any,initializing,1.0,1.0,0.0,0.0,0.0,,
qwq,actions,fake,alpha0.05_aware,0.05,149,any,deduction,1.0,0.9932885906040269,-0.006711409395973154,-0.020134228187919462,0.0,0.31894268036747375,
qwq,actions,fake,alpha0.05_aware,0.05,149,any,adding-knowledge,0.9932885906040269,1.0,0.006711409395973154,0.0,0.020134228187919462,0.31894268036747375,
qwq,actions,fake,alpha0.05_aware,0.05,149,any,example-testing,0.348993288590604,0.5369127516778524,0.18791946308724833,0.10067114093959731,0.28187919463087246,7.282601047137779e-05,0.00010321744149513973
qwq,actions,fake,alpha0.05_aware,0.05,149,any,uncertainty-estimation,0.7583892617449665,0.7718120805369127,0.013422818791946308,-0.0738255033557047,0.10738255033557047,0.7691862140821795,0.7680825619009432
qwq,actions,fake,alpha0.05_aware,0.05,149,any,backtracking,0.3825503355704698,0.3691275167785235,-0.013422818791946308,-0.11409395973154363,0.08053691275167785,0.7902813956561812,0.7892680261342813
qwq,actions,fake,alpha0.05_aware,0.05,149,density_testlex,initializing,0.011598115925921627,0.009598876229124394,-0.0019992396967972326,-0.018111830794287832,0.019199281613437993,0.8282053575791977,0.9375
qwq,actions,fake,alpha0.05_aware,0.05,149,density_testlex,deduction,0.22224257027227054,0.238954098735993,0.01671152846372243,-0.045950312800887454,0.07577296952660806,0.5945445420903203,0.6062288154795923
qwq,actions,fake,alpha0.05_aware,0.05,149,density_testlex,adding-knowledge,0.012078378779928631,0.04388753057664812,0.03180915179671949,0.008476106057885487,0.05643882879582704,0.0071067466513425066,0.01082611083984375
qwq,actions,fake,alpha0.05_aware,0.05,149,density_testlex,example-testing,0.008865817338054674,0.022980620961556147,0.014114803623501471,-0.0046349831377121686,0.03330652082894713,0.13420590913810773,0.21630859375
qwq,actions,fake,alpha0.05_aware,0.05,149,density_testlex,uncertainty-estimation,0.06387149228019924,0.12595586338694365,0.0620843711067444,0.016097736112971692,0.11285726054407368,0.015809198059669526,0.007658164476903576
qwq,actions,fake,alpha0.05_aware,0.05,149,density_testlex,backtracking,0.003459489379367605,0.005083095691430245,0.0016236063120626401,-0.008023587648287674,0.010912860806460414,0.7463763110503857,
qwq,actions,fake,alpha0.05_aware,0.05,149,density_nontest,initializing,0.798332934273001,0.8501917059613088,0.05185877168830749,-0.07944910611903562,0.18057154991862506,0.4389211012343991,0.25432781088254053
qwq,actions,fake,alpha0.05_aware,0.05,149,density_nontest,deduction,3.8589569531916177,3.8542317664023886,-0.004725186789228879,-0.22463322284597673,0.21622208370644852,0.9680840463874671,0.8668066968696672
qwq,actions,fake,alpha0.05_aware,0.05,149,density_nontest,adding-knowledge,1.6816580421584524,1.6681125449699494,-0.01354549718850289,-0.20025405153080755,0.15134026094686434,0.8822072300641811,0.6885579186398306
qwq,actions,fake,alpha0.05_aware,0.05,149,density_nontest,example-testing,0.27386911040967266,0.5038850392130452,0.2300159288033725,0.09921962292044735,0.3910510012915317,0.002050811782351185,0.000717572295204097
qwq,actions,fake,alpha0.05_aware,0.05,149,density_nontest,uncertainty-estimation,0.6291886633025323,0.5632890824139783,-0.06589958088855391,-0.168726364678135,0.04275192178159324,0.22218044348898985,0.17600204517173046
qwq,actions,fake,alpha0.05_aware,0.05,149,density_nontest,backtracking,0.17701599465358042,0.17473196070590508,-0.002284033947675355,-0.05450405811398483,0.04811574556349804,0.9321703424608356,0.9909439252049035
qwq,actions,fake,alpha0.05_aware,0.05,149,words,,285.9865771812081,277.06040268456377,-8.926174496644295,-51.27298657718121,33.56023489932885,0.6830592692361015,0.32672617244732083
qwq,actions,fake,alpha0.05_aware,0.05,149,n_spans_counted,,21.389261744966444,21.899328859060404,0.5100671140939598,-2.5773489932885902,3.7924496644295274,0.7531780370783527,0.9498619877883518
qwq,actions,fake,alpha0.25,-0.25,149,density,initializing,0.8099310501989228,0.7854063663700909,-0.024524683828831825,-0.13971890288243216,0.08118203534778896,0.6589775359204074,0.9312860650908772
qwq,actions,fake,alpha0.25,-0.25,149,density,deduction,4.081199523463889,4.223359972558674,0.14216044909478556,-0.11250464165593173,0.41792898443338633,0.3157881342305007,0.5845606286838614
qwq,actions,fake,alpha0.25,-0.25,149,density,adding-knowledge,1.693736420938381,1.8519457254695286,0.15820930453114765,-0.03976175013501551,0.345768039226021,0.1071783470643796,0.07789314875296227
qwq,actions,fake,alpha0.25,-0.25,149,density,example-testing,0.2827349277477273,0.24812239467702749,-0.03461253307069983,-0.14782572092359295,0.07535825573523892,0.5504259506708901,0.5237749296500571
qwq,actions,fake,alpha0.25,-0.25,149,density,uncertainty-estimation,0.6930601555827316,0.7167438840444289,0.02368372846169738,-0.09704844793273601,0.14165109123848352,0.7044693302945748,0.6140922212794804
qwq,actions,fake,alpha0.25,-0.25,149,density,backtracking,0.18047548403294802,0.1981612612651777,0.01768577723222965,-0.043145514027111344,0.07545566174312879,0.5583096131593911,0.4978417549460633
qwq,actions,fake,alpha0.25,-0.25,149,coverage,initializing,0.1374096367311288,0.13416676883192624,-0.0032428678992025414,-0.01587588069007734,0.009346747055876379,0.627083320067277,0.8017366043552122
qwq,actions,fake,alpha0.25,-0.25,149,coverage,deduction,0.499632500494876,0.4850157898930349,-0.014616710601841094,-0.04056878930248988,0.012498967586637945,0.29069200866559275,0.35654719438605076
qwq,actions,fake,alpha0.25,-0.25,149,coverage,adding-knowledge,0.211743029847321,0.2377047495153391,0.02596171966801807,0.001227556527576251,0.04951856979165954,0.0338002555041232,0.08685623892193126
qwq,actions,fake,alpha0.25,-0.25,149,coverage,example-testing,0.03771302931444244,0.03315311595810338,-0.0045599133563390655,-0.017471591303514382,0.009428989820188369,0.5155256036480131,0.45649927915535404
qwq,actions,fake,alpha0.25,-0.25,149,coverage,uncertainty-estimation,0.08816627974577484,0.0861973716549816,-0.0019689080907932246,-0.018740624739887395,0.013963383039081605,0.8225418801382804,0.7848274770850769
qwq,actions,fake,alpha0.25,-0.25,149,coverage,backtracking,0.025335523866457012,0.02376220414661487,-0.0015733197198421456,-0.009789259055541339,0.0063614344036433046,0.7075029060349909,0.7195857301838602
qwq,actions,fake,alpha0.25,-0.25,149,any,initializing,1.0,1.0,0.0,0.0,0.0,,
qwq,actions,fake,alpha0.25,-0.25,149,any,deduction,1.0,1.0,0.0,0.0,0.0,,
qwq,actions,fake,alpha0.25,-0.25,149,any,adding-knowledge,0.9932885906040269,0.9932885906040269,0.0,-0.020134228187919462,0.020134228187919462,1.0,
qwq,actions,fake,alpha0.25,-0.25,149,any,example-testing,0.348993288590604,0.3691275167785235,0.020134228187919462,-0.0738255033557047,0.11409395973154363,0.66971329304312,0.6682351417952492
qwq,actions,fake,alpha0.25,-0.25,149,any,uncertainty-estimation,0.7583892617449665,0.7315436241610739,-0.026845637583892617,-0.10067114093959731,0.053691275167785234,0.5182339359988414,0.5164122683960384
qwq,actions,fake,alpha0.25,-0.25,149,any,backtracking,0.3825503355704698,0.3624161073825503,-0.020134228187919462,-0.12080536912751678,0.07399328859060311,0.6925030604460332,0.6911022238448428
qwq,actions,fake,alpha0.25,-0.25,149,density_testlex,initializing,0.011598115925921627,0.0006772360641748895,-0.010920879861746738,-0.023183014011256102,-0.0011877284004279311,0.06184205842399433,0.125
qwq,actions,fake,alpha0.25,-0.25,149,density_testlex,deduction,0.22224257027227054,0.16102668664259379,-0.06121588362967675,-0.1185565206831971,-0.006507557498117191,0.037398278843224796,0.05062440540791643
qwq,actions,fake,alpha0.25,-0.25,149,density_testlex,adding-knowledge,0.012078378779928631,0.006953314970764519,-0.0051250638091641125,-0.017543236275744754,0.00648191768185837,0.4267163074514963,0.578125
qwq,actions,fake,alpha0.25,-0.25,149,density_testlex,example-testing,0.008865817338054674,0.0,-0.008865817338054674,-0.02049617074509752,0.0,0.0908475352912211,
qwq,actions,fake,alpha0.25,-0.25,149,density_testlex,uncertainty-estimation,0.06387149228019924,0.03607013007509027,-0.02780136220510898,-0.06628391874438852,0.009614624053937936,0.14115273293564437,0.19012672826647758
qwq,actions,fake,alpha0.25,-0.25,149,density_testlex,backtracking,0.003459489379367605,0.0,-0.003459489379367605,-0.010378468138102816,0.0,0.31894268036747375,
qwq,actions,fake,alpha0.25,-0.25,149,density_nontest,initializing,0.798332934273001,0.784729130305916,-0.013603803967085088,-0.12790508043977725,0.09155617053274091,0.8052523689905077,0.6802049845976155
qwq,actions,fake,alpha0.25,-0.25,149,density_nontest,deduction,3.8589569531916177,4.062333285916079,0.20337633272446243,-0.045672258222181635,0.475313607638568,0.15025440929640038,0.3333208165238676
qwq,actions,fake,alpha0.25,-0.25,149,density_nontest,adding-knowledge,1.6816580421584524,1.844992410498764,0.16333436834031173,-0.03156325171495937,0.3464302308044943,0.09645557780504548,0.07015628613941614
qwq,actions,fake,alpha0.25,-0.25,149,density_nontest,example-testing,0.27386911040967266,0.24812239467702749,-0.025746715732645146,-0.1387309115997928,0.08384681378744975,0.6558774474103287,0.7127864754923625
qwq,actions,fake,alpha0.25,-0.25,149,density_nontest,uncertainty-estimation,0.6291886633025323,0.6806737539693386,0.05148509066680636,-0.07372775518571825,0.17714175750938663,0.43539107068220034,0.44949800615495594
qwq,actions,fake,alpha0.25,-0.25,149,density_nontest,backtracking,0.17701599465358042,0.1981612612651777,0.021145266611597255,-0.0397425173045626,0.07804485449739247,0.4804876137553397,0.4118723900621575
qwq,actions,fake,alpha0.25,-0.25,149,words,,285.9865771812081,278.5973154362416,-7.389261744966443,-47.2756711409396,34.93993288590604,0.7242926811315997,0.2946005809586627
qwq,actions,fake,alpha0.25,-0.25,149,n_spans_counted,,21.389261744966444,21.644295302013422,0.2550335570469799,-2.563758389261745,3.402684563758389,0.8689950521132621,0.8036210147931491
qwq,actions,fake,alpha0.3,-0.3,149,density,initializing,0.8099310501989228,0.7716550993176232,-0.038275950881299564,-0.1434412860943453,0.06775662507357962,0.4897987302583655,0.9554172182296252
qwq,actions,fake,alpha0.3,-0.3,149,density,deduction,4.081199523463889,4.334596326714899,0.2533968032510106,0.028313455026732028,0.48169082855743334,0.03141576889613099,0.05549317700823253
qwq,actions,fake,alpha0.3,-0.3,149,density,adding-knowledge,1.693736420938381,1.8635355580608999,0.16979913712251937,-0.0362583108825324,0.3611796015357721,0.09682069060831751,0.05720658649352019
qwq,actions,fake,alpha0.3,-0.3,149,density,example-testing,0.2827349277477273,0.251271928815015,-0.03146299893271237,-0.13607589972570924,0.05893618493417068,0.5298758107831176,0.9130704943770139
qwq,actions,fake,alpha0.3,-0.3,149,density,uncertainty-estimation,0.6930601555827316,0.750903363835611,0.057843208252879356,-0.07011696320377875,0.18586582251816963,0.3771663109101341,0.2941039534951414
qwq,actions,fake,alpha0.3,-0.3,149,density,backtracking,0.18047548403294802,0.23899604738999639,0.058520563357048354,-0.00587345844680615,0.12561640014161474,0.07832971635228721,0.09643496904894253
qwq,actions,fake,alpha0.3,-0.3,149,coverage,initializing,0.1374096367311288,0.13385181764884033,-0.003557819082288483,-0.0164344650121639,0.009118619768880941,0.5924051353811312,0.9871479777471415
qwq,actions,fake,alpha0.3,-0.3,149,coverage,deduction,0.499632500494876,0.48979971383817117,-0.009832786656704727,-0.035947334887966184,0.01576551964489298,0.4618374694594781,0.35260687580578154
qwq,actions,fake,alpha0.3,-0.3,149,coverage,adding-knowledge,0.211743029847321,0.22909965160753992,0.01735662176021893,-0.005952681323130206,0.03966641877726213,0.13858234046491305,0.13362252352500364
qwq,actions,fake,alpha0.3,-0.3,149,coverage,example-testing,0.03771302931444244,0.033847677087610675,-0.003865352226831771,-0.015406739024231722,0.007902669355286612,0.5054321743280192,0.7839431460245538
qwq,actions,fake,alpha0.3,-0.3,149,coverage,uncertainty-estimation,0.08816627974577484,0.0863109513070248,-0.0018553284387500246,-0.01842463317266184,0.014480457066033871,0.823854820884629,0.9255830331757645
qwq,actions,fake,alpha0.3,-0.3,149,coverage,backtracking,0.025335523866457012,0.027090188510813087,0.0017546646443560735,-0.006586568084155398,0.010557934415927965,0.6836642004338439,0.6106470032362064
qwq,actions,fake,alpha0.3,-0.3,149,any,initializing,1.0,1.0,0.0,0.0,0.0,,
qwq,actions,fake,alpha0.3,-0.3,149,any,deduction,1.0,1.0,0.0,0.0,0.0,,
qwq,actions,fake,alpha0.3,-0.3,149,any,adding-knowledge,0.9932885906040269,1.0,0.006711409395973154,0.0,0.020134228187919462,0.31894268036747375,
qwq,actions,fake,alpha0.3,-0.3,149,any,example-testing,0.348993288590604,0.348993288590604,0.0,-0.09395973154362416,0.09395973154362416,1.0,1.0
qwq,actions,fake,alpha0.3,-0.3,149,any,uncertainty-estimation,0.7583892617449665,0.7516778523489933,-0.006711409395973154,-0.09395973154362416,0.08053691275167785,0.8846046671881563,0.8840279686806821
qwq,actions,fake,alpha0.3,-0.3,149,any,backtracking,0.3825503355704698,0.4429530201342282,0.06040268456375839,-0.053691275167785234,0.16778523489932887,0.2869843506107569,0.285473830698586
qwq,actions,fake,alpha0.3,-0.3,149,density_testlex,initializing,0.011598115925921627,0.0023969319271332696,-0.009201183998788358,-0.02222391156465855,0.002251663325488829,0.1439935565488077,0.125
qwq,actions,fake,alpha0.3,-0.3,149,density_testlex,deduction,0.22224257027227054,0.18766752673970197,-0.034575043532568545,-0.09489751932007594,0.02366522638619034,0.2633143193802235,0.4143982882664342
qwq,actions,fake,alpha0.3,-0.3,149,density_testlex,adding-knowledge,0.012078378779928631,0.005715814092115138,-0.006362564687813493,-0.018898792864681043,0.004774737326842927,0.29778643870833077,0.3125
qwq,actions,fake,alpha0.3,-0.3,149,density_testlex,example-testing,0.008865817338054674,0.0059328525987976085,-0.0029329647392570654,-0.016451150166336574,0.009679917398038203,0.6641961546303122,0.625
qwq,actions,fake,alpha0.3,-0.3,149,density_testlex,uncertainty-estimation,0.06387149228019924,0.04418042302462368,-0.019691069255575563,-0.05745533007256899,0.016556003140492666,0.3088593535147639,0.3694013226777315
qwq,actions,fake,alpha0.3,-0.3,149,density_testlex,backtracking,0.003459489379367605,0.0,-0.003459489379367605,-0.010378468138102816,0.0,0.31894268036747375,
qwq,actions,fake,alpha0.3,-0.3,149,density_nontest,initializing,0.798332934273001,0.7692581673904899,-0.029074766882511212,-0.13536019250512302,0.07658885460991595,0.5980739060211864,0.8002718111598051
qwq,actions,fake,alpha0.3,-0.3,149,density_nontest,deduction,3.8589569531916177,4.146928799975196,0.28797184678357907,0.06835179106614997,0.5097899090273663,0.01580144204183843,0.016473875976519826
qwq,actions,fake,alpha0.3,-0.3,149,density_nontest,adding-knowledge,1.6816580421584524,1.8578197439687847,0.17616170181033286,-0.032546964884761824,0.367089409760288,0.08508640593857336,0.056712609054097154
qwq,actions,fake,alpha0.3,-0.3,149,density_nontest,example-testing,0.27386911040967266,0.24533907621621737,-0.028530034193455307,-0.13200693802196214,0.05919905137650174,0.5640857625497411,0.8366656993242462
qwq,actions,fake,alpha0.3,-0.3,149,density_nontest,uncertainty-estimation,0.6291886633025323,0.7067229408109872,0.07753427750845494,-0.05241343346998617,0.2107549124739759,0.247914291041749,0.26867769796315155
qwq,actions,fake,alpha0.3,-0.3,149,density_nontest,backtracking,0.17701599465358042,0.23899604738999639,0.06198005273641597,-0.0009900975937998282,0.1283315021078092,0.06051000758063647,0.07489118581535266
qwq,actions,fake,alpha0.3,-0.3,149,words,,285.9865771812081,254.98657718120805,-31.0,-62.060906040268456,0.9753355704697868,0.05703418327765473,0.029232413081665402
qwq,actions,fake,alpha0.3,-0.3,149,n_spans_counted,,21.389261744966444,20.409395973154364,-0.9798657718120806,-3.437248322147651,1.4367449664429501,0.43865067685965575,0.3320057172627019
qwq,actions,real,alpha0.05_aware,0.05,149,density,initializing,0.8433833059815325,0.7823014788112714,-0.06108182717026124,-0.1586933705078178,0.036883855212462645,0.22098305077754302,0.36751528099195985
qwq,actions,real,alpha0.05_aware,0.05,149,density,deduction,4.319483415406983,4.017604612819121,-0.30187880258786254,-0.5326794395953466,-0.060323722343087784,0.013888195689073148,0.003485842848690106
qwq,actions,real,alpha0.05_aware,0.05,149,density,adding-knowledge,2.0286416872753024,1.8401094309260366,-0.18853225634926576,-0.3431732504658758,-0.036877645413551124,0.01972976640087413,0.015310533886641406
qwq,actions,real,alpha0.05_aware,0.05,149,density,example-testing,0.1594335346964224,0.29516352915093297,0.1357299944545106,0.0667039320806394,0.198929150393197,0.00013516090420080066,0.00018544538112428015
qwq,actions,real,alpha0.05_aware,0.05,149,density,uncertainty-estimation,0.6811418438205122,0.9133111978905054,0.2321693540699932,0.11197932803875882,0.3558564500176999,0.00029240569820712116,0.0011259045947652501
qwq,actions,real,alpha0.05_aware,0.05,149,density,backtracking,0.2034565029439869,0.2380473617907954,0.03459085884680852,-0.03653475251398263,0.10355638378962642,0.33808968809151096,0.2500861583580817
qwq,actions,real,alpha0.05_aware,0.05,149,coverage,initializing,0.14434456995918118,0.13347033156147398,-0.010874238397707233,-0.021938913973818346,-7.424117464950023e-05,0.05082534955980975,0.09097033963692071
qwq,actions,real,alpha0.05_aware,0.05,149,coverage,deduction,0.4833828665618694,0.4680113218586471,-0.015371544703222342,-0.03915632509433678,0.007873082979811397,0.209347523601145,0.08274778771970914
qwq,actions,real,alpha0.05_aware,0.05,149,coverage,adding-knowledge,0.24973413548466458,0.2222756813875014,-0.02745845409716315,-0.04667812884028899,-0.00904513773254887,0.005152352074826019,0.013389492506835262
qwq,actions,real,alpha0.05_aware,0.05,149,coverage,example-testing,0.020802116681703446,0.039683266954519805,0.01888115027281636,0.009637463650737086,0.028219758324755595,0.00013300547893239638,0.0003138641978696791
qwq,actions,real,alpha0.05_aware,0.05,149,coverage,uncertainty-estimation,0.07760878989683449,0.10716865680278723,0.029559866905952747,0.01464971984088649,0.0451256049280777,0.00024902620804332254,0.0016295286977788563
qwq,actions,real,alpha0.05_aware,0.05,149,coverage,backtracking,0.024127521415746967,0.02939074143507059,0.005263220019323615,-0.0038904433301991358,0.014289578061042751,0.25280564175276216,0.09976110092688469
qwq,actions,real,alpha0.05_aware,0.05,149,any,initializing,1.0,1.0,0.0,0.0,0.0,,
qwq,actions,real,alpha0.05_aware,0.05,149,any,deduction,1.0,1.0,0.0,0.0,0.0,,
qwq,actions,real,alpha0.05_aware,0.05,149,any,adding-knowledge,1.0,1.0,0.0,0.0,0.0,,
qwq,actions,real,alpha0.05_aware,0.05,149,any,example-testing,0.2348993288590604,0.4429530201342282,0.2080536912751678,0.11409395973154363,0.30201342281879195,1.7917685353161977e-05,2.9145891675051222e-05
qwq,actions,real,alpha0.05_aware,0.05,149,any,uncertainty-estimation,0.7449664429530202,0.8120805369127517,0.06711409395973154,-0.020134228187919462,0.1476510067114094,0.14091828530663056,0.1403686607716733
qwq,actions,real,alpha0.05_aware,0.05,149,any,backtracking,0.3624161073825503,0.4563758389261745,0.09395973154362416,-0.013422818791946308,0.19463087248322147,0.08484670178656749,0.08483774479657032
qwq,actions,real,alpha0.05_aware,0.05,149,density_testlex,initializing,0.0,0.0227447687831092,0.0227447687831092,0.006092272363538167,0.04370005198602595,0.023020111766301338,0.03125
qwq,actions,real,alpha0.05_aware,0.05,149,density_testlex,deduction,0.2610738357671159,0.2874718628630985,0.02639802709598263,-0.034499129682020235,0.08815612509596776,0.39016683715216716,0.9644278302212757
qwq,actions,real,alpha0.05_aware,0.05,149,density_testlex,adding-knowledge,0.002065049044914817,0.006275904876520445,0.0042108558316056284,-0.004130098089829634,0.013801154612242713,0.34754000095327925,
qwq,actions,real,alpha0.05_aware,0.05,149,density_testlex,example-testing,0.009904572248803579,0.02258184272840448,0.012677270479600898,-0.0049236540501317,0.030585680784852503,0.17183132989923375,0.1982421875
qwq,actions,real,alpha0.05_aware,0.05,149,density_testlex,uncertainty-estimation,0.08512495185304582,0.18238190386117917,0.09725695200813336,0.042884596694451826,0.15177996846411784,0.0007069063347882942,0.0009009044264750877
qwq,actions,real,alpha0.05_aware,0.05,149,density_testlex,backtracking,0.006950268761684803,0.009655276523493654,0.00270500776180885,-0.007663670661307447,0.013622426578742656,0.6216214259060089,0.8125
qwq,actions,real,alpha0.05_aware,0.05,149,density_nontest,initializing,0.8433833059815325,0.7595567100281622,-0.08382659595337043,-0.17978444717815528,0.014264808969814146,0.0841285066732931,0.14859076629147377
qwq,actions,real,alpha0.05_aware,0.05,149,density_nontest,deduction,4.058409579639869,3.730132749956022,-0.32827682968384514,-0.5580752093080851,-0.07663474488989121,0.008044713162091877,0.0021370743306215203
qwq,actions,real,alpha0.05_aware,0.05,149,density_nontest,adding-knowledge,2.0265766382303876,1.8338335260495162,-0.19274311218087134,-0.34741466999601855,-0.04037800253746332,0.017789988021839922,0.013828384793165728
qwq,actions,real,alpha0.05_aware,0.05,149,density_nontest,example-testing,0.14952896244761885,0.2725816864225285,0.12305272397490968,0.05681915163669224,0.18795146788565034,0.00035117702324484105,0.00047370689312202963
qwq,actions,real,alpha0.05_aware,0.05,149,density_nontest,uncertainty-estimation,0.5960168919674664,0.7309292940293263,0.13491240206185978,0.005209399115173027,0.25729699705253434,0.03768010797635324,0.10024405028534973
qwq,actions,real,alpha0.05_aware,0.05,149,density_nontest,backtracking,0.1965062341823021,0.22839208526730176,0.031885851084999674,-0.03888726830876821,0.10122275654172709,0.3726089833609631,0.27084497896110515
qwq,actions,real,alpha0.05_aware,0.05,149,words,,210.1208053691275,254.1208053691275,44.0,20.630704697986577,69.58221476510064,0.0006048327054227775,0.005874443297528272
qwq,actions,real,alpha0.05_aware,0.05,149,n_spans_counted,,16.93959731543624,19.74496644295302,2.8053691275167787,1.275,4.530369127516778,0.001159241855981981,0.007212722447216105
qwq,actions,real,alpha0.25,-0.25,149,density,initializing,0.8433833059815325,0.791848601223873,-0.051534704757659484,-0.14179722968715697,0.04305383828072394,0.2871145911105562,0.8760226823103596
qwq,actions,real,alpha0.25,-0.25,149,density,deduction,4.319483415406983,4.314749011077378,-0.004734404329605848,-0.23396019239992308,0.23840222669202465,0.9688152991767123,0.8451928267712183
qwq,actions,real,alpha0.25,-0.25,149,density,adding-knowledge,2.0286416872753024,2.1871316794551356,0.1584899921798329,-0.01660012670606773,0.33952665770177254,0.09281411264392715,0.13860186019756254
qwq,actions,real,alpha0.25,-0.25,149,density,example-testing,0.1594335346964224,0.14833647890983515,-0.011097055786587227,-0.06342105008449964,0.03760665517861169,0.6869520932480232,0.8092939008693025
qwq,actions,real,alpha0.25,-0.25,149,density,uncertainty-estimation,0.6811418438205122,0.56956262445002,-0.11157921937049227,-0.22445988659175312,-0.002167869130136813,0.046699816874427154,0.0790479976423433
qwq,actions,real,alpha0.25,-0.25,149,density,backtracking,0.2034565029439869,0.2455296999227624,0.04207319697877552,-0.029001339734213996,0.1148664910012479,0.26042178439873037,0.17960729871310122
qwq,actions,real,alpha0.25,-0.25,149,coverage,initializing,0.14434456995918118,0.14618751553361778,0.001842945574436561,-0.008755562063230768,0.012603467760749333,0.7419518823073912,0.6025885294887571
qwq,actions,real,alpha0.25,-0.25,149,coverage,deduction,0.4833828665618694,0.4677351717363297,-0.01564769482553958,-0.03944613262987297,0.008963090890988899,0.20338962709382144,0.20116397267558606
qwq,actions,real,alpha0.25,-0.25,149,coverage,adding-knowledge,0.24973413548466458,0.2739995750825841,0.024265439597919568,0.0006752841285215339,0.04718772619692982,0.04551846927117053,0.06616624326318159
qwq,actions,real,alpha0.25,-0.25,149,coverage,example-testing,0.020802116681703446,0.02161044855118923,0.000808331869485786,-0.007953420515029022,0.009144788393508175,0.8541819839975583,0.9491705519433523
qwq,actions,real,alpha0.25,-0.25,149,coverage,uncertainty-estimation,0.07760878989683449,0.06049628315147479,-0.0171125067453597,-0.03087158495181818,-0.004178829335500868,0.010180999262770466,0.04454434726789121
qwq,actions,real,alpha0.25,-0.25,149,coverage,backtracking,0.024127521415746967,0.029971005944804344,0.005843484529057368,-0.003908379888316454,0.01565857260370677,0.24734153155898264,0.17894898048073948
qwq,actions,real,alpha0.25,-0.25,149,any,initializing,1.0,1.0,0.0,0.0,0.0,,
qwq,actions,real,alpha0.25,-0.25,149,any,deduction,1.0,1.0,0.0,0.0,0.0,,
qwq,actions,real,alpha0.25,-0.25,149,any,adding-knowledge,1.0,0.9865771812080537,-0.013422818791946308,-0.03355704697986577,0.0,0.15799703049544492,
qwq,actions,real,alpha0.25,-0.25,149,any,example-testing,0.2348993288590604,0.2080536912751678,-0.026845637583892617,-0.10738255033557047,0.053691275167785234,0.5182339359988413,0.5164122683960384
qwq,actions,real,alpha0.25,-0.25,149,any,uncertainty-estimation,0.7449664429530202,0.6577181208053692,-0.087248322147651,-0.18120805369127516,0.006711409395973154,0.07405003682330531,0.07414989773822228
qwq,actions,real,alpha0.25,-0.25,149,any,backtracking,0.3624161073825503,0.40939597315436244,0.04697986577181208,-0.053691275167785234,0.15436241610738255,0.37960831997197325,0.3778216371000638
qwq,actions,real,alpha0.25,-0.25,149,density_testlex,initializing,0.0,0.0,0.0,0.0,0.0,,
qwq,actions,real,alpha0.25,-0.25,149,density_testlex,deduction,0.2610738357671159,0.24605857689201413,-0.01501525887510173,-0.06238141879759967,0.02901771175269131,0.536006665069998,0.5742887300666295
qwq,actions,real,alpha0.25,-0.25,149,density_testlex,adding-knowledge,0.002065049044914817,0.0,-0.002065049044914817,-0.006195147134744451,0.0,0.31894268036747386,
qwq,actions,real,alpha0.25,-0.25,149,density_testlex,example-testing,0.009904572248803579,0.0030645705004443626,-0.0068400017483592175,-0.02124887560519847,0.005871231602336477,0.30542124889977657,
qwq,actions,real,alpha0.25,-0.25,149,density_testlex,uncertainty-estimation,0.08512495185304582,0.020289292179207642,-0.06483565967383818,-0.09992650928836416,-0.03281809537917034,0.00030795300710723453,0.00031275488436222076
qwq,actions,real,alpha0.25,-0.25,149,density_testlex,backtracking,0.006950268761684803,0.006298063028988361,-0.0006522057326964419,-0.013884421016396862,0.013540230782254747,0.9256919169658101,
qwq,actions,real,alpha0.25,-0.25,149,density_nontest,initializing,0.8433833059815325,0.791848601223873,-0.051534704757659484,-0.14179722968715697,0.04305383828072394,0.2871145911105562,0.8760226823103596
qwq,actions,real,alpha0.25,-0.25,149,density_nontest,deduction,4.058409579639869,4.068690434185364,0.010280854545495892,-0.22379703460737596,0.25047888115478684,0.9325614316558966,0.9572541863249256
qwq,actions,real,alpha0.25,-0.25,149,density_nontest,adding-knowledge,2.0265766382303876,2.1871316794551356,0.1605550412247477,-0.014534922571537533,0.3403292610330511,0.08837287994565975,0.13510157217513102
qwq,actions,real,alpha0.25,-0.25,149,density_nontest,example-testing,0.14952896244761885,0.1452719084093908,-0.004257054038228009,-0.05548578518056172,0.04700703651695042,0.8760576127453078,0.996031595417504
qwq,actions,real,alpha0.25,-0.25,149,density_nontest,uncertainty-estimation,0.5960168919674664,0.5492733322708124,-0.0467435596966541,-0.15712420187158058,0.06302802727008978,0.4046216920950194,0.5852126687518896
qwq,actions,real,alpha0.25,-0.25,149,density_nontest,backtracking,0.1965062341823021,0.23923163689377405,0.04272540271147195,-0.02752839934037672,0.11580058453098044,0.2576034679848998,0.1857795674767717
qwq,actions,real,alpha0.25,-0.25,149,words,,210.1208053691275,203.43624161073825,-6.684563758389261,-23.222818791946306,10.35268456375837,0.43054182818790177,0.2575035040349637
qwq,actions,real,alpha0.25,-0.25,149,n_spans_counted,,16.93959731543624,16.395973154362416,-0.5436241610738255,-1.8791946308724832,0.7587248322147633,0.41249525726352954,0.6604353015651669
qwq,actions,real,alpha0.3,-0.3,149,density,initializing,0.8433833059815325,0.7957405006090463,-0.04764280537248611,-0.1380601040684549,0.042910905436495665,0.30318871025539523,0.584560544360039
qwq,actions,real,alpha0.3,-0.3,149,density,deduction,4.319483415406983,4.262493967272996,-0.056989448133987354,-0.29902216162526274,0.1899712868576033,0.6547503038112265,0.3276703134120962
qwq,actions,real,alpha0.3,-0.3,149,density,adding-knowledge,2.0286416872753024,2.1702176218063127,0.14157593453101028,-0.04457563328224924,0.32588205658724867,0.14991040918256857,0.1645127627252514
qwq,actions,real,alpha0.3,-0.3,149,density,example-testing,0.1594335346964224,0.15973687989011598,0.0003033451936935612,-0.07036428642654095,0.09303529650761504,0.9942258796004917,0.3673941103977557
qwq,actions,real,alpha0.3,-0.3,149,density,uncertainty-estimation,0.6811418438205122,0.6079895590951251,-0.07315228472538715,-0.20517950133117402,0.0574030239291974,0.25578033399122957,0.12098902281026454
qwq,actions,real,alpha0.3,-0.3,149,density,backtracking,0.2034565029439869,0.22531037266748574,0.02185386972349885,-0.04702545006579381,0.09089727266648485,0.540410621846244,0.48008538293253467
qwq,actions,real,alpha0.3,-0.3,149,coverage,initializing,0.14434456995918118,0.14299396428291278,-0.0013506056762684086,-0.012621951949053446,0.009726962670500345,0.8152538562473391,0.7394442573593902
qwq,actions,real,alpha0.3,-0.3,149,coverage,deduction,0.4833828665618694,0.4703067398462642,-0.013076126715605173,-0.0373482755745674,0.012459324531603125,0.3103997297279842,0.17034312807543472
qwq,actions,real,alpha0.3,-0.3,149,coverage,adding-knowledge,0.24973413548466458,0.27273029875647126,0.022996163271806758,-0.001045189478997369,0.04765281027535956,0.06600095178205308,0.07346703523053126
qwq,actions,real,alpha0.3,-0.3,149,coverage,example-testing,0.020802116681703446,0.022398779701526206,0.0015966630198227594,-0.007550912597699694,0.012142750867001997,0.7520934122000605,0.934987986845814
qwq,actions,real,alpha0.3,-0.3,149,coverage,uncertainty-estimation,0.07760878989683449,0.06392724319018629,-0.013681546706648201,-0.028104467988710125,0.0006103406031108311,0.060881858995550306,0.045652396521754755
qwq,actions,real,alpha0.3,-0.3,149,coverage,backtracking,0.024127521415746967,0.027642974222639234,0.0035154528068922644,-0.005409181336510327,0.012270647882558376,0.45216550360538604,0.3771274244306232
qwq,actions,real,alpha0.3,-0.3,149,any,initializing,1.0,1.0,0.0,0.0,0.0,,
qwq,actions,real,alpha0.3,-0.3,149,any,deduction,1.0,1.0,0.0,0.0,0.0,,
qwq,actions,real,alpha0.3,-0.3,149,any,adding-knowledge,1.0,0.9932885906040269,-0.006711409395973154,-0.020134228187919462,0.0,0.31894268036747375,
qwq,actions,real,alpha0.3,-0.3,149,any,example-testing,0.2348993288590604,0.22818791946308725,-0.006711409395973154,-0.09395973154362416,0.0738255033557047,0.8793956521861893,0.8787937179592977
qwq,actions,real,alpha0.3,-0.3,149,any,uncertainty-estimation,0.7449664429530202,0.6241610738255033,-0.12080536912751678,-0.2214765100671141,-0.020134228187919462,0.017591370473362004,0.018102455149462248
qwq,actions,real,alpha0.3,-0.3,149,any,backtracking,0.3624161073825503,0.38926174496644295,0.026845637583892617,-0.08053691275167785,0.14093959731543623,0.6292266502509762,0.6276258050283594
qwq,actions,real,alpha0.3,-0.3,149,density_testlex,initializing,0.0,0.00285591889190347,0.00285591889190347,0.0,0.00856775667571041,0.31894268036747386,
qwq,actions,real,alpha0.3,-0.3,149,density_testlex,deduction,0.2610738357671159,0.2248080472004519,-0.03626578856666396,-0.08496588858312659,0.01255883239768275,0.16564519227518565,0.15623549701118178
qwq,actions,real,alpha0.3,-0.3,149,density_testlex,adding-knowledge,0.002065049044914817,0.00154640769492469,-0.0005186413499901269,-0.006195147134744451,0.00463922308477407,0.8414552007802917,
qwq,actions,real,alpha0.3,-0.3,149,density_testlex,example-testing,0.009904572248803579,0.004660700969425801,-0.005243871279377778,-0.021176669193768646,0.009321401938851602,0.4875680130734907,
qwq,actions,real,alpha0.3,-0.3,149,density_testlex,uncertainty-estimation,0.08512495185304582,0.018064923735012135,-0.06706002811803369,-0.10488307396729055,-0.03223272251712169,0.0003976240651983601,0.00030640000477433205
qwq,actions,real,alpha0.3,-0.3,149,density_testlex,backtracking,0.006950268761684803,0.0026953451389450417,-0.004254923622739761,-0.015138290210804336,0.005390690277890083,0.44997987974992887,
qwq,actions,real,alpha0.3,-0.3,149,density_nontest,initializing,0.8433833059815325,0.7928845817171429,-0.05049872426438958,-0.14075327667159634,0.03873151762423327,0.2738936629888296,0.5298568601780103
qwq,actions,real,alpha0.3,-0.3,149,density_nontest,deduction,4.058409579639869,4.037685920072544,-0.020723659567323426,-0.26037058460224455,0.2236673429583302,0.8683244991263798,0.58716762732671
qwq,actions,real,alpha0.3,-0.3,149,density_nontest,adding-knowledge,2.0265766382303876,2.168671214111388,0.14209457588100038,-0.04304137670580763,0.3259106040577425,0.14695658485382943,0.16165454287228032
qwq,actions,real,alpha0.3,-0.3,149,density_nontest,example-testing,0.14952896244761885,0.15507617892069017,0.005547216473071329,-0.06494699586729001,0.09750203483014543,0.8934057386715425,0.4678815280822922
qwq,actions,real,alpha0.3,-0.3,149,density_nontest,uncertainty-estimation,0.5960168919674664,0.589924635360113,-0.0060922566073534625,-0.13604046139548517,0.1239094113493878,0.9252585694795691,0.6520610109806382
qwq,actions,real,alpha0.3,-0.3,149,density_nontest,backtracking,0.1965062341823021,0.2226150275285407,0.026108793346238612,-0.042579993799907886,0.09276145622309971,0.4587617802127573,0.39257704616323263
qwq,actions,real,alpha0.3,-0.3,149,words,,210.1208053691275,221.8724832214765,11.751677852348994,-12.800503355704699,40.24211409395973,0.40472677163245535,0.757196915069804
qwq,actions,real,alpha0.3,-0.3,149,n_spans_counted,,16.93959731543624,17.80536912751678,0.8657718120805369,-1.080536912751678,3.087751677852346,0.4319022513481994,0.8061350091143742
qwq,triggers,hypothetical,alpha0.05_aware,0.05,492,density,initializing,0.6159251153071216,0.634869342725022,0.018944227417900292,-0.028533403521682668,0.06758756902258517,0.4300558023234625,0.6977730989284516
qwq,triggers,hypothetical,alpha0.05_aware,0.05,492,density,deduction,3.788079526234468,3.7628142838384666,-0.025265242396001537,-0.15387874629962428,0.10114259802967544,0.6949847349567498,0.978760243176212
qwq,triggers,hypothetical,alpha0.05_aware,0.05,492,density,adding-knowledge,1.697452729957447,1.5526515228390336,-0.14480120711841335,-0.23647236286675158,-0.05134192019651609,0.0023000278078875135,0.003094795144750952
qwq,triggers,hypothetical,alpha0.05_aware,0.05,492,density,example-testing,0.40260051659222423,0.39217766017097766,-0.01042285642124662,-0.07186752045045171,0.051675106143955804,0.7366347234005236,0.8385720908632787
qwq,triggers,hypothetical,alpha0.05_aware,0.05,492,density,uncertainty-estimation,0.7552374033792346,0.857350013886501,0.10211261050726633,0.04227045359305099,0.15803777750744935,0.00047462971131819994,0.00011454888907685843
qwq,triggers,hypothetical,alpha0.05_aware,0.05,492,density,backtracking,0.18581427979945944,0.2058813069152641,0.02006702711580469,-0.017391004777686164,0.06042431386935046,0.31098169661767355,0.4340614957871478
qwq,triggers,hypothetical,alpha0.05_aware,0.05,492,coverage,initializing,0.13082048713576316,0.13110923591421253,0.0002887487784493864,-0.006469555856402006,0.006915454176591267,0.9316428179652535,0.8621131074512262
qwq,triggers,hypothetical,alpha0.05_aware,0.05,492,coverage,deduction,0.4725140423098295,0.4763262790161733,0.0038122367063437874,-0.011512372818621967,0.018068914273635585,0.6123435541163567,0.5148409988234819
qwq,triggers,hypothetical,alpha0.05_aware,0.05,492,coverage,adding-knowledge,0.225186604347805,0.20711865667538315,-0.018067947672421796,-0.029753950152126448,-0.006155671669236323,0.003484988966595164,0.0068412072421143826
qwq,triggers,hypothetical,alpha0.05_aware,0.05,492,coverage,example-testing,0.05633416058894707,0.054735466185621216,-0.0015986944033258563,-0.009185183843444574,0.00633013441035568,0.6694901025543202,0.8592542847848623
qwq,triggers,hypothetical,alpha0.05_aware,0.05,492,coverage,uncertainty-estimation,0.09035235374162001,0.10554987891681954,0.015197525175199528,0.007540955062259721,0.022605735692410013,6.887592095407062e-05,1.5321463006758172e-05
qwq,triggers,hypothetical,alpha0.05_aware,0.05,492,coverage,backtracking,0.024792351876035276,0.025160483291790228,0.00036813141575495065,-0.004019357012650142,0.0048586249273825715,0.8723070146593345,0.7840153175697946
qwq,triggers,hypothetical,alpha0.05_aware,0.05,492,any,initializing,1.0,1.0,0.0,0.0,0.0,,
qwq,triggers,hypothetical,alpha0.05_aware,0.05,492,any,deduction,1.0,1.0,0.0,0.0,0.0,,
qwq,triggers,hypothetical,alpha0.05_aware,0.05,492,any,adding-knowledge,0.9898373983739838,0.9939024390243902,0.0040650406504065045,-0.006097560975609756,0.014278455284552568,0.48005895680684046,0.7265625
qwq,triggers,hypothetical,alpha0.05_aware,0.05,492,any,example-testing,0.47560975609756095,0.47764227642276424,0.0020325203252032522,-0.04878048780487805,0.054878048780487805,0.936885914486537,0.9367899032803851
qwq,triggers,hypothetical,alpha0.05_aware,0.05,492,any,uncertainty-estimation,0.9227642276422764,0.9573170731707317,0.034552845528455285,0.008130081300813009,0.06300813008130081,0.017138016816512128,0.017290280592906253
qwq,triggers,hypothetical,alpha0.05_aware,0.05,492,any,backtracking,0.4166666666666667,0.4410569105691057,0.024390243902439025,-0.034552845528455285,0.07931910569105663,0.39669189245135456,0.3961439091520742
qwq,triggers,hypothetical,alpha0.05_aware,0.05,492,density_testlex,initializing,0.0010012415395089912,0.0012418592096795087,0.00024061767017051754,-0.002623102834781046,0.0028643402031049447,0.8612355587593976,
qwq,triggers,hypothetical,alpha0.05_aware,0.05,492,density_testlex,deduction,0.08962725256971261,0.17897144031259993,0.0893441877428873,0.06451469373225847,0.11509964137308158,1.5750240352700398e-11,2.7225194627322174e-11
qwq,triggers,hypothetical,alpha0.05_aware,0.05,492,density_testlex,adding-knowledge,0.019229967870658015,0.038951871642292274,0.019721903771634255,0.0080846930531665,0.03125737122698539,0.0008798283651394445,0.0021450350409693867
qwq,triggers,hypothetical,alpha0.05_aware,0.05,492,density_testlex,example-testing,0.00814051079133379,0.012232943533264857,0.004092432741931069,-0.003567032407749433,0.012837199208481758,0.32888499210288974,0.5206828033551574
qwq,triggers,hypothetical,alpha0.05_aware,0.05,492,density_testlex,uncertainty-estimation,0.08597535081431504,0.20342077663374544,0.11744542581943038,0.09205936158829903,0.14241492264354888,2.3719117036824102e-17,5.1743262457592645e-17
qwq,triggers,hypothetical,alpha0.05_aware,0.05,492,density_testlex,backtracking,0.0020797894174008767,0.015713118768771413,0.013633329351370536,0.0072637680978979505,0.019998773955866148,4.5761706301465364e-05,0.00014742912744410017
qwq,triggers,hypothetical,alpha0.05_aware,0.05,492,density_nontest,initializing,0.6149238737676126,0.6336274835153425,0.01870360974772977,-0.028257991586880145,0.06659716017630107,0.43447165381228514,0.6830118244993222
qwq,triggers,hypothetical,alpha0.05_aware,0.05,492,density_nontest,deduction,3.698452273664756,3.583842843525867,-0.11460943013888887,-0.24110758656713724,0.011175401236061875,0.07590609332879239,0.16545895465004745
qwq,triggers,hypothetical,alpha0.05_aware,0.05,492,density_nontest,adding-knowledge,1.6782227620867889,1.5136996511967415,-0.1645231108900476,-0.25662878445128673,-0.07248463150279046,0.0005482381350380386,0.0005980766538505045
qwq,triggers,hypothetical,alpha0.05_aware,0.05,492,density_nontest,example-testing,0.39446000580089047,0.37994471663771284,-0.014515289163177687,-0.07520341812882601,0.044908845172022795,0.6368918315762144,0.9971530727314928
qwq,triggers,hypothetical,alpha0.05_aware,0.05,492,density_nontest,uncertainty-estimation,0.6692620525649197,0.6539292372527554,-0.015332815312164056,-0.06803718308699494,0.03679581288154858,0.5662241091774043,0.8666632150790543
qwq,triggers,hypothetical,alpha0.05_aware,0.05,492,density_nontest,backtracking,0.18373449038205855,0.1901681881464927,0.0064336977644341535,-0.03029494854899331,0.04550131570401477,0.7415767820179148,0.9177843225660817
qwq,triggers,hypothetical,alpha0.05_aware,0.05,492,words,,408.6219512195122,409.1361788617886,0.5142276422764228,-14.00558943089431,15.566260162601585,0.9475441902494416,0.6696419713603915
qwq,triggers,hypothetical,alpha0.05_aware,0.05,492,n_spans_counted,,29.752032520325205,29.473577235772357,-0.2784552845528455,-1.4817581300813008,0.9167682926829263,0.6601514330548179,0.5330295458731574
qwq,triggers,hypothetical,alpha0.25,-0.25,127,density,initializing,0.632903173770397,0.5987615609094457,-0.03414161286095137,-0.12712743861378883,0.04745999297964632,0.45230859042064964,0.33460519428688185
qwq,triggers,hypothetical,alpha0.25,-0.25,127,density,deduction,3.906680590528818,3.7531625147750174,-0.15351807575380044,-0.4010518276774155,0.08988747936709504,0.2337187472536992,0.09462874079261685
qwq,triggers,hypothetical,alpha0.25,-0.25,127,density,adding-knowledge,1.7304365319636186,1.9657933250038546,0.23535679304023532,0.054631862051559926,0.4310869770478724,0.018699021043370546,0.04012359539217047
qwq,triggers,hypothetical,alpha0.25,-0.25,127,density,example-testing,0.3076350747274984,0.2625214599404309,-0.045113614787067505,-0.129256271311562,0.03589954536953422,0.30973020265456547,0.537597667322752
qwq,triggers,hypothetical,alpha0.25,-0.25,127,density,uncertainty-estimation,0.8053877286868414,0.6664726346204062,-0.13891509406643518,-0.2534631450597689,-0.019693407391102362,0.0228669311374952,0.023326270944973512
qwq,triggers,hypothetical,alpha0.25,-0.25,127,density,backtracking,0.19987190132728375,0.2120574043677212,0.012185503040437428,-0.05850000049276738,0.08482722451548623,0.7409933045942005,0.9444075368996643
qwq,triggers,hypothetical,alpha0.25,-0.25,127,coverage,initializing,0.1338949390321736,0.1273596234945542,-0.006535315537619392,-0.020039467340498076,0.0064006210780860025,0.3485013074446025,0.30876565299225356
qwq,triggers,hypothetical,alpha0.25,-0.25,127,coverage,deduction,0.4773627320463577,0.46522830593965553,-0.012134426106702198,-0.04551693295213355,0.01982700647611063,0.46250038661024545,0.19382764550713127
qwq,triggers,hypothetical,alpha0.25,-0.25,127,coverage,adding-knowledge,0.2247695034313545,0.26268178094073086,0.037912277509376355,0.013678725346933783,0.06285674608630665,0.004407253145695783,0.0071944579871401374
qwq,triggers,hypothetical,alpha0.25,-0.25,127,coverage,example-testing,0.04630604706661007,0.04054700848775847,-0.005759038578851594,-0.019008829183064537,0.007211022048325719,0.4091056563100254,0.4264296414740121
qwq,triggers,hypothetical,alpha0.25,-0.25,127,coverage,uncertainty-estimation,0.09181231749849107,0.07848816952351892,-0.013324147974972148,-0.02806896454880684,0.0012695103788303301,0.07120251063800938,0.10469668888808233
qwq,triggers,hypothetical,alpha0.25,-0.25,127,coverage,backtracking,0.025854460925013003,0.025695111613781966,-0.00015934931123102837,-0.0094037676923673,0.00933000090130243,0.9738726162365671,0.9582913269293909
qwq,triggers,hypothetical,alpha0.25,-0.25,127,any,initializing,1.0,1.0,0.0,0.0,0.0,,
qwq,triggers,hypothetical,alpha0.25,-0.25,127,any,deduction,1.0,1.0,0.0,0.0,0.0,,
qwq,triggers,hypothetical,alpha0.25,-0.25,127,any,adding-knowledge,0.9921259842519685,1.0,0.007874015748031496,0.0,0.023622047244094488,0.31922709508590524,
qwq,triggers,hypothetical,alpha0.25,-0.25,127,any,example-testing,0.3543307086614173,0.3700787401574803,0.015748031496062992,-0.07874015748031496,0.11023622047244094,0.7532036413841833,0.7518296340458492
qwq,triggers,hypothetical,alpha0.25,-0.25,127,any,uncertainty-estimation,0.905511811023622,0.905511811023622,0.0,-0.07086614173228346,0.07086614173228346,1.0,1.0
qwq,triggers,hypothetical,alpha0.25,-0.25,127,any,backtracking,0.3937007874015748,0.41732283464566927,0.023622047244094488,-0.07874015748031496,0.14173228346456693,0.6819675890604107,0.6802795473344503
qwq,triggers,hypothetical,alpha0.25,-0.25,127,density_testlex,initializing,0.0,0.0,0.0,0.0,0.0,,
qwq,triggers,hypothetical,alpha0.25,-0.25,127,density_testlex,deduction,0.08676129502128758,0.08675141941106278,-9.875610224801533e-06,-0.036560501824285725,0.037121133638707185,0.99958530845401,0.574901594198991
qwq,triggers,hypothetical,alpha0.25,-0.25,127,density_testlex,adding-knowledge,0.016690425506175714,0.016164465965512395,-0.0005259595406633152,-0.01682916006667652,0.015916435820336337,0.9523125093744453,1.0
qwq,triggers,hypothetical,alpha0.25,-0.25,127,density_testlex,example-testing,0.005690009438794624,0.0,-0.005690009438794624,-0.013549169221399577,0.0,0.09809976826063076,
qwq,triggers,hypothetical,alpha0.25,-0.25,127,density_testlex,uncertainty-estimation,0.12324725147451886,0.020471328542895406,-0.10277592293162345,-0.14640399492308578,-0.06119763307318802,6.837926532906756e-06,1.2848263899749414e-05
qwq,triggers,hypothetical,alpha0.25,-0.25,127,density_testlex,backtracking,0.002927143400755203,0.0,-0.002927143400755203,-0.008781430202265609,0.0,0.3192270950859054,
qwq,triggers,hypothetical,alpha0.25,-0.25,127,density_nontest,initializing,0.632903173770397,0.5987615609094457,-0.03414161286095137,-0.12712743861378883,0.04745999297964632,0.45230859042064964,0.33460519428688185
qwq,triggers,hypothetical,alpha0.25,-0.25,127,density_nontest,deduction,3.81991929550753,3.6664110953639546,-0.15350820014357563,-0.40075020737281636,0.09070467950283119,0.23626750445481623,0.08900159676326039
qwq,triggers,hypothetical,alpha0.25,-0.25,127,density_nontest,adding-knowledge,1.713746106457443,1.9496288590383422,0.23588275258089864,0.05607513531496685,0.42816682995200966,0.017843128534455865,0.03806724882371894
qwq,triggers,hypothetical,alpha0.25,-0.25,127,density_nontest,example-testing,0.3019450652887038,0.2625214599404309,-0.03942360534827288,-0.1212788289437522,0.04335012002145733,0.3710525735956792,0.626362707323042
qwq,triggers,hypothetical,alpha0.25,-0.25,127,density_nontest,uncertainty-estimation,0.6821404772123227,0.6460013060775109,-0.03613917113481178,-0.14996615366361096,0.07584481499014777,0.5386898275062515,0.41927011297510886
qwq,triggers,hypothetical,alpha0.25,-0.25,127,density_nontest,backtracking,0.19694475792652855,0.2120574043677212,0.01511264644119263,-0.056264730815907396,0.08839367547176841,0.6834125265084955,0.8772904127895234
qwq,triggers,hypothetical,alpha0.25,-0.25,127,words,,362.1496062992126,367.1023622047244,4.952755905511811,-25.173818897637794,35.529133858267706,0.7544090297934253,0.6931222691704568
qwq,triggers,hypothetical,alpha0.25,-0.25,127,n_spans_counted,,26.68503937007874,26.700787401574804,0.015748031496062992,-2.039763779527559,2.2283464566929134,0.9884266369704409,0.9949621184045879
